ISO-10303-21;
HEADER;
FILE_DESCRIPTION(('STEP AP214'),'1');
FILE_NAME('12x6_ClarkY-1_Blade_LE_at_the_mid_face_little_modification.stp','2024-12-01T17:13:56',(' '),(' '),'Spatial InterOp 3D',' ',' ');
FILE_SCHEMA(('AUTOMOTIVE_DESIGN { 1 0 10303 214 1 1 1 1 }'));
ENDSEC;
DATA;
#1=MECHANICAL_DESIGN_GEOMETRIC_PRESENTATION_REPRESENTATION(' ',(#10,#11,#12,#13,#14,#15,#16,#17,#18,#19,#20,#21,#22,#23,#24,#25,#26,#27,#28,#29,#30,#31,#32,#33,#34,#35,#36),#6);
#2=PRODUCT_DEFINITION_CONTEXT('',#37,'design');
#3=APPLICATION_PROTOCOL_DEFINITION('INTERNATIONAL STANDARD','automotive_design',1994,#37);
#4=PRODUCT_CATEGORY_RELATIONSHIP('NONE','NONE',#38,#39);
#5=SHAPE_DEFINITION_REPRESENTATION(#40,#41);
#6= (GEOMETRIC_REPRESENTATION_CONTEXT(3)GLOBAL_UNCERTAINTY_ASSIGNED_CONTEXT((#44))GLOBAL_UNIT_ASSIGNED_CONTEXT((#46,#47,#48))REPRESENTATION_CONTEXT('NONE','WORKSPACE'));
#10=STYLED_ITEM('',(#50),#51);
#11=STYLED_ITEM('',(#52),#53);
#12=STYLED_ITEM('',(#54),#55);
#13=STYLED_ITEM('',(#56),#57);
#14=STYLED_ITEM('',(#58),#59);
#15=STYLED_ITEM('',(#60),#61);
#16=STYLED_ITEM('',(#62),#63);
#17=STYLED_ITEM('',(#64),#65);
#18=STYLED_ITEM('',(#66),#67);
#19=STYLED_ITEM('',(#68),#69);
#20=STYLED_ITEM('',(#70),#71);
#21=STYLED_ITEM('',(#72),#73);
#22=STYLED_ITEM('',(#74),#75);
#23=STYLED_ITEM('',(#76),#77);
#24=STYLED_ITEM('',(#78),#79);
#25=STYLED_ITEM('',(#80),#81);
#26=STYLED_ITEM('',(#82),#83);
#27=STYLED_ITEM('',(#84),#85);
#28=STYLED_ITEM('',(#86),#87);
#29=STYLED_ITEM('',(#88),#89);
#30=STYLED_ITEM('',(#90),#91);
#31=STYLED_ITEM('',(#92),#93);
#32=STYLED_ITEM('',(#94),#95);
#33=STYLED_ITEM('',(#96),#97);
#34=STYLED_ITEM('',(#98),#99);
#35=STYLED_ITEM('',(#100),#101);
#36=STYLED_ITEM('',(#102),#103);
#37=APPLICATION_CONTEXT(' ');
#38=PRODUCT_CATEGORY('part','NONE');
#39=PRODUCT_RELATED_PRODUCT_CATEGORY('detail',' ',(#104));
#40=PRODUCT_DEFINITION_SHAPE('NONE','NONE',#105);
#41=ADVANCED_BREP_SHAPE_REPRESENTATION('1_Blade 12x6',(#103,#106),#6);
#44=UNCERTAINTY_MEASURE_WITH_UNIT(LENGTH_MEASURE(1.0E-008),#46,'','');
#46= (CONVERSION_BASED_UNIT('METRE',#109)LENGTH_UNIT()NAMED_UNIT(#112));
#47= (NAMED_UNIT(#114)PLANE_ANGLE_UNIT()SI_UNIT($,.RADIAN.));
#48= (NAMED_UNIT(#114)SOLID_ANGLE_UNIT()SI_UNIT($,.STERADIAN.));
#50=PRESENTATION_STYLE_ASSIGNMENT((#120));
#51=ADVANCED_FACE('',(#121),#122,.F.);
#52=PRESENTATION_STYLE_ASSIGNMENT((#123));
#53=ADVANCED_FACE('2:704',(#124),#125,.T.);
#54=PRESENTATION_STYLE_ASSIGNMENT((#126));
#55=ADVANCED_FACE('2:258',(#127),#128,.T.);
#56=PRESENTATION_STYLE_ASSIGNMENT((#129));
#57=ADVANCED_FACE('0:2741',(#130),#131,.F.);
#58=PRESENTATION_STYLE_ASSIGNMENT((#132));
#59=ADVANCED_FACE('0:2801',(#133),#134,.T.);
#60=PRESENTATION_STYLE_ASSIGNMENT((#135));
#61=ADVANCED_FACE('0:2791',(#136),#137,.T.);
#62=PRESENTATION_STYLE_ASSIGNMENT((#138));
#63=ADVANCED_FACE('0:2771',(#139),#140,.T.);
#64=PRESENTATION_STYLE_ASSIGNMENT((#141));
#65=ADVANCED_FACE('0:2751',(#142),#143,.T.);
#66=PRESENTATION_STYLE_ASSIGNMENT((#144));
#67=ADVANCED_FACE('0:1321',(#145),#146,.T.);
#68=PRESENTATION_STYLE_ASSIGNMENT((#147));
#69=ADVANCED_FACE('0:240',(#148),#149,.T.);
#70=PRESENTATION_STYLE_ASSIGNMENT((#150));
#71=ADVANCED_FACE('0:222',(#151),#152,.T.);
#72=PRESENTATION_STYLE_ASSIGNMENT((#153));
#73=ADVANCED_FACE('0:2758',(#154),#155,.T.);
#74=PRESENTATION_STYLE_ASSIGNMENT((#156));
#75=ADVANCED_FACE('0:1475',(#157),#158,.T.);
#76=PRESENTATION_STYLE_ASSIGNMENT((#159));
#77=ADVANCED_FACE('0:1495',(#160),#161,.T.);
#78=PRESENTATION_STYLE_ASSIGNMENT((#162));
#79=ADVANCED_FACE('0:1465',(#163),#164,.T.);
#80=PRESENTATION_STYLE_ASSIGNMENT((#165));
#81=ADVANCED_FACE('0:96',(#166),#167,.T.);
#82=PRESENTATION_STYLE_ASSIGNMENT((#168));
#83=ADVANCED_FACE('0:93',(#169),#170,.T.);
#84=PRESENTATION_STYLE_ASSIGNMENT((#171));
#85=ADVANCED_FACE('0:90',(#172),#173,.T.);
#86=PRESENTATION_STYLE_ASSIGNMENT((#174));
#87=ADVANCED_FACE('0:87',(#175),#176,.T.);
#88=PRESENTATION_STYLE_ASSIGNMENT((#177));
#89=ADVANCED_FACE('0:84',(#178),#179,.T.);
#90=PRESENTATION_STYLE_ASSIGNMENT((#180));
#91=ADVANCED_FACE('0:81',(#181),#182,.T.);
#92=PRESENTATION_STYLE_ASSIGNMENT((#183));
#93=ADVANCED_FACE('2:255',(#184),#185,.T.);
#94=PRESENTATION_STYLE_ASSIGNMENT((#186));
#95=ADVANCED_FACE('0:2778',(#187),#188,.T.);
#96=PRESENTATION_STYLE_ASSIGNMENT((#189));
#97=ADVANCED_FACE('2:210',(#190),#191,.T.);
#98=PRESENTATION_STYLE_ASSIGNMENT((#192));
#99=ADVANCED_FACE('0:2808',(#193),#194,.F.);
#100=PRESENTATION_STYLE_ASSIGNMENT((#195));
#101=ADVANCED_FACE('2:292',(#196),#197,.T.);
#102=PRESENTATION_STYLE_ASSIGNMENT((#198));
#103=MANIFOLD_SOLID_BREP('1_Blade 12x6',#199);
#104=PRODUCT('1_Blade 12x6','','PART--DESC',(#200));
#105=PRODUCT_DEFINITION('','NONE',#201,#2);
#106=AXIS2_PLACEMENT_3D('',#202,#203,#204);
#109=LENGTH_MEASURE_WITH_UNIT(LENGTH_MEASURE(1.0),#205);
#112=DIMENSIONAL_EXPONENTS(1.0,0.0,0.0,0.0,0.0,0.0,0.0);
#114=DIMENSIONAL_EXPONENTS(0.0,0.0,0.0,0.0,0.0,0.0,0.0);
#120=SURFACE_STYLE_USAGE(.BOTH.,#206);
#121=FACE_OUTER_BOUND('',#207,.T.);
#122=CYLINDRICAL_SURFACE('',#208,0.003);
#123=SURFACE_STYLE_USAGE(.BOTH.,#209);
#124=FACE_OUTER_BOUND('',#210,.T.);
#125=B_SPLINE_SURFACE_WITH_KNOTS('',3,3,((#211,#212,#213,#214,#215,#216,#217,#218,#219,#220,#221,#222,#223,#224,#225,#226,#227,#228,#229,#230,#231,#232,#233,#234,#235,#236),(#237,#238,#239,#240,#241,#242,#243,#244,#245,#246,#247,#248,#249,#250,#251,#252,#253,#254,#255,#256,#257,#258,#259,#260,#261,#262),(#263,#264,#265,#266,#267,#268,#269,#270,#271,#272,#273,#274,#275,#276,#277,#278,#279,#280,#281,#282,#283,#284,#285,#286,#287,#288),(#289,#290,#291,#292,#293,#294,#295,#296,#297,#298,#299,#300,#301,#302,#303,#304,#305,#306,#307,#308,#309,#310,#311,#312,#313,#314),(#315,#316,#317,#318,#319,#320,#321,#322,#323,#324,#325,#326,#327,#328,#329,#330,#331,#332,#333,#334,#335,#336,#337,#338,#339,#340),(#341,#342,#343,#344,#345,#346,#347,#348,#349,#350,#351,#352,#353,#354,#355,#356,#357,#358,#359,#360,#361,#362,#363,#364,#365,#366),(#367,#368,#369,#370,#371,#372,#373,#374,#375,#376,#377,#378,#379,#380,#381,#382,#383,#384,#385,#386,#387,#388,#389,#390,#391,#392),(#393,#394,#395,#396,#397,#398,#399,#400,#401,#402,#403,#404,#405,#406,#407,#408,#409,#410,#411,#412,#413,#414,#415,#416,#417,#418),(#419,#420,#421,#422,#423,#424,#425,#426,#427,#428,#429,#430,#431,#432,#433,#434,#435,#436,#437,#438,#439,#440,#441,#442,#443,#444),(#445,#446,#447,#448,#449,#450,#451,#452,#453,#454,#455,#456,#457,#458,#459,#460,#461,#462,#463,#464,#465,#466,#467,#468,#469,#470),(#471,#472,#473,#474,#475,#476,#477,#478,#479,#480,#481,#482,#483,#484,#485,#486,#487,#488,#489,#490,#491,#492,#493,#494,#495,#496),(#497,#498,#499,#500,#501,#502,#503,#504,#505,#506,#507,#508,#509,#510,#511,#512,#513,#514,#515,#516,#517,#518,#519,#520,#521,#522),(#523,#524,#525,#526,#527,#528,#529,#530,#531,#532,#533,#534,#535,#536,#537,#538,#539,#540,#541,#542,#543,#544,#545,#546,#547,#548),(#549,#550,#551,#552,#553,#554,#555,#556,#557,#558,#559,#560,#561,#562,#563,#564,#565,#566,#567,#568,#569,#570,#571,#572,#573,#574),(#575,#576,#577,#578,#579,#580,#581,#582,#583,#584,#585,#586,#587,#588,#589,#590,#591,#592,#593,#594,#595,#596,#597,#598,#599,#600),(#601,#602,#603,#604,#605,#606,#607,#608,#609,#610,#611,#612,#613,#614,#615,#616,#617,#618,#619,#620,#621,#622,#623,#624,#625,#626),(#627,#628,#629,#630,#631,#632,#633,#634,#635,#636,#637,#638,#639,#640,#641,#642,#643,#644,#645,#646,#647,#648,#649,#650,#651,#652),(#653,#654,#655,#656,#657,#658,#659,#660,#661,#662,#663,#664,#665,#666,#667,#668,#669,#670,#671,#672,#673,#674,#675,#676,#677,#678),(#679,#680,#681,#682,#683,#684,#685,#686,#687,#688,#689,#690,#691,#692,#693,#694,#695,#696,#697,#698,#699,#700,#701,#702,#703,#704),(#705,#706,#707,#708,#709,#710,#711,#712,#713,#714,#715,#716,#717,#718,#719,#720,#721,#722,#723,#724,#725,#726,#727,#728,#729,#730)),.UNSPECIFIED.,.F.,.F.,.F.,(4,1,1,1,1,1,1,1,1,1,1,1,1,1,1,1,1,4),(4,1,1,1,1,1,1,1,1,1,1,1,1,1,1,1,1,1,1,1,1,1,1,4),(0.0136315117969444,0.033207093681473,0.0471509299892553,0.0610947662970376,0.080394178839592,0.0888134199566873,0.0972326610737825,0.0982850662134194,0.0993374713530563,0.100389876492693,0.100916079062512,0.10144228163233,0.105651902190878,0.114071143307973,0.123914641363792,0.133758139419611,0.153445135531248,0.160569418023766),(0.0835566514494594,0.0931948459810578,0.299082513486293,0.504970180991528,0.607914014744145,0.659385931620454,0.665819921229993,0.667428418632377,0.669036916034762,0.670645413437147,0.672253910839531,0.6754709056443,0.67868790044907,0.685121890058608,0.710857848496763,0.717291838106301,0.72372582771584,0.736593806934917,0.762329765373072,0.81380168224938,0.865273599125689,0.891009557563843,0.916745516001998,0.916748096389229),.UNSPECIFIED.);
#126=SURFACE_STYLE_USAGE(.BOTH.,#731);
#127=FACE_OUTER_BOUND('',#732,.T.);
#128=B_SPLINE_SURFACE_WITH_KNOTS('',5,3,((#733,#734,#735,#736,#737,#738,#739,#740,#741,#742),(#743,#744,#745,#746,#747,#748,#749,#750,#751,#752),(#753,#754,#755,#756,#757,#758,#759,#760,#761,#762),(#763,#764,#765,#766,#767,#768,#769,#770,#771,#772),(#773,#774,#775,#776,#777,#778,#779,#780,#781,#782),(#783,#784,#785,#786,#787,#788,#789,#790,#791,#792)),.UNSPECIFIED.,.F.,.F.,.F.,(6,6),(4,1,1,2,2,4),(14.7168129879013,20.7112650815064),(41.0748354030608,41.823122781053,43.9129335669,47.1580980806213,49.8255857304054,52.4930733801896),.UNSPECIFIED.);
#129=SURFACE_STYLE_USAGE(.BOTH.,#793);
#130=FACE_OUTER_BOUND('',#794,.T.);
#131=PLANE('',#795);
#132=SURFACE_STYLE_USAGE(.BOTH.,#796);
#133=FACE_OUTER_BOUND('',#797,.T.);
#134=PLANE('',#798);
#135=SURFACE_STYLE_USAGE(.BOTH.,#799);
#136=FACE_OUTER_BOUND('',#800,.T.);
#137=B_SPLINE_SURFACE_WITH_KNOTS('',5,3,((#801,#802,#803,#804),(#805,#806,#807,#808),(#809,#810,#811,#812),(#813,#814,#815,#816),(#817,#818,#819,#820),(#821,#822,#823,#824)),.UNSPECIFIED.,.F.,.F.,.F.,(6,6),(4,4),(14.7168129879013,20.7112650815064),(24.4401440699926,25.1046364942775),.UNSPECIFIED.);
#138=SURFACE_STYLE_USAGE(.BOTH.,#825);
#139=FACE_OUTER_BOUND('',#826,.T.);
#140=B_SPLINE_SURFACE_WITH_KNOTS('',5,7,((#827,#828,#829,#830,#831,#832,#833,#834),(#835,#836,#837,#838,#839,#840,#841,#842),(#843,#844,#845,#846,#847,#848,#849,#850),(#851,#852,#853,#854,#855,#856,#857,#858),(#859,#860,#861,#862,#863,#864,#865,#866),(#867,#868,#869,#870,#871,#872,#873,#874)),.UNSPECIFIED.,.F.,.F.,.F.,(6,6),(8,8),(0.0,20.620819028657),(27.125528175986,50.0194024873951),.UNSPECIFIED.);
#141=SURFACE_STYLE_USAGE(.BOTH.,#875);
#142=FACE_OUTER_BOUND('',#876,.T.);
#143=B_SPLINE_SURFACE_WITH_KNOTS('',3,3,((#877,#878,#879,#880,#881,#882,#883,#884,#885,#886,#887,#888),(#889,#890,#891,#892,#893,#894,#895,#896,#897,#898,#899,#900),(#901,#902,#903,#904,#905,#906,#907,#908,#909,#910,#911,#912),(#913,#914,#915,#916,#917,#918,#919,#920,#921,#922,#923,#924),(#925,#926,#927,#928,#929,#930,#931,#932,#933,#934,#935,#936)),.UNSPECIFIED.,.F.,.F.,.F.,(4,1,4),(4,2,2,2,2,4),(0.0,1.0,2.0),(15.3045312160161,15.706867203743,17.351222767742,20.63993389574,23.928645023738,27.2173561517359),.UNSPECIFIED.);
#144=SURFACE_STYLE_USAGE(.BOTH.,#937);
#145=FACE_OUTER_BOUND('',#938,.T.);
#146=PLANE('',#939);
#147=SURFACE_STYLE_USAGE(.BOTH.,#940);
#148=FACE_OUTER_BOUND('',#941,.T.);
#149=B_SPLINE_SURFACE_WITH_KNOTS('',3,3,((#942,#943,#944,#945,#946,#947,#948,#949,#950,#951,#952,#953),(#954,#955,#956,#957,#958,#959,#960,#961,#962,#963,#964,#965),(#966,#967,#968,#969,#970,#971,#972,#973,#974,#975,#976,#977),(#978,#979,#980,#981,#982,#983,#984,#985,#986,#987,#988,#989),(#990,#991,#992,#993,#994,#995,#996,#997,#998,#999,#1000,#1001)),.UNSPECIFIED.,.F.,.F.,.F.,(4,1,4),(4,2,2,2,2,4),(0.0,1.0,2.0),(0.0,1.75781395496801,3.51562790993601,7.03125581987202,10.546883729808,14.062511639744),.UNSPECIFIED.);
#150=SURFACE_STYLE_USAGE(.BOTH.,#1002);
#151=FACE_OUTER_BOUND('',#1003,.T.);
#152=B_SPLINE_SURFACE_WITH_KNOTS('',7,3,((#1004,#1005,#1006,#1007),(#1008,#1009,#1010,#1011),(#1012,#1013,#1014,#1015),(#1016,#1017,#1018,#1019),(#1020,#1021,#1022,#1023),(#1024,#1025,#1026,#1027),(#1028,#1029,#1030,#1031),(#1032,#1033,#1034,#1035)),.UNSPECIFIED.,.F.,.F.,.F.,(8,8),(4,4),(-50.0194024873951,-40.9428877792328),(0.0,1.90845375429765),.UNSPECIFIED.);
#153=SURFACE_STYLE_USAGE(.BOTH.,#1036);
#154=FACE_OUTER_BOUND('',#1037,.T.);
#155=B_SPLINE_SURFACE_WITH_KNOTS('',5,5,((#1038,#1039,#1040,#1041,#1042,#1043),(#1044,#1045,#1046,#1047,#1048,#1049),(#1050,#1051,#1052,#1053,#1054,#1055),(#1056,#1057,#1058,#1059,#1060,#1061),(#1062,#1063,#1064,#1065,#1066,#1067),(#1068,#1069,#1070,#1071,#1072,#1073)),.UNSPECIFIED.,.F.,.F.,.F.,(6,6),(6,6),(0.0,9.49708520975989),(0.0,14.2783546723978),.UNSPECIFIED.);
#156=SURFACE_STYLE_USAGE(.BOTH.,#1074);
#157=FACE_OUTER_BOUND('',#1075,.T.);
#158=B_SPLINE_SURFACE_WITH_KNOTS('',3,3,((#1076,#1077,#1078,#1079,#1080,#1081),(#1082,#1083,#1084,#1085,#1086,#1087),(#1088,#1089,#1090,#1091,#1092,#1093),(#1094,#1095,#1096,#1097,#1098,#1099),(#1100,#1101,#1102,#1103,#1104,#1105)),.UNSPECIFIED.,.F.,.F.,.F.,(4,1,4),(4,2,4),(0.0,1.0,2.0),(14.062511639744,15.706867203743,15.759011149204),.UNSPECIFIED.);
#159=SURFACE_STYLE_USAGE(.BOTH.,#1106);
#160=FACE_OUTER_BOUND('',#1107,.T.);
#161=B_SPLINE_SURFACE_WITH_KNOTS('',5,7,((#1108,#1109,#1110,#1111,#1112,#1113,#1114,#1115),(#1116,#1117,#1118,#1119,#1120,#1121,#1122,#1123),(#1124,#1125,#1126,#1127,#1128,#1129,#1130,#1131),(#1132,#1133,#1134,#1135,#1136,#1137,#1138,#1139),(#1140,#1141,#1142,#1143,#1144,#1145,#1146,#1147),(#1148,#1149,#1150,#1151,#1152,#1153,#1154,#1155)),.UNSPECIFIED.,.F.,.F.,.F.,(6,6),(8,8),(0.0,20.620819028657),(0.0,30.5785494354761),.UNSPECIFIED.);
#162=SURFACE_STYLE_USAGE(.BOTH.,#1156);
#163=FACE_OUTER_BOUND('',#1157,.T.);
#164=B_SPLINE_SURFACE_WITH_KNOTS('',5,5,((#1158,#1159,#1160,#1161,#1162,#1163),(#1164,#1165,#1166,#1167,#1168,#1169),(#1170,#1171,#1172,#1173,#1174,#1175),(#1176,#1177,#1178,#1179,#1180,#1181),(#1182,#1183,#1184,#1185,#1186,#1187),(#1188,#1189,#1190,#1191,#1192,#1193)),.UNSPECIFIED.,.F.,.F.,.F.,(6,6),(6,6),(0.0,2.00366000688434),(0.0,1.06148881671877),.UNSPECIFIED.);
#165=SURFACE_STYLE_USAGE(.BOTH.,#1194);
#166=FACE_OUTER_BOUND('',#1195,.T.);
#167=B_SPLINE_SURFACE_WITH_KNOTS('',3,3,((#1196,#1197,#1198,#1199,#1200,#1201,#1202,#1203,#1204,#1205),(#1206,#1207,#1208,#1209,#1210,#1211,#1212,#1213,#1214,#1215),(#1216,#1217,#1218,#1219,#1220,#1221,#1222,#1223,#1224,#1225),(#1226,#1227,#1228,#1229,#1230,#1231,#1232,#1233,#1234,#1235)),.UNSPECIFIED.,.F.,.F.,.F.,(4,4),(4,2,2,2,4),(0.0,0.996473358535662),(0.0,0.21920970203301,0.43841940406602,0.657629106099029,0.876838808132039),.UNSPECIFIED.);
#168=SURFACE_STYLE_USAGE(.BOTH.,#1236);
#169=FACE_OUTER_BOUND('',#1237,.T.);
#170=B_SPLINE_SURFACE_WITH_KNOTS('',3,3,((#1238,#1239,#1240,#1241),(#1242,#1243,#1244,#1245),(#1246,#1247,#1248,#1249),(#1250,#1251,#1252,#1253),(#1254,#1255,#1256,#1257),(#1258,#1259,#1260,#1261),(#1262,#1263,#1264,#1265),(#1266,#1267,#1268,#1269),(#1270,#1271,#1272,#1273),(#1274,#1275,#1276,#1277),(#1278,#1279,#1280,#1281),(#1282,#1283,#1284,#1285),(#1286,#1287,#1288,#1289),(#1290,#1291,#1292,#1293),(#1294,#1295,#1296,#1297),(#1298,#1299,#1300,#1301),(#1302,#1303,#1304,#1305),(#1306,#1307,#1308,#1309),(#1310,#1311,#1312,#1313),(#1314,#1315,#1316,#1317)),.UNSPECIFIED.,.F.,.F.,.F.,(4,2,2,2,2,2,2,2,2,4),(4,4),(0.0,1.31091206464714,2.62182412929428,3.93273619394142,4.58819222626498,5.24364825858855,6.55456032323569,7.86547238788283,9.17638445252997,10.4872965171771),(0.0,0.996473358535662),.UNSPECIFIED.);
#171=SURFACE_STYLE_USAGE(.BOTH.,#1318);
#172=FACE_OUTER_BOUND('',#1319,.T.);
#173=B_SPLINE_SURFACE_WITH_KNOTS('',3,3,((#1320,#1321,#1322,#1323,#1324,#1325,#1326,#1327,#1328,#1329,#1330,#1331,#1332,#1333,#1334,#1335,#1336,#1337,#1338,#1339,#1340,#1341,#1342,#1343,#1344,#1345),(#1346,#1347,#1348,#1349,#1350,#1351,#1352,#1353,#1354,#1355,#1356,#1357,#1358,#1359,#1360,#1361,#1362,#1363,#1364,#1365,#1366,#1367,#1368,#1369,#1370,#1371),(#1372,#1373,#1374,#1375,#1376,#1377,#1378,#1379,#1380,#1381,#1382,#1383,#1384,#1385,#1386,#1387,#1388,#1389,#1390,#1391,#1392,#1393,#1394,#1395,#1396,#1397),(#1398,#1399,#1400,#1401,#1402,#1403,#1404,#1405,#1406,#1407,#1408,#1409,#1410,#1411,#1412,#1413,#1414,#1415,#1416,#1417,#1418,#1419,#1420,#1421,#1422,#1423)),.UNSPECIFIED.,.F.,.F.,.F.,(4,4),(4,1,1,1,2,1,1,1,2,1,1,1,1,1,1,1,1,1,1,1,1,4),(0.0,0.489574927929299),(0.0,4.22373504320228,8.28932964114917,12.3549242390961,16.420518837043,20.4861134349899,24.5517080329368,28.6173026308836,36.9456877144708,43.1426775552378,49.3396673960048,55.5366572367718,64.7651490012323,73.9936407656927,83.2221325301531,90.8423882221306,98.462643914108,106.082899606085,110.484652025298,114.438314346272,118.391976667245,122.345638988218),.UNSPECIFIED.);
#174=SURFACE_STYLE_USAGE(.BOTH.,#1424);
#175=FACE_OUTER_BOUND('',#1425,.T.);
#176=B_SPLINE_SURFACE_WITH_KNOTS('',3,4,((#1426,#1427,#1428,#1429,#1430),(#1431,#1432,#1433,#1434,#1435),(#1436,#1437,#1438,#1439,#1440),(#1441,#1442,#1443,#1444,#1445),(#1446,#1447,#1448,#1449,#1450),(#1451,#1452,#1453,#1454,#1455),(#1456,#1457,#1458,#1459,#1460),(#1461,#1462,#1463,#1464,#1465)),.UNSPECIFIED.,.F.,.F.,.F.,(4,1,1,1,1,4),(5,5),(0.0,24.7249264848567,48.9783796033061,74.4291392069958,98.7802582597442,123.2232758833),(0.0,21.9118539198592),.UNSPECIFIED.);
#177=SURFACE_STYLE_USAGE(.BOTH.,#1466);
#178=FACE_OUTER_BOUND('',#1467,.T.);
#179=B_SPLINE_SURFACE_WITH_KNOTS('',4,3,((#1468,#1469,#1470,#1471,#1472,#1473,#1474,#1475),(#1476,#1477,#1478,#1479,#1480,#1481,#1482,#1483),(#1484,#1485,#1486,#1487,#1488,#1489,#1490,#1491),(#1492,#1493,#1494,#1495,#1496,#1497,#1498,#1499),(#1500,#1501,#1502,#1503,#1504,#1505,#1506,#1507)),.UNSPECIFIED.,.F.,.F.,.F.,(5,5),(4,1,1,1,1,4),(0.0,23.5426196799358),(0.0,24.7246840261171,48.9793900381036,74.4320805320513,98.7850143833338,123.235827481353),.UNSPECIFIED.);
#180=SURFACE_STYLE_USAGE(.BOTH.,#1508);
#181=FACE_OUTER_BOUND('',#1509,.T.);
#182=B_SPLINE_SURFACE_WITH_KNOTS('',3,5,((#1510,#1511,#1512,#1513,#1514,#1515),(#1516,#1517,#1518,#1519,#1520,#1521),(#1522,#1523,#1524,#1525,#1526,#1527),(#1528,#1529,#1530,#1531,#1532,#1533),(#1534,#1535,#1536,#1537,#1538,#1539),(#1540,#1541,#1542,#1543,#1544,#1545),(#1546,#1547,#1548,#1549,#1550,#1551),(#1552,#1553,#1554,#1555,#1556,#1557),(#1558,#1559,#1560,#1561,#1562,#1563),(#1564,#1565,#1566,#1567,#1568,#1569),(#1570,#1571,#1572,#1573,#1574,#1575),(#1576,#1577,#1578,#1579,#1580,#1581),(#1582,#1583,#1584,#1585,#1586,#1587),(#1588,#1589,#1590,#1591,#1592,#1593),(#1594,#1595,#1596,#1597,#1598,#1599),(#1600,#1601,#1602,#1603,#1604,#1605),(#1606,#1607,#1608,#1609,#1610,#1611),(#1612,#1613,#1614,#1615,#1616,#1617),(#1618,#1619,#1620,#1621,#1622,#1623),(#1624,#1625,#1626,#1627,#1628,#1629)),.UNSPECIFIED.,.F.,.F.,.F.,(4,2,1,1,1,2,1,1,1,1,1,1,1,1,1,4),(6,6),(0.0,12.0746335918747,18.1262851247488,24.1492671837494,30.17224924275,36.1952313017505,42.2182133607511,48.2411954197517,54.2641774787522,63.9081316839097,73.5520858890671,83.1960400942246,90.4242047264861,97.6523693587477,104.880533991009,118.036568437827),(-116.611874916851,-115.611874916851),.UNSPECIFIED.);
#183=SURFACE_STYLE_USAGE(.BOTH.,#1630);
#184=FACE_OUTER_BOUND('',#1631,.T.);
#185=B_SPLINE_SURFACE_WITH_KNOTS('',5,3,((#1632,#1633,#1634,#1635,#1636,#1637,#1638,#1639,#1640,#1641,#1642,#1643,#1644),(#1645,#1646,#1647,#1648,#1649,#1650,#1651,#1652,#1653,#1654,#1655,#1656,#1657),(#1658,#1659,#1660,#1661,#1662,#1663,#1664,#1665,#1666,#1667,#1668,#1669,#1670),(#1671,#1672,#1673,#1674,#1675,#1676,#1677,#1678,#1679,#1680,#1681,#1682,#1683),(#1684,#1685,#1686,#1687,#1688,#1689,#1690,#1691,#1692,#1693,#1694,#1695,#1696),(#1697,#1698,#1699,#1700,#1701,#1702,#1703,#1704,#1705,#1706,#1707,#1708,#1709)),.UNSPECIFIED.,.F.,.F.,.F.,(6,6),(4,2,2,2,2,1,4),(14.7168129879013,20.7112650815064),(25.1046364942775,27.1944472801244,29.2842580659714,33.4638796376653,37.6435012093591,39.7333119952061,41.5612841307262),.UNSPECIFIED.);
#186=SURFACE_STYLE_USAGE(.BOTH.,#1710);
#187=FACE_OUTER_BOUND('',#1711,.T.);
#188=PLANE('',#1712);
#189=SURFACE_STYLE_USAGE(.BOTH.,#1713);
#190=FACE_OUTER_BOUND('',#1714,.T.);
#191=B_SPLINE_SURFACE_WITH_KNOTS('',5,5,((#1715,#1716,#1717,#1718,#1719,#1720),(#1721,#1722,#1723,#1724,#1725,#1726),(#1727,#1728,#1729,#1730,#1731,#1732),(#1733,#1734,#1735,#1736,#1737,#1738),(#1739,#1740,#1741,#1742,#1743,#1744),(#1745,#1746,#1747,#1748,#1749,#1750)),.UNSPECIFIED.,.F.,.F.,.F.,(6,6),(6,6),(0.0,14.3294811989823),(0.0,7.51927874676279),.UNSPECIFIED.);
#192=SURFACE_STYLE_USAGE(.BOTH.,#1751);
#193=FACE_OUTER_BOUND('',#1752,.T.);
#194=CYLINDRICAL_SURFACE('',#1753,0.003);
#195=SURFACE_STYLE_USAGE(.BOTH.,#1754);
#196=FACE_OUTER_BOUND('',#1755,.T.);
#197=B_SPLINE_SURFACE_WITH_KNOTS('',5,3,((#1756,#1757,#1758,#1759,#1760,#1761,#1762,#1763,#1764,#1765,#1766,#1767,#1768,#1769,#1770),(#1771,#1772,#1773,#1774,#1775,#1776,#1777,#1778,#1779,#1780,#1781,#1782,#1783,#1784,#1785),(#1786,#1787,#1788,#1789,#1790,#1791,#1792,#1793,#1794,#1795,#1796,#1797,#1798,#1799,#1800),(#1801,#1802,#1803,#1804,#1805,#1806,#1807,#1808,#1809,#1810,#1811,#1812,#1813,#1814,#1815),(#1816,#1817,#1818,#1819,#1820,#1821,#1822,#1823,#1824,#1825,#1826,#1827,#1828,#1829,#1830),(#1831,#1832,#1833,#1834,#1835,#1836,#1837,#1838,#1839,#1840,#1841,#1842,#1843,#1844,#1845)),.UNSPECIFIED.,.F.,.F.,.F.,(6,6),(4,2,1,1,1,2,2,2,4),(14.7168129879013,20.7112650815064),(10.9159012923858,12.3081314676152,15.3241176396381,16.4108419568202,17.4975662740024,18.5842905911846,20.7577392255489,22.9311878599132,25.1046364942775),.UNSPECIFIED.);
#198=SURFACE_STYLE_USAGE(.BOTH.,#1846);
#199=CLOSED_SHELL('',(#51,#53,#55,#57,#59,#61,#63,#65,#67,#69,#71,#73,#75,#77,#79,#81,#83,#85,#87,#89,#91,#93,#95,#97,#99,#101));
#200=PRODUCT_CONTEXT('',#37,'mechanical');
#201=PRODUCT_DEFINITION_FORMATION_WITH_SPECIFIED_SOURCE(' ','NONE',#104,.NOT_KNOWN.);
#202=CARTESIAN_POINT('',(0.0,0.0,0.0));
#203=DIRECTION('',(0.0,0.0,1.0));
#204=DIRECTION('',(1.0,0.0,0.0));
#205= (NAMED_UNIT(#112)LENGTH_UNIT()SI_UNIT($,.METRE.));
#206=SURFACE_SIDE_STYLE('',(#1848));
#207=EDGE_LOOP('',(#1849,#1850,#1851,#1852));
#208=AXIS2_PLACEMENT_3D('',#1853,#1854,#1855);
#209=SURFACE_SIDE_STYLE('',(#1856));
#210=EDGE_LOOP('',(#1857,#1858,#1859,#1860,#1861,#1862,#1863));
#211=CARTESIAN_POINT('',(-0.00580369341680239,-0.00541451678937877,0.0309473311671348));
#212=CARTESIAN_POINT('',(-0.00580460668902387,-0.00542842510787399,0.0309076353346838));
#213=CARTESIAN_POINT('',(-0.0058228494142256,-0.00550230430328547,0.0299000937690958));
#214=CARTESIAN_POINT('',(-0.00569424469296909,-0.00539541330050958,0.027991810340041));
#215=CARTESIAN_POINT('',(-0.00526443467384626,-0.00495387963950686,0.0257614052198895));
#216=CARTESIAN_POINT('',(-0.00489998724224361,-0.00460129944164301,0.0242204610606323));
#217=CARTESIAN_POINT('',(-0.00476513298313198,-0.00435745809816247,0.0235274879378078));
#218=CARTESIAN_POINT('',(-0.00465032884991055,-0.00430537526333627,0.0232729630669246));
#219=CARTESIAN_POINT('',(-0.00463172016755795,-0.00429672937146058,0.0232320689497313));
#220=CARTESIAN_POINT('',(-0.00462248106385555,-0.00429257571185,0.0232116090590996));
#221=CARTESIAN_POINT('',(-0.00461337292361066,-0.00428879749660665,0.0231910744173222));
#222=CARTESIAN_POINT('',(-0.00460142483186175,-0.00428384673495346,0.0231637301418953));
#223=CARTESIAN_POINT('',(-0.00458683158372598,-0.00427686992100952,0.0231299296494224));
#224=CARTESIAN_POINT('',(-0.00456445930956653,-0.00426495402615303,0.0230763422598927));
#225=CARTESIAN_POINT('',(-0.00450842193014268,-0.0042348256892144,0.0229288711572831));
#226=CARTESIAN_POINT('',(-0.00446958685255399,-0.00419889393338279,0.022769980090057));
#227=CARTESIAN_POINT('',(-0.00443469929217061,-0.00416369317253779,0.0226081073125784));
#228=CARTESIAN_POINT('',(-0.00441167937096133,-0.00413896222969373,0.0224999093265394));
#229=CARTESIAN_POINT('',(-0.004370388437951,-0.00409291089849044,0.0223101311811992));
#230=CARTESIAN_POINT('',(-0.00427707860736044,-0.00398397948315129,0.021930494366879));
#231=CARTESIAN_POINT('',(-0.00411767180626696,-0.00382410917694222,0.0213900098672819));
#232=CARTESIAN_POINT('',(-0.00396119311060131,-0.00368749968282576,0.0208451748294201));
#233=CARTESIAN_POINT('',(-0.00381824622581468,-0.00359696207940802,0.0204066902584453));
#234=CARTESIAN_POINT('',(-0.00372787172979492,-0.00353708396671135,0.0201958828665585));
#235=CARTESIAN_POINT('',(-0.00372197465146223,-0.00347986427302301,0.0200887995903287));
#236=CARTESIAN_POINT('',(-0.00372197406065242,-0.0034798585362551,0.0200887888548027));
#237=CARTESIAN_POINT('',(-0.00593488378272382,-0.00543753748956704,0.0309206394535019));
#238=CARTESIAN_POINT('',(-0.00593590216102024,-0.00545028459033228,0.0308799449532366));
#239=CARTESIAN_POINT('',(-0.0059538343961449,-0.00552126764425098,0.0298739134822108));
#240=CARTESIAN_POINT('',(-0.00582674706690399,-0.00541169977573466,0.0279681987292112));
#241=CARTESIAN_POINT('',(-0.00538929264746616,-0.00496876684869584,0.0257359454355633));
#242=CARTESIAN_POINT('',(-0.00500362895256072,-0.00459686372695081,0.0241998642691683));
#243=CARTESIAN_POINT('',(-0.00482561941980187,-0.00442304977931329,0.0235164886931488));
#244=CARTESIAN_POINT('',(-0.0047591883596725,-0.00435811019543303,0.0232633980579743));
#245=CARTESIAN_POINT('',(-0.00474845258443501,-0.00434704422918801,0.0232225572668964));
#246=CARTESIAN_POINT('',(-0.00474312369444193,-0.0043417739085568,0.0232020436257288));
#247=CARTESIAN_POINT('',(-0.00473783339968918,-0.00433687066647643,0.0231813981568471));
#248=CARTESIAN_POINT('',(-0.00473077830427859,-0.00433042779111766,0.0231538389160379));
#249=CARTESIAN_POINT('',(-0.0047218327346299,-0.00432159335920104,0.023119661770313));
#250=CARTESIAN_POINT('',(-0.00470731376387454,-0.00430646192741,0.0230653348561016));
#251=CARTESIAN_POINT('',(-0.00466736573566344,-0.00426866436863324,0.0229147324265763));
#252=CARTESIAN_POINT('',(-0.00462457968816541,-0.00422475916996043,0.0227511044750559));
#253=CARTESIAN_POINT('',(-0.0045816476738883,-0.00418322119738841,0.0225866842167958));
#254=CARTESIAN_POINT('',(-0.00455286589793609,-0.00415465571317833,0.0224773684201593));
#255=CARTESIAN_POINT('',(-0.00450200931966627,-0.00410366392849708,0.0222867110489066));
#256=CARTESIAN_POINT('',(-0.00439926569671869,-0.00400387458328752,0.021904488727565));
#257=CARTESIAN_POINT('',(-0.00425221629033195,-0.00385794298592074,0.0213591429425855));
#258=CARTESIAN_POINT('',(-0.0040928890932591,-0.00371298841086779,0.020816469065036));
#259=CARTESIAN_POINT('',(-0.00398415375696845,-0.00359690979297695,0.0203781386554986));
#260=CARTESIAN_POINT('',(-0.00390171727578693,-0.00354330812565865,0.0201645643179119));
#261=CARTESIAN_POINT('',(-0.00388372091334225,-0.0035022528237772,0.0200564842788038));
#262=CARTESIAN_POINT('',(-0.00388371910937132,-0.00350224870768247,0.0200564734433524));
#263=CARTESIAN_POINT('',(-0.00614897310972652,-0.00546463799898802,0.0308809777448103));
#264=CARTESIAN_POINT('',(-0.0061499804576354,-0.00547530361015204,0.0308386093603739));
#265=CARTESIAN_POINT('',(-0.00616347935184565,-0.00553910567824064,0.0298333994643525));
#266=CARTESIAN_POINT('',(-0.00602884414974483,-0.00542828511064623,0.0279305598300775));
#267=CARTESIAN_POINT('',(-0.00560831154765795,-0.00499527251613892,0.0256956290367247));
#268=CARTESIAN_POINT('',(-0.00523257401661581,-0.00462189446388199,0.0241561301053957));
#269=CARTESIAN_POINT('',(-0.00505377289756894,-0.00444565999052026,0.0234723086808365));
#270=CARTESIAN_POINT('',(-0.00498685487996775,-0.00438013863786177,0.0232196691880816));
#271=CARTESIAN_POINT('',(-0.00497590601310701,-0.00436930704859561,0.0231787278533383));
#272=CARTESIAN_POINT('',(-0.00497049489842123,-0.00436424578476654,0.0231581760113379));
#273=CARTESIAN_POINT('',(-0.00496505324778202,-0.00435877014618479,0.023137729992247));
#274=CARTESIAN_POINT('',(-0.0049577235721248,-0.00435132969336192,0.0231105174891164));
#275=CARTESIAN_POINT('',(-0.00494858321225018,-0.00434273084361181,0.0230763080687747));
#276=CARTESIAN_POINT('',(-0.00493402935195052,-0.00432820945652971,0.0230217616876281));
#277=CARTESIAN_POINT('',(-0.004894068181616,-0.00428897482893639,0.0228715730672477));
#278=CARTESIAN_POINT('',(-0.00484980380638223,-0.00424569944524832,0.0227079507693457));
#279=CARTESIAN_POINT('',(-0.00480570061638637,-0.00420235281532231,0.0225443528628404));
#280=CARTESIAN_POINT('',(-0.00477629936197196,-0.0041734039597706,0.0224352894272268));
#281=CARTESIAN_POINT('',(-0.00472476375819101,-0.00412292594375546,0.0222443789321424));
#282=CARTESIAN_POINT('',(-0.00462240526245355,-0.00402130497655339,0.0218626879124346));
#283=CARTESIAN_POINT('',(-0.00447701026874287,-0.00387653924683418,0.021317405752646));
#284=CARTESIAN_POINT('',(-0.00433808906745752,-0.0037324227001286,0.0207711019063861));
#285=CARTESIAN_POINT('',(-0.00422596207118115,-0.00361835896832502,0.0203345761174659));
#286=CARTESIAN_POINT('',(-0.00417840758287566,-0.00356089076419351,0.020114589848987));
#287=CARTESIAN_POINT('',(-0.00415115042852198,-0.00353580000394669,0.0200045819424602));
#288=CARTESIAN_POINT('',(-0.00415114769585278,-0.00353579748853835,0.0200045709137456));
#289=CARTESIAN_POINT('',(-0.00642334713620058,-0.00546246927236914,0.0308378872425855));
#290=CARTESIAN_POINT('',(-0.00642479456680403,-0.00547011475690931,0.0307933709607994));
#291=CARTESIAN_POINT('',(-0.00644340745362344,-0.0055195544779305,0.0297900557622348));
#292=CARTESIAN_POINT('',(-0.00631482534461813,-0.00541377643607713,0.0278832789322306));
#293=CARTESIAN_POINT('',(-0.00589191737811068,-0.00500126587093525,0.0256461290717878));
#294=CARTESIAN_POINT('',(-0.00552837098888607,-0.0046380625730089,0.0241034286548603));
#295=CARTESIAN_POINT('',(-0.00535721677773482,-0.00446625577918417,0.0234182458969023));
#296=CARTESIAN_POINT('',(-0.00529305412443631,-0.0044015799766552,0.0231648741919449));
#297=CARTESIAN_POINT('',(-0.00528267320159491,-0.00439109639260713,0.0231238355116695));
#298=CARTESIAN_POINT('',(-0.00527742922283987,-0.00438571020561252,0.0231033292952355));
#299=CARTESIAN_POINT('',(-0.00527220614477523,-0.00438071876868462,0.0230827305666186));
#300=CARTESIAN_POINT('',(-0.00526529670556271,-0.00437353467901426,0.0230553945597031));
#301=CARTESIAN_POINT('',(-0.00525661597064611,-0.00436472957815469,0.0230211895869981));
#302=CARTESIAN_POINT('',(-0.00524266376297575,-0.00435081809219557,0.0229664201301252));
#303=CARTESIAN_POINT('',(-0.00520415703283286,-0.00431192265246007,0.0228159876960263));
#304=CARTESIAN_POINT('',(-0.00516219766002146,-0.00426948169686333,0.0226518630621935));
#305=CARTESIAN_POINT('',(-0.0051199446717974,-0.00422666577264679,0.0224878670700752));
#306=CARTESIAN_POINT('',(-0.0050917162068214,-0.00419811303781606,0.0223785486451671));
#307=CARTESIAN_POINT('',(-0.00504236007250631,-0.00414789566035474,0.0221872884672036));
#308=CARTESIAN_POINT('',(-0.00494298631594702,-0.00404721777184621,0.021804937749067));
#309=CARTESIAN_POINT('',(-0.00480130952660935,-0.0039023817261727,0.0212589080163174));
#310=CARTESIAN_POINT('',(-0.00466037077859455,-0.00375787460510234,0.0207129073539173));
#311=CARTESIAN_POINT('',(-0.00455202907626214,-0.00364284588172898,0.020275225401315));
#312=CARTESIAN_POINT('',(-0.00449566372866293,-0.0035861916163932,0.0200568499707895));
#313=CARTESIAN_POINT('',(-0.00446471462301397,-0.00355576339500556,0.0199487390482381));
#314=CARTESIAN_POINT('',(-0.00446471152021966,-0.00355576034443855,0.0199487282097144));
#315=CARTESIAN_POINT('',(-0.00667120683886562,-0.0054210472138962,0.0308052156132113));
#316=CARTESIAN_POINT('',(-0.00667261427571898,-0.00542576088686619,0.030758946965827));
#317=CARTESIAN_POINT('',(-0.00668566611905825,-0.00545351116283789,0.0297600537588321));
#318=CARTESIAN_POINT('',(-0.00655538352927639,-0.00535469946396613,0.0278500526954313));
#319=CARTESIAN_POINT('',(-0.00616320886280347,-0.00498077269914967,0.0256032399985504));
#320=CARTESIAN_POINT('',(-0.00580287683592595,-0.004630222335417,0.0240573509610875));
#321=CARTESIAN_POINT('',(-0.00563273841901386,-0.00446355495624995,0.0233712690196595));
#322=CARTESIAN_POINT('',(-0.00556827321481239,-0.00440000665271175,0.0231177939654071));
#323=CARTESIAN_POINT('',(-0.00555787786626344,-0.00438969061749332,0.023076737852558));
#324=CARTESIAN_POINT('',(-0.00555275371304458,-0.00438536287456812,0.0230559810113611));
#325=CARTESIAN_POINT('',(-0.0055474925108908,-0.00437924429768771,0.0230356961240085));
#326=CARTESIAN_POINT('',(-0.00554041794992551,-0.00437267587676597,0.0230082441469187));
#327=CARTESIAN_POINT('',(-0.00553171646848897,-0.00436455387545422,0.022973886412222));
#328=CARTESIAN_POINT('',(-0.00551776269054934,-0.00435012090766749,0.0229192947586447));
#329=CARTESIAN_POINT('',(-0.00547940273405782,-0.00431264653130284,0.0227685744240027));
#330=CARTESIAN_POINT('',(-0.00543696828643519,-0.00427049303671569,0.0226045731994245));
#331=CARTESIAN_POINT('',(-0.00539460240219243,-0.00422864712996208,0.0224404766075361));
#332=CARTESIAN_POINT('',(-0.00536633278308964,-0.00420048668752551,0.022331117782069));
#333=CARTESIAN_POINT('',(-0.00531655466833963,-0.0041512740647959,0.0221397807252451));
#334=CARTESIAN_POINT('',(-0.00521760392290928,-0.00405194435462788,0.0217572050727213));
#335=CARTESIAN_POINT('',(-0.00507613544019526,-0.00390914938941661,0.0212109393561812));
#336=CARTESIAN_POINT('',(-0.00493789070195982,-0.00376550599570768,0.0206644375255273));
#337=CARTESIAN_POINT('',(-0.00482685340382041,-0.00365108766088062,0.0202275054962886));
#338=CARTESIAN_POINT('',(-0.00477562374408055,-0.00359317507218663,0.0200083997518342));
#339=CARTESIAN_POINT('',(-0.00476671594070312,-0.00356746319605387,0.0198930458092789));
#340=CARTESIAN_POINT('',(-0.00476671504782958,-0.00356746061837228,0.0198930342445455));
#341=CARTESIAN_POINT('',(-0.0068532517111894,-0.00534102935638044,0.0307887839103356));
#342=CARTESIAN_POINT('',(-0.00685448615090677,-0.00534405299302443,0.0307417257754411));
#343=CARTESIAN_POINT('',(-0.00685327457194054,-0.00535832485581311,0.0297445272594557));
#344=CARTESIAN_POINT('',(-0.00673420391498116,-0.0052508509945033,0.0278375606661318));
#345=CARTESIAN_POINT('',(-0.0063491558192891,-0.00490912964183444,0.0255818621435426));
#346=CARTESIAN_POINT('',(-0.00602192516851241,-0.00459218495291151,0.0240255197139021));
#347=CARTESIAN_POINT('',(-0.00586325535972804,-0.00443349035337757,0.0233358054658165));
#348=CARTESIAN_POINT('',(-0.00580366157720946,-0.00437444669252585,0.0230806753795723));
#349=CARTESIAN_POINT('',(-0.00579402070151236,-0.00436451862346704,0.0230394192548923));
#350=CARTESIAN_POINT('',(-0.00578897390867731,-0.00435983939417596,0.0230187079920737));
#351=CARTESIAN_POINT('',(-0.00578401347019458,-0.0043545116327967,0.0229981679208725));
#352=CARTESIAN_POINT('',(-0.00577782845731385,-0.00434824785232683,0.0229705196775428));
#353=CARTESIAN_POINT('',(-0.00576961341597991,-0.00433898600392349,0.022936385416515));
#354=CARTESIAN_POINT('',(-0.00575653377810737,-0.00432753365129334,0.0228809014359594));
#355=CARTESIAN_POINT('',(-0.00572036612203601,-0.00429033416267965,0.0227298161317082));
#356=CARTESIAN_POINT('',(-0.00568095073959026,-0.00425117002795082,0.0225645533149222));
#357=CARTESIAN_POINT('',(-0.00564082684113467,-0.00421034678721661,0.0223997963729572));
#358=CARTESIAN_POINT('',(-0.00561399570397507,-0.00418345976934538,0.0222899045796153));
#359=CARTESIAN_POINT('',(-0.005567031698547,-0.00413563402733562,0.0220977590146988));
#360=CARTESIAN_POINT('',(-0.00547124428269379,-0.00403953146263014,0.0217138007738779));
#361=CARTESIAN_POINT('',(-0.00533234388173816,-0.00389948059752138,0.0211661344512938));
#362=CARTESIAN_POINT('',(-0.00519043294904248,-0.00375835207781506,0.0206191827082145));
#363=CARTESIAN_POINT('',(-0.00508025826657504,-0.00364495146566858,0.0201810077240632));
#364=CARTESIAN_POINT('',(-0.00502167393824241,-0.0035893288382022,0.01996239121987));
#365=CARTESIAN_POINT('',(-0.00496628675243756,-0.00355819033497912,0.0198610731993257));
#366=CARTESIAN_POINT('',(-0.00496628119939754,-0.00355818721319132,0.0198610630418859));
#367=CARTESIAN_POINT('',(-0.00698746981728691,-0.0052430457367728,0.0307838064717501));
#368=CARTESIAN_POINT('',(-0.00698897144284748,-0.00524428248099951,0.0307371150604405));
#369=CARTESIAN_POINT('',(-0.00697978065103746,-0.00524775290039633,0.0297426490242345));
#370=CARTESIAN_POINT('',(-0.00685057792190787,-0.00515305847780807,0.0278302899626138));
#371=CARTESIAN_POINT('',(-0.0064956171843847,-0.00480046920460795,0.0255774154238012));
#372=CARTESIAN_POINT('',(-0.00616651487101954,-0.0044941154750694,0.0240180399670295));
#373=CARTESIAN_POINT('',(-0.00601191723334691,-0.00434696855738312,0.0233265889265656));
#374=CARTESIAN_POINT('',(-0.0059519280642453,-0.00429031068282236,0.0230707762450974));
#375=CARTESIAN_POINT('',(-0.00594267405385393,-0.00428423808350016,0.0230285898563551));
#376=CARTESIAN_POINT('',(-0.00593789928054454,-0.00427844393520041,0.0230082087961187));
#377=CARTESIAN_POINT('',(-0.00593304783035256,-0.00427299929421672,0.0229877093539275));
#378=CARTESIAN_POINT('',(-0.0059263770399914,-0.00426636603918204,0.0229602407969258));
#379=CARTESIAN_POINT('',(-0.00591823935916865,-0.00425936940558535,0.0229255702852658));
#380=CARTESIAN_POINT('',(-0.00590521977004779,-0.00424751607465555,0.0228702780240748));
#381=CARTESIAN_POINT('',(-0.00586968862122699,-0.00421253287472653,0.0227186633956307));
#382=CARTESIAN_POINT('',(-0.00583007110932565,-0.00417692003589246,0.0225528083545247));
#383=CARTESIAN_POINT('',(-0.005789823203447,-0.00413934037455211,0.0223874612961995));
#384=CARTESIAN_POINT('',(-0.00576346394828549,-0.00411438575757852,0.02227708129596));
#385=CARTESIAN_POINT('',(-0.00571640453646281,-0.00407059273889919,0.0220840538057471));
#386=CARTESIAN_POINT('',(-0.00562233623611258,-0.00398151200245572,0.0216983236761396));
#387=CARTESIAN_POINT('',(-0.00548778152678882,-0.00385075180332347,0.021147674919963));
#388=CARTESIAN_POINT('',(-0.00535231518376151,-0.00371701450569588,0.0205975102862309));
#389=CARTESIAN_POINT('',(-0.0052421467894542,-0.00360738514852139,0.0201582021713556));
#390=CARTESIAN_POINT('',(-0.0051857333534913,-0.00355531427344374,0.0199381635769488));
#391=CARTESIAN_POINT('',(-0.00517430722675404,-0.00350848467167743,0.0198316565174758));
#392=CARTESIAN_POINT('',(-0.00517430608140966,-0.00350847997662128,0.01983164583977));
#393=CARTESIAN_POINT('',(-0.00704469966044684,-0.00518356434620879,0.0307856212657466));
#394=CARTESIAN_POINT('',(-0.00704622903149805,-0.0051842161662522,0.0307391748655241));
#395=CARTESIAN_POINT('',(-0.0070336359603094,-0.00518724500471834,0.0297430862661082));
#396=CARTESIAN_POINT('',(-0.00690974546996352,-0.00508910398751636,0.0278322751262509));
#397=CARTESIAN_POINT('',(-0.0065470319468733,-0.00475490563433636,0.0255738328613319));
#398=CARTESIAN_POINT('',(-0.00623082485542412,-0.00444553203634707,0.0240160890451988));
#399=CARTESIAN_POINT('',(-0.0060766824651776,-0.00429650063765587,0.0233240507187316));
#400=CARTESIAN_POINT('',(-0.006019209766355,-0.00424004024081658,0.0230683644463462));
#401=CARTESIAN_POINT('',(-0.00600991982949185,-0.00422785248745546,0.0230277304316134));
#402=CARTESIAN_POINT('',(-0.00600508892956329,-0.00422458734140824,0.0230066157163559));
#403=CARTESIAN_POINT('',(-0.00600016510860645,-0.00422077384996107,0.0229856781108034));
#404=CARTESIAN_POINT('',(-0.00599361882551842,-0.00421408759855062,0.0229582335469209));
#405=CARTESIAN_POINT('',(-0.00598620212607656,-0.00420709325738444,0.0229234756064271));
#406=CARTESIAN_POINT('',(-0.00597386719812815,-0.00419424168059167,0.0228682981390185));
#407=CARTESIAN_POINT('',(-0.0059388252626556,-0.00416114209060189,0.0227162162418189));
#408=CARTESIAN_POINT('',(-0.0059010634415797,-0.00412194567028152,0.0225508934989553));
#409=CARTESIAN_POINT('',(-0.00586255679541275,-0.00408419761985095,0.0223853186525285));
#410=CARTESIAN_POINT('',(-0.00583666165049138,-0.00405858093386799,0.022275048827679));
#411=CARTESIAN_POINT('',(-0.00579081726204007,-0.00401380958299284,0.0220821670342994));
#412=CARTESIAN_POINT('',(-0.00569832748220281,-0.00392395502397474,0.021696393496308));
#413=CARTESIAN_POINT('',(-0.00556174101439074,-0.00379248428646439,0.0211465894062085));
#414=CARTESIAN_POINT('',(-0.00542424700898124,-0.00365872310028522,0.0205970214189376));
#415=CARTESIAN_POINT('',(-0.00531442810420264,-0.00355141114779603,0.0201571810959565));
#416=CARTESIAN_POINT('',(-0.00526243528750806,-0.00349783173734954,0.0199364217717897));
#417=CARTESIAN_POINT('',(-0.00526689070907378,-0.00344229205392395,0.0198280316807156));
#418=CARTESIAN_POINT('',(-0.00526689115605291,-0.00344228648556877,0.0198280208142133));
#419=CARTESIAN_POINT('',(-0.00707811148206551,-0.00514772183189511,0.030786785671927));
#420=CARTESIAN_POINT('',(-0.00707951574701823,-0.0051480067008473,0.0307405400890708));
#421=CARTESIAN_POINT('',(-0.00706255899401313,-0.00514716473549411,0.0297452906286325));
#422=CARTESIAN_POINT('',(-0.00693693335661566,-0.00505264097720911,0.0278325523300005));
#423=CARTESIAN_POINT('',(-0.00658483393386792,-0.00471757433871765,0.0255752251167026));
#424=CARTESIAN_POINT('',(-0.00626381465102141,-0.00441272021109419,0.0240154628207654));
#425=CARTESIAN_POINT('',(-0.00611251467043059,-0.00426485720881635,0.0233236400322185));
#426=CARTESIAN_POINT('',(-0.0060541911364075,-0.00420906841934392,0.0230676547647553));
#427=CARTESIAN_POINT('',(-0.006045044530621,-0.00420001282080687,0.0230262306860058));
#428=CARTESIAN_POINT('',(-0.00604044892885865,-0.00419615848304909,0.0230053115466826));
#429=CARTESIAN_POINT('',(-0.00603559465548026,-0.00419145294107704,0.0229846163602493));
#430=CARTESIAN_POINT('',(-0.00602920277123657,-0.00418439166104576,0.0229572126040485));
#431=CARTESIAN_POINT('',(-0.00602146350807013,-0.00417734833883394,0.0229225018556782));
#432=CARTESIAN_POINT('',(-0.00600877428812792,-0.00416499823125266,0.0228672995986248));
#433=CARTESIAN_POINT('',(-0.00597395606005412,-0.00413114673789525,0.0227153784266336));
#434=CARTESIAN_POINT('',(-0.00593554069156055,-0.00409398787771666,0.0225497568293056));
#435=CARTESIAN_POINT('',(-0.00589688826012792,-0.00405612636035407,0.0223842800791853));
#436=CARTESIAN_POINT('',(-0.00587106115161718,-0.00403076662479155,0.0222739764174214));
#437=CARTESIAN_POINT('',(-0.00582561615086186,-0.00398628075124151,0.022080963684389));
#438=CARTESIAN_POINT('',(-0.00573379881431808,-0.00389597941484369,0.021695298049022));
#439=CARTESIAN_POINT('',(-0.00560172504655937,-0.00376957830409073,0.0211433241047849));
#440=CARTESIAN_POINT('',(-0.00546520646683729,-0.00363673146215387,0.0205934007004117));
#441=CARTESIAN_POINT('',(-0.00535431874116489,-0.00352897886966981,0.0201539728362278));
#442=CARTESIAN_POINT('',(-0.00530123278759906,-0.00347167388233235,0.0199344830746717));
#443=CARTESIAN_POINT('',(-0.0053072083879819,-0.00341399848660939,0.0198259307580238));
#444=CARTESIAN_POINT('',(-0.00530720898738556,-0.00341399270413812,0.0198259198752498));
#445=CARTESIAN_POINT('',(-0.00708736172124007,-0.00513623102340788,0.030787336226908));
#446=CARTESIAN_POINT('',(-0.00708873594056664,-0.00513643214150748,0.0307411459842158));
#447=CARTESIAN_POINT('',(-0.00707079317856015,-0.00513489020154236,0.0297460658110827));
#448=CARTESIAN_POINT('',(-0.00694525502265919,-0.00504118249255677,0.0278328352627119));
#449=CARTESIAN_POINT('',(-0.00659526940491718,-0.00470702035634001,0.0255753453460656));
#450=CARTESIAN_POINT('',(-0.00627433701982175,-0.00440330688902635,0.0240152544722711));
#451=CARTESIAN_POINT('',(-0.00612302567104664,-0.00425537364731441,0.023323466151129));
#452=CARTESIAN_POINT('',(-0.00606460906629754,-0.00419951378747166,0.0230675136629358));
#453=CARTESIAN_POINT('',(-0.00605554928056718,-0.00419108295434877,0.0230259190518878));
#454=CARTESIAN_POINT('',(-0.00605090634763693,-0.00418687024167682,0.0230051058981144));
#455=CARTESIAN_POINT('',(-0.00604607859426252,-0.00418193755367828,0.0229844733319934));
#456=CARTESIAN_POINT('',(-0.00603977442095607,-0.00417519510439859,0.0229569741599418));
#457=CARTESIAN_POINT('',(-0.00603191657875541,-0.00416771471971198,0.02292238934641));
#458=CARTESIAN_POINT('',(-0.00601916831406529,-0.00415530674987031,0.0228672194363139));
#459=CARTESIAN_POINT('',(-0.00598463311691444,-0.00412167585044696,0.0227152007737793));
#460=CARTESIAN_POINT('',(-0.00594616938090688,-0.00408447320389138,0.0225496132043222));
#461=CARTESIAN_POINT('',(-0.00590754002428755,-0.00404694121060899,0.0223840651772925));
#462=CARTESIAN_POINT('',(-0.00588161660605076,-0.00402161160537686,0.022273781626515));
#463=CARTESIAN_POINT('',(-0.00583622568292112,-0.00397757285609324,0.0220806550198079));
#464=CARTESIAN_POINT('',(-0.00574424817205431,-0.00388684138026738,0.0216951621118936));
#465=CARTESIAN_POINT('',(-0.00561174396835564,-0.00375859876013068,0.0211438115444317));
#466=CARTESIAN_POINT('',(-0.00547634690640628,-0.00362713198268534,0.0205933192472363));
#467=CARTESIAN_POINT('',(-0.00536516090671735,-0.00351911735542572,0.0201540548495741));
#468=CARTESIAN_POINT('',(-0.00531205109027494,-0.00346258560873351,0.0199343859294618));
#469=CARTESIAN_POINT('',(-0.0053181436826725,-0.00340516859199221,0.0198256255432806));
#470=CARTESIAN_POINT('',(-0.00531814429380636,-0.00340516283542313,0.0198256146396456));
#471=CARTESIAN_POINT('',(-0.00709445234601769,-0.00512601107672993,0.0307879726845392));
#472=CARTESIAN_POINT('',(-0.00709582423460215,-0.00512618498787271,0.0307418169375071));
#473=CARTESIAN_POINT('',(-0.00707769526302536,-0.00512490701318988,0.0297466518429307));
#474=CARTESIAN_POINT('',(-0.00695229231383052,-0.0050307015934826,0.0278334329785967));
#475=CARTESIAN_POINT('',(-0.00660286734081428,-0.00469870765621664,0.0255751992372446));
#476=CARTESIAN_POINT('',(-0.00628296183598796,-0.00439500949109151,0.0240152804014965));
#477=CARTESIAN_POINT('',(-0.00613160141643185,-0.00424739329742859,0.0233232964797166));
#478=CARTESIAN_POINT('',(-0.00607337426108719,-0.00419138501552661,0.023067427851123));
#479=CARTESIAN_POINT('',(-0.0060643285878805,-0.00418302071539903,0.0230257976871843));
#480=CARTESIAN_POINT('',(-0.0060596000577699,-0.00417851881351947,0.0230050662897487));
#481=CARTESIAN_POINT('',(-0.00605482696459386,-0.00417365623134787,0.0229844129083201));
#482=CARTESIAN_POINT('',(-0.0060485799277951,-0.0041672030088076,0.0229568407279643));
#483=CARTESIAN_POINT('',(-0.00604069212266093,-0.00415952584154039,0.0229223120586892));
#484=CARTESIAN_POINT('',(-0.00602798931116691,-0.00414712451091814,0.0228671315674204));
#485=CARTESIAN_POINT('',(-0.00599353515298918,-0.00411355306765553,0.0227150944223381));
#486=CARTESIAN_POINT('',(-0.00595519665169188,-0.00407620163867775,0.022549524633079));
#487=CARTESIAN_POINT('',(-0.00591664155658189,-0.00403875539842102,0.0223839519854046));
#488=CARTESIAN_POINT('',(-0.00589073878555932,-0.00401349866563287,0.0222736478330497));
#489=CARTESIAN_POINT('',(-0.00584527766981567,-0.00396949486863605,0.0220805413345664));
#490=CARTESIAN_POINT('',(-0.00575337680368597,-0.00387931331179503,0.0216949120338306));
#491=CARTESIAN_POINT('',(-0.00562007258564203,-0.00374884687433373,0.0211443480716078));
#492=CARTESIAN_POINT('',(-0.00548504330861417,-0.00361745855801585,0.0205937901482615));
#493=CARTESIAN_POINT('',(-0.00537462695637237,-0.00350988857323937,0.0201542639735517));
#494=CARTESIAN_POINT('',(-0.00532116564102177,-0.00345466535617512,0.0199343473524938));
#495=CARTESIAN_POINT('',(-0.00532685977854246,-0.0033979274905255,0.019825405721645));
#496=CARTESIAN_POINT('',(-0.00532686034972745,-0.00339792180204417,0.0198253947998389));
#497=CARTESIAN_POINT('',(-0.00710009044873689,-0.00511772834931868,0.0307885266194735));
#498=CARTESIAN_POINT('',(-0.00710146716229065,-0.00511789631778253,0.0307423952964364));
#499=CARTESIAN_POINT('',(-0.00708337073048058,-0.00511708620330629,0.0297471266972739));
#500=CARTESIAN_POINT('',(-0.00695844942955926,-0.00502240728544664,0.0278338961595691));
#501=CARTESIAN_POINT('',(-0.00660847606583121,-0.00469190716265681,0.0255751227099395));
#502=CARTESIAN_POINT('',(-0.00628980908141321,-0.00438821279766734,0.0240153170179528));
#503=CARTESIAN_POINT('',(-0.00613835792037141,-0.00424087332184756,0.0233232033357139));
#504=CARTESIAN_POINT('',(-0.00608040395603183,-0.00418484631377939,0.0230673580137694));
#505=CARTESIAN_POINT('',(-0.00607129894797426,-0.00417631179383182,0.0230257631254745));
#506=CARTESIAN_POINT('',(-0.00606653390521931,-0.0041717282224693,0.0230050543537551));
#507=CARTESIAN_POINT('',(-0.00606181623113849,-0.0041669510437104,0.0229843725501986));
#508=CARTESIAN_POINT('',(-0.00605558350303348,-0.00416067461380189,0.0229567635512617));
#509=CARTESIAN_POINT('',(-0.00604770945592627,-0.00415298342027513,0.0229222387303275));
#510=CARTESIAN_POINT('',(-0.00603506986817725,-0.00414061978492009,0.0228670346824659));
#511=CARTESIAN_POINT('',(-0.00600059257592735,-0.00410702182166675,0.0227150177631998));
#512=CARTESIAN_POINT('',(-0.00596236594634647,-0.00406964768317179,0.0225494353717698));
#513=CARTESIAN_POINT('',(-0.00592385566425918,-0.00403216140781915,0.022383871502781));
#514=CARTESIAN_POINT('',(-0.00589800790387324,-0.00400695090295046,0.0222735471145581));
#515=CARTESIAN_POINT('',(-0.00585253411131331,-0.0039628375067004,0.0220804819968688));
#516=CARTESIAN_POINT('',(-0.00576074599741912,-0.00387315895181777,0.0216947190180236));
#517=CARTESIAN_POINT('',(-0.00562734870346781,-0.00374223041762952,0.0211443192332596));
#518=CARTESIAN_POINT('',(-0.00549234378462041,-0.00361020467218214,0.020593946748647));
#519=CARTESIAN_POINT('',(-0.00538267128888242,-0.00350295818569388,0.0201541896435663));
#520=CARTESIAN_POINT('',(-0.00532869853866736,-0.0034484986773698,0.0199342000231747));
#521=CARTESIAN_POINT('',(-0.00533376014857552,-0.00339238292062194,0.0198251657685307));
#522=CARTESIAN_POINT('',(-0.0053337606563434,-0.00339237729451182,0.0198251548374382));
#523=CARTESIAN_POINT('',(-0.00711425749005614,-0.00509697838818497,0.0307899428625745));
#524=CARTESIAN_POINT('',(-0.00711564390779823,-0.0050971404458982,0.0307438716642919));
#525=CARTESIAN_POINT('',(-0.00709759527706571,-0.0050975126378384,0.0297483959094588));
#526=CARTESIAN_POINT('',(-0.00697443285458702,-0.00500210048078964,0.0278349331833627));
#527=CARTESIAN_POINT('',(-0.00662220794767531,-0.00467448029547891,0.0255750719500901));
#528=CARTESIAN_POINT('',(-0.00630683951668633,-0.00437113571717524,0.0240153779929176));
#529=CARTESIAN_POINT('',(-0.00615517827647336,-0.0042244160226917,0.0233230330798013));
#530=CARTESIAN_POINT('',(-0.0060978717971529,-0.00416843644349675,0.0230671950826531));
#531=CARTESIAN_POINT('',(-0.00608858608730113,-0.00415933814909269,0.0230257335794666));
#532=CARTESIAN_POINT('',(-0.00608378194353455,-0.00415474266915886,0.0230050274362339));
#533=CARTESIAN_POINT('',(-0.00607920425865257,-0.00415015121542382,0.0229842782668852));
#534=CARTESIAN_POINT('',(-0.00607296153436753,-0.00414422273564993,0.0229566079767432));
#535=CARTESIAN_POINT('',(-0.00606515589740026,-0.00413662586427296,0.0229220548130383));
#536=CARTESIAN_POINT('',(-0.00605267448823296,-0.00412437593812534,0.0228667867017551));
#537=CARTESIAN_POINT('',(-0.00601807764645857,-0.0040906691659728,0.0227148413353977));
#538=CARTESIAN_POINT('',(-0.00598009954553988,-0.00405335591304238,0.0225492046674578));
#539=CARTESIAN_POINT('',(-0.00594167098491814,-0.00401569990937208,0.0223836840722267));
#540=CARTESIAN_POINT('',(-0.00591597565902955,-0.00399055499986078,0.0222733211148913));
#541=CARTESIAN_POINT('',(-0.00587055835393143,-0.00394617144827656,0.0220803385069833));
#542=CARTESIAN_POINT('',(-0.00577901669638872,-0.00385735235268722,0.0216943533040498));
#543=CARTESIAN_POINT('',(-0.00564603370473224,-0.0037269463118746,0.0211437871473756));
#544=CARTESIAN_POINT('',(-0.00551128566294868,-0.00359338426022119,0.0205938141726717));
#545=CARTESIAN_POINT('',(-0.00540293895947726,-0.00348636426818099,0.0201537490452262));
#546=CARTESIAN_POINT('',(-0.00534768216143877,-0.00343324162743136,0.0199337259765066));
#547=CARTESIAN_POINT('',(-0.00535076848214914,-0.00337880243609099,0.0198245218943127));
#548=CARTESIAN_POINT('',(-0.00535076879187331,-0.00337879697807312,0.0198245109461928));
#549=CARTESIAN_POINT('',(-0.00715004768233321,-0.00504473865289776,0.0307935152599877));
#550=CARTESIAN_POINT('',(-0.00715125692339609,-0.0050447796438022,0.0307476044944188));
#551=CARTESIAN_POINT('',(-0.00712868250366153,-0.00504337264708017,0.0297528118300413));
#552=CARTESIAN_POINT('',(-0.00700465243222426,-0.004949973878773,0.0278383087695289));
#553=CARTESIAN_POINT('',(-0.00666163689149465,-0.00462693865013989,0.0255761410345155));
#554=CARTESIAN_POINT('',(-0.00634626999943173,-0.00432836707274466,0.0240155581850307));
#555=CARTESIAN_POINT('',(-0.00619626790546961,-0.00418211097621267,0.0233231244077759));
#556=CARTESIAN_POINT('',(-0.00613862235074071,-0.00412679512657809,0.023067135654859));
#557=CARTESIAN_POINT('',(-0.00612950552543199,-0.00411793920549387,0.0230256473737337));
#558=CARTESIAN_POINT('',(-0.00612505828027531,-0.00411328297864115,0.023004891256322));
#559=CARTESIAN_POINT('',(-0.00612014644601855,-0.00410880095942886,0.022984177522195));
#560=CARTESIAN_POINT('',(-0.00611396577558223,-0.00410273632456226,0.0229565230345115));
#561=CARTESIAN_POINT('',(-0.00610624041366538,-0.0040951639071665,0.0229219573413831));
#562=CARTESIAN_POINT('',(-0.00609363020582423,-0.00408310474047051,0.0228666871715976));
#563=CARTESIAN_POINT('',(-0.00605933718173135,-0.00404957219647742,0.0227146713868811));
#564=CARTESIAN_POINT('',(-0.00602127797351431,-0.00401277482975836,0.0225489646642101));
#565=CARTESIAN_POINT('',(-0.00598312527284686,-0.00397527397662648,0.0223833834724438));
#566=CARTESIAN_POINT('',(-0.00595749872319877,-0.00395024286623459,0.0222730197220296));
#567=CARTESIAN_POINT('',(-0.00591260696801071,-0.00390610787198269,0.0220799236624765));
#568=CARTESIAN_POINT('',(-0.00582189166890708,-0.00381619019380556,0.0216941497506671));
#569=CARTESIAN_POINT('',(-0.00568996634592826,-0.00368606201634936,0.0211434553561706));
#570=CARTESIAN_POINT('',(-0.00555549306198415,-0.00355392139059869,0.0205932205504482));
#571=CARTESIAN_POINT('',(-0.00544755284268583,-0.00344662414667713,0.0201532650566248));
#572=CARTESIAN_POINT('',(-0.00539354139351609,-0.00339259286675386,0.0199332337333991));
#573=CARTESIAN_POINT('',(-0.00538884281711041,-0.0033446859787208,0.0198236937294447));
#574=CARTESIAN_POINT('',(-0.0053888423462843,-0.00334468117566161,0.019823682747644));
#575=CARTESIAN_POINT('',(-0.00719994447830067,-0.00494477422644753,0.0308029243716621));
#576=CARTESIAN_POINT('',(-0.00720102324069643,-0.00494512288556286,0.0307570106726895));
#577=CARTESIAN_POINT('',(-0.00717363772253352,-0.00494381735288423,0.0297635053113193));
#578=CARTESIAN_POINT('',(-0.00705212690991576,-0.00484955366456535,0.0278468557007359));
#579=CARTESIAN_POINT('',(-0.00672018426390953,-0.00453965115838903,0.0255806968126456));
#580=CARTESIAN_POINT('',(-0.00641131537148221,-0.00424434394847042,0.0240180377942132));
#581=CARTESIAN_POINT('',(-0.00626371718371747,-0.00410031160860569,0.0233250146367257));
#582=CARTESIAN_POINT('',(-0.00620677925362897,-0.00404528127195851,0.023068843940268));
#583=CARTESIAN_POINT('',(-0.00619806942901811,-0.00403634774445341,0.0230273265667622));
#584=CARTESIAN_POINT('',(-0.00619303375973768,-0.00403197565184884,0.023006622788453));
#585=CARTESIAN_POINT('',(-0.00618867997033716,-0.00402742997917797,0.0229858146946688));
#586=CARTESIAN_POINT('',(-0.00618246883754434,-0.00402149782433863,0.0229581478055059));
#587=CARTESIAN_POINT('',(-0.00617473835701954,-0.00401401839437494,0.0229235747264875));
#588=CARTESIAN_POINT('',(-0.0061626223004854,-0.00400186900242957,0.0228682519527015));
#589=CARTESIAN_POINT('',(-0.00612846196870177,-0.00396881074600531,0.0227161539589468));
#590=CARTESIAN_POINT('',(-0.00609112644295041,-0.00393187657574644,0.0225504111615979));
#591=CARTESIAN_POINT('',(-0.00605308974974118,-0.00389494257919295,0.0223847433138109));
#592=CARTESIAN_POINT('',(-0.00602773957551532,-0.00387005508653087,0.0222743275301073));
#593=CARTESIAN_POINT('',(-0.00598296047384956,-0.00382640375239924,0.0220811540562821));
#594=CARTESIAN_POINT('',(-0.00589255429227204,-0.00373827736403679,0.0216950306494766));
#595=CARTESIAN_POINT('',(-0.00576134590472725,-0.00360906399175997,0.0211441841520947));
#596=CARTESIAN_POINT('',(-0.00562873044635738,-0.00347665130375107,0.0205938958944166));
#597=CARTESIAN_POINT('',(-0.00552222053316708,-0.00336960940646226,0.0201537405226996));
#598=CARTESIAN_POINT('',(-0.00546879874504696,-0.00331605871603199,0.0199336550904103));
#599=CARTESIAN_POINT('',(-0.00543974620775556,-0.00328936400467736,0.0198240398558176));
#600=CARTESIAN_POINT('',(-0.00543974329510376,-0.00328936132843099,0.0198240288664743));
#601=CARTESIAN_POINT('',(-0.00724166216760589,-0.0047969644465742,0.030820594310256));
#602=CARTESIAN_POINT('',(-0.00724310422105772,-0.00479769885250104,0.0307740329564907));
#603=CARTESIAN_POINT('',(-0.00720811209247456,-0.00479279763643206,0.0297833994919043));
#604=CARTESIAN_POINT('',(-0.00708228377796125,-0.00469519957325589,0.0278682343591515));
#605=CARTESIAN_POINT('',(-0.0067790034684652,-0.00439839139734607,0.0255936075170373));
#606=CARTESIAN_POINT('',(-0.0064798419158745,-0.00412015133894604,0.0240263757864666));
#607=CARTESIAN_POINT('',(-0.00633527667929124,-0.0039809868008141,0.0233318077107638));
#608=CARTESIAN_POINT('',(-0.00627907531931579,-0.00392831992718658,0.0230751009907508));
#609=CARTESIAN_POINT('',(-0.00627036143586305,-0.0039198422067179,0.0230334885106689));
#610=CARTESIAN_POINT('',(-0.00626613250774079,-0.00391529157085192,0.0230126819875902));
#611=CARTESIAN_POINT('',(-0.00626115615334454,-0.00391108295136638,0.0229919320904715));
#612=CARTESIAN_POINT('',(-0.00625526701803119,-0.00390525735597728,0.0229641861960113));
#613=CARTESIAN_POINT('',(-0.00624775057090651,-0.00389800212688088,0.0229295333606852));
#614=CARTESIAN_POINT('',(-0.00623537366739841,-0.00388656232830102,0.0228741198757077));
#615=CARTESIAN_POINT('',(-0.00620205846993157,-0.00385429752493933,0.0227217430092472));
#616=CARTESIAN_POINT('',(-0.00616487651619887,-0.00381906282554635,0.0225556398228401));
#617=CARTESIAN_POINT('',(-0.00612765698666553,-0.00378274147730167,0.0223897450134017));
#618=CARTESIAN_POINT('',(-0.00610256771714245,-0.00375868894689557,0.0222791306783576));
#619=CARTESIAN_POINT('',(-0.00605859176792734,-0.00371591421050889,0.0220856923116299));
#620=CARTESIAN_POINT('',(-0.00596950540603187,-0.00362916811671689,0.0216991586218589));
#621=CARTESIAN_POINT('',(-0.00584003357707543,-0.00350203393684816,0.021147700868631));
#622=CARTESIAN_POINT('',(-0.00570821191966955,-0.00337198536088797,0.0205967972084089));
#623=CARTESIAN_POINT('',(-0.00560254307614432,-0.00326630275410565,0.0201562413197225));
#624=CARTESIAN_POINT('',(-0.00554879782434767,-0.00321386648030469,0.0199358317284486));
#625=CARTESIAN_POINT('',(-0.00550518717636934,-0.00321083884061148,0.0198245245264258));
#626=CARTESIAN_POINT('',(-0.00550518280406643,-0.00321083853731205,0.0198245133674409));
#627=CARTESIAN_POINT('',(-0.00725686162172445,-0.00456061322079349,0.0308554072871077));
#628=CARTESIAN_POINT('',(-0.00725962796584188,-0.00456124188811462,0.0308070587873543));
#629=CARTESIAN_POINT('',(-0.00720841080117218,-0.00454766345413045,0.029820027662879));
#630=CARTESIAN_POINT('',(-0.00706041509322829,-0.00444501956813009,0.0279132711018324));
#631=CARTESIAN_POINT('',(-0.00680011234676733,-0.00416702320054152,0.0256276133693129));
#632=CARTESIAN_POINT('',(-0.00653715481425172,-0.00390686596339434,0.0240515368779348));
#633=CARTESIAN_POINT('',(-0.00640374563816481,-0.00377737424650167,0.0233528900648834));
#634=CARTESIAN_POINT('',(-0.00635165855133003,-0.00372817391175631,0.0230949672235386));
#635=CARTESIAN_POINT('',(-0.00634361482875854,-0.0037197457925853,0.0230531747496525));
#636=CARTESIAN_POINT('',(-0.00633863563311963,-0.00371607258077374,0.0230323360736341));
#637=CARTESIAN_POINT('',(-0.0063351108343558,-0.0037118292418138,0.0230113421336352));
#638=CARTESIAN_POINT('',(-0.00632913594922646,-0.00370658612752821,0.0229835078127631));
#639=CARTESIAN_POINT('',(-0.00632194693924228,-0.00369985308500211,0.0229486983141458));
#640=CARTESIAN_POINT('',(-0.00631104434958219,-0.0036885549759661,0.0228930035852027));
#641=CARTESIAN_POINT('',(-0.00627914553132073,-0.00365882926082196,0.0227398777035368));
#642=CARTESIAN_POINT('',(-0.00624437370569199,-0.00362464581961749,0.0225731766750096));
#643=CARTESIAN_POINT('',(-0.00620841495142173,-0.00359107323879026,0.0224064882839407));
#644=CARTESIAN_POINT('',(-0.00618454960970681,-0.00356797612708866,0.0222955021168419));
#645=CARTESIAN_POINT('',(-0.00614216703691319,-0.00352785183677105,0.0221012702632412));
#646=CARTESIAN_POINT('',(-0.00605622285641623,-0.00344597342867095,0.0217132518044957));
#647=CARTESIAN_POINT('',(-0.00593020377648157,-0.00332515682105441,0.0211599388398926));
#648=CARTESIAN_POINT('',(-0.00580236669490803,-0.00319940862731514,0.0206074015248531));
#649=CARTESIAN_POINT('',(-0.00569960942385736,-0.00309667870045839,0.020165490207152));
#650=CARTESIAN_POINT('',(-0.005649191371522,-0.00304376138377743,0.0199445315746228));
#651=CARTESIAN_POINT('',(-0.00562594488733366,-0.00303215128482092,0.0198328776779713));
#652=CARTESIAN_POINT('',(-0.0056259425568042,-0.00303215012101321,0.0198328664842282));
#653=CARTESIAN_POINT('',(-0.00720753165102135,-0.00430546507591418,0.0309018148375102));
#654=CARTESIAN_POINT('',(-0.00721178569870351,-0.00430502813312065,0.0308514409146302));
#655=CARTESIAN_POINT('',(-0.00712840991355514,-0.0042763510074589,0.0298746042261299));
#656=CARTESIAN_POINT('',(-0.0069550276790843,-0.00417130031377212,0.0279745459362563));
#657=CARTESIAN_POINT('',(-0.00670937750804558,-0.00390592530562193,0.0256840709473833));
#658=CARTESIAN_POINT('',(-0.00648557670982671,-0.00366622085785119,0.024098746108372));
#659=CARTESIAN_POINT('',(-0.00637150506105241,-0.00354615799418681,0.0233953742032222));
#660=CARTESIAN_POINT('',(-0.0063269261450493,-0.00350041502700249,0.0231356760335414));
#661=CARTESIAN_POINT('',(-0.00631969845495476,-0.00349311802807817,0.0230935563453727));
#662=CARTESIAN_POINT('',(-0.00631676210149167,-0.00348903174354706,0.0230724530833192));
#663=CARTESIAN_POINT('',(-0.00631207211340353,-0.00348569889088921,0.0230515146009725));
#664=CARTESIAN_POINT('',(-0.00630784915894134,-0.00348030660902496,0.023023413789265));
#665=CARTESIAN_POINT('',(-0.00630196671779643,-0.00347387735700422,0.0229883369924957));
#666=CARTESIAN_POINT('',(-0.00629107865804268,-0.00346463063130725,0.0229322638142986));
#667=CARTESIAN_POINT('',(-0.00626451378195917,-0.0034360614109468,0.0227781112906702));
#668=CARTESIAN_POINT('',(-0.00623340580625049,-0.00340650477675776,0.0226098924766943));
#669=CARTESIAN_POINT('',(-0.00620255398975512,-0.00337428312869554,0.0224421876108834));
#670=CARTESIAN_POINT('',(-0.00618142024310551,-0.00335369278836188,0.022330242391672));
#671=CARTESIAN_POINT('',(-0.00614417795613326,-0.00331609068014998,0.0221347204269336));
#672=CARTESIAN_POINT('',(-0.00606759771255548,-0.00323924406286445,0.0217442202508758));
#673=CARTESIAN_POINT('',(-0.00595319969751878,-0.00312397302078691,0.0211879735406249));
#674=CARTESIAN_POINT('',(-0.00583379362527625,-0.00300121093074282,0.0206335070968984));
#675=CARTESIAN_POINT('',(-0.00573691783789286,-0.00289897353279663,0.0201905962373057));
#676=CARTESIAN_POINT('',(-0.00568788412817149,-0.0028451239867782,0.0199696096175811));
#677=CARTESIAN_POINT('',(-0.00566109467758923,-0.00279318740092722,0.0198680290334582));
#678=CARTESIAN_POINT('',(-0.00566109199182123,-0.00279318219383397,0.0198680188497047));
#679=CARTESIAN_POINT('',(-0.00713104196214783,-0.00410339080946597,0.0309463013741206));
#680=CARTESIAN_POINT('',(-0.00713731331590834,-0.00410217448452334,0.0308940148288927));
#681=CARTESIAN_POINT('',(-0.00704572259925071,-0.00406549240854989,0.0299176422960616));
#682=CARTESIAN_POINT('',(-0.00686934316964981,-0.00395362047849784,0.0280224014914337));
#683=CARTESIAN_POINT('',(-0.00659757890607955,-0.0036757717005084,0.0257416088938244));
#684=CARTESIAN_POINT('',(-0.00637895543718033,-0.00343952683596846,0.0241546323255595));
#685=CARTESIAN_POINT('',(-0.00627176912562592,-0.0033253876661236,0.0234497449438011));
#686=CARTESIAN_POINT('',(-0.00623031846192809,-0.00328134767195276,0.023189455335361));
#687=CARTESIAN_POINT('',(-0.00622317522029788,-0.00327443405180468,0.0231472596996661));
#688=CARTESIAN_POINT('',(-0.00622105387235689,-0.00327014772733302,0.0231260768743161));
#689=CARTESIAN_POINT('',(-0.00621724127977642,-0.00326660707909342,0.0231050592356274));
#690=CARTESIAN_POINT('',(-0.00621164920107507,-0.00326241029881398,0.023077015129275));
#691=CARTESIAN_POINT('',(-0.00620537915514208,-0.00325682447914498,0.0230418882536821));
#692=CARTESIAN_POINT('',(-0.00619833073030369,-0.00324568710513527,0.0229855972050292));
#693=CARTESIAN_POINT('',(-0.00617155288188082,-0.00322005728102978,0.0228310820530154));
#694=CARTESIAN_POINT('',(-0.00614415485481555,-0.00318812499219816,0.0226630491773438));
#695=CARTESIAN_POINT('',(-0.00611449858756837,-0.00315872603222652,0.0224947866944531));
#696=CARTESIAN_POINT('',(-0.00609508052210325,-0.00313735998178176,0.022382963471097));
#697=CARTESIAN_POINT('',(-0.00606047303481804,-0.00310144866529263,0.0221869734558616));
#698=CARTESIAN_POINT('',(-0.00598978876835526,-0.00302773652099394,0.0217955542734106));
#699=CARTESIAN_POINT('',(-0.0058845920662633,-0.00291921343636523,0.0212372975957207));
#700=CARTESIAN_POINT('',(-0.00577430194453957,-0.00280533134651657,0.0206802030039702));
#701=CARTESIAN_POINT('',(-0.00568316733530428,-0.00270917758487226,0.0202356392297671));
#702=CARTESIAN_POINT('',(-0.00563735414282066,-0.00266257505111424,0.0200126376161401));
#703=CARTESIAN_POINT('',(-0.00561351052709871,-0.00263456239849827,0.0199029395827883));
#704=CARTESIAN_POINT('',(-0.00561350813667538,-0.0026345595900751,0.019902928585158));
#705=CARTESIAN_POINT('',(-0.00710759390066464,-0.00404867374045916,0.0309589565638494));
#706=CARTESIAN_POINT('',(-0.00711453017501442,-0.00404725905416259,0.03090610911261));
#707=CARTESIAN_POINT('',(-0.00702329072831882,-0.00400881777937959,0.0299288527697293));
#708=CARTESIAN_POINT('',(-0.00684313076517208,-0.00389359515723296,0.0280362634670428));
#709=CARTESIAN_POINT('',(-0.006567568197647,-0.00361297642105894,0.0257570784726408));
#710=CARTESIAN_POINT('',(-0.0063427554888877,-0.00337371279586053,0.024172077615726));
#711=CARTESIAN_POINT('',(-0.00623961505753556,-0.00326556031115699,0.0234655624973145));
#712=CARTESIAN_POINT('',(-0.00621816426463834,-0.00325415210440948,0.0231939564848208));
#713=CARTESIAN_POINT('',(-0.00621478672509484,-0.00325286361401736,0.0231497170283997));
#714=CARTESIAN_POINT('',(-0.00621465924116894,-0.00325144951137283,0.0231274742107843));
#715=CARTESIAN_POINT('',(-0.00621313758497731,-0.003250734381761,0.0231053446622223));
#716=CARTESIAN_POINT('',(-0.00621030054526071,-0.00325055144368627,0.0230758122434605));
#717=CARTESIAN_POINT('',(-0.00620790536274989,-0.00324987271691741,0.0230387481106949));
#718=CARTESIAN_POINT('',(-0.00620796669219013,-0.00324591320487549,0.0229792994020263));
#719=CARTESIAN_POINT('',(-0.00620002129618041,-0.00323906297887699,0.0228163316355222));
#720=CARTESIAN_POINT('',(-0.0061866764675669,-0.00321286330941899,0.0226434331235936));
#721=CARTESIAN_POINT('',(-0.00614905292791658,-0.00317865444447566,0.0224774758606658));
#722=CARTESIAN_POINT('',(-0.00612247800143524,-0.00315109482095355,0.0223683525105726));
#723=CARTESIAN_POINT('',(-0.00607475455593424,-0.00310122886056747,0.0221781548573821));
#724=CARTESIAN_POINT('',(-0.00598874265288872,-0.00300667227277717,0.0217949721595774));
#725=CARTESIAN_POINT('',(-0.00587538075319879,-0.00288283047528,0.0212427789667323));
#726=CARTESIAN_POINT('',(-0.00576227009850123,-0.00276086698918091,0.0206891126290409));
#727=CARTESIAN_POINT('',(-0.00567187921424374,-0.00266423216421805,0.0202450370617351));
#728=CARTESIAN_POINT('',(-0.005625512515098,-0.00261074514119492,0.0200244135285867));
#729=CARTESIAN_POINT('',(-0.0056014374001061,-0.00259073501228412,0.0199123924307293));
#730=CARTESIAN_POINT('',(-0.00560143498647454,-0.00259073300625966,0.0199123812001675));
#731=SURFACE_SIDE_STYLE('',(#1864));
#732=EDGE_LOOP('',(#1865,#1866,#1867,#1868));
#733=CARTESIAN_POINT('',(-0.00406139837589904,-0.00342304774762747,0.0195710424548676));
#734=CARTESIAN_POINT('',(-0.00412999539163522,-0.00348637922434227,0.0198141579712461));
#735=CARTESIAN_POINT('',(-0.00438258428381538,-0.00372729308218419,0.0207333966694425));
#736=CARTESIAN_POINT('',(-0.00485491781140988,-0.00423525192770802,0.0226512524453253));
#737=CARTESIAN_POINT('',(-0.00518602604001048,-0.00466901123484138,0.0243810468691396));
#738=CARTESIAN_POINT('',(-0.00548137140183828,-0.00508108819939746,0.0263147338822955));
#739=CARTESIAN_POINT('',(-0.00558811107472833,-0.00524175297950896,0.0271982822930457));
#740=CARTESIAN_POINT('',(-0.00575772802331475,-0.00545090868224846,0.0289830277231285));
#741=CARTESIAN_POINT('',(-0.0058183466932152,-0.00549669350443394,0.0298857402677298));
#742=CARTESIAN_POINT('',(-0.00588882645523061,-0.00544844480145417,0.0307846134665851));
#743=CARTESIAN_POINT('',(-0.00387330828015682,-0.00341352347537721,0.019633864418325));
#744=CARTESIAN_POINT('',(-0.00394121204173044,-0.00347584150231024,0.0198732078817772));
#745=CARTESIAN_POINT('',(-0.00419152080125447,-0.00371327223145305,0.020779630796538));
#746=CARTESIAN_POINT('',(-0.0046649863908638,-0.00421969463305916,0.0226927624802561));
#747=CARTESIAN_POINT('',(-0.00499659322843766,-0.00464981210491726,0.0244103956589954));
#748=CARTESIAN_POINT('',(-0.00529587666982549,-0.00505882895665835,0.0263342462148352));
#749=CARTESIAN_POINT('',(-0.0054054221350271,-0.00521805433688935,0.0272131499893847));
#750=CARTESIAN_POINT('',(-0.00557801901262476,-0.00542558795947726,0.0289897314474951));
#751=CARTESIAN_POINT('',(-0.00563920527214442,-0.00547108000565394,0.0298885770447251));
#752=CARTESIAN_POINT('',(-0.00569898928536585,-0.00542462380427055,0.030784645759628));
#753=CARTESIAN_POINT('',(-0.00366141122827773,-0.00340545647745996,0.0197050285548336));
#754=CARTESIAN_POINT('',(-0.00372894593274454,-0.00346523717798998,0.019940201716836));
#755=CARTESIAN_POINT('',(-0.00397837097389701,-0.00369334018307661,0.0208326689475761));
#756=CARTESIAN_POINT('',(-0.00445754645462891,-0.00418606519877245,0.0227428521842797));
#757=CARTESIAN_POINT('',(-0.00479311802218274,-0.00460507245345113,0.0244480878701044));
#758=CARTESIAN_POINT('',(-0.00509890979058415,-0.00500914816016065,0.0263604359135559));
#759=CARTESIAN_POINT('',(-0.00521180985408826,-0.00516873159831668,0.0272332227116286));
#760=CARTESIAN_POINT('',(-0.00538712158092617,-0.00538144035741149,0.0289984856155134));
#761=CARTESIAN_POINT('',(-0.00544805235270669,-0.00543274170588596,0.0298924680330119));
#762=CARTESIAN_POINT('',(-0.00549653401647451,-0.00538570239134578,0.0307846134677601));
#763=CARTESIAN_POINT('',(-0.00344018889214931,-0.0033812015717349,0.0197833809318989));
#764=CARTESIAN_POINT('',(-0.00350815784365195,-0.00343808294386713,0.0200140207309405));
#765=CARTESIAN_POINT('',(-0.00375976348974997,-0.00365535819087064,0.0208913427891519));
#766=CARTESIAN_POINT('',(-0.00425090837475507,-0.00413123417861222,0.0227979878148043));
#767=CARTESIAN_POINT('',(-0.00459318605000155,-0.00453815830654706,0.0244900720401785));
#768=CARTESIAN_POINT('',(-0.00490635238424586,-0.00493882488766778,0.0263898800246899));
#769=CARTESIAN_POINT('',(-0.00502212353542535,-0.00510046751757554,0.0272558606255561));
#770=CARTESIAN_POINT('',(-0.00519762133592335,-0.00532405288934802,0.0290081933072125));
#771=CARTESIAN_POINT('',(-0.00525591895802567,-0.00538555261523563,0.0298963819443397));
#772=CARTESIAN_POINT('',(-0.00529149344644415,-0.00534188208896631,0.0307844854365796));
#773=CARTESIAN_POINT('',(-0.00324006135886166,-0.00331025401761551,0.0198685450278524));
#774=CARTESIAN_POINT('',(-0.00330698894076461,-0.00336710391426535,0.0200947301097982));
#775=CARTESIAN_POINT('',(-0.00355514665673362,-0.00358448519654505,0.020956881377657));
#776=CARTESIAN_POINT('',(-0.00404682775782266,-0.00406599090908243,0.0228571900882732));
#777=CARTESIAN_POINT('',(-0.00438968307946289,-0.00447388401582261,0.0245339821006526));
#778=CARTESIAN_POINT('',(-0.00470736406830898,-0.00487582604374366,0.0264205237304473));
#779=CARTESIAN_POINT('',(-0.00482628525903424,-0.00503773749523441,0.0272801192479242));
#780=CARTESIAN_POINT('',(-0.00500531697565807,-0.00526105052864081,0.0290204032220571));
#781=CARTESIAN_POINT('',(-0.00506455141448485,-0.00532215072076125,0.0299028264315711));
#782=CARTESIAN_POINT('',(-0.00508906569322188,-0.00527555465195535,0.0307847958181219));
#783=CARTESIAN_POINT('',(-0.00305219717319509,-0.00323574057964101,0.0199505882474996));
#784=CARTESIAN_POINT('',(-0.00311771308110664,-0.00329226612028015,0.0201727651119658));
#785=CARTESIAN_POINT('',(-0.0033609693459341,-0.00350864868963624,0.0210212712253738));
#786=CARTESIAN_POINT('',(-0.00384943508518003,-0.00399339753996956,0.0229168482461495));
#787=CARTESIAN_POINT('',(-0.00418958008625558,-0.00440081686552959,0.0245793958243072));
#788=CARTESIAN_POINT('',(-0.00450868596808892,-0.00480317227594395,0.0264528697343828));
#789=CARTESIAN_POINT('',(-0.00462963420535227,-0.00496526663054687,0.0273059221757398));
#790=CARTESIAN_POINT('',(-0.00481057085576797,-0.00518835246732639,0.0290334190241722));
#791=CARTESIAN_POINT('',(-0.00487011745860667,-0.00524912812274451,0.0299095638121681));
#792=CARTESIAN_POINT('',(-0.00488316906300304,-0.00519917670274075,0.0307846134665851));
#793=SURFACE_SIDE_STYLE('',(#1869));
#794=EDGE_LOOP('',(#1870,#1871,#1872,#1873,#1874,#1875,#1876));
#795=AXIS2_PLACEMENT_3D('',#1877,#1878,#1879);
#796=SURFACE_SIDE_STYLE('',(#1880));
#797=EDGE_LOOP('',(#1881,#1882,#1883,#1884,#1885));
#798=AXIS2_PLACEMENT_3D('',#1886,#1887,#1888);
#799=SURFACE_SIDE_STYLE('',(#1889));
#800=EDGE_LOOP('',(#1890,#1891,#1892));
#801=CARTESIAN_POINT('',(0.0049710415384159,-0.00149690633637888,0.00569035868044076));
#802=CARTESIAN_POINT('',(0.00473764691333823,-0.00149825866201895,0.00574188284139019));
#803=CARTESIAN_POINT('',(0.00450805800330019,-0.00149972025167954,0.00581061080398256));
#804=CARTESIAN_POINT('',(0.00428469960447199,-0.00150000000000001,0.00589738307024525));
#805=CARTESIAN_POINT('',(0.00510168026365066,-0.00149552237526431,0.00608654171628604));
#806=CARTESIAN_POINT('',(0.00487637124442602,-0.00149652469141224,0.00613675542025516));
#807=CARTESIAN_POINT('',(0.00465440863968991,-0.00149830759066813,0.00620264941210588));
#808=CARTESIAN_POINT('',(0.00443784885444478,-0.00150000000000001,0.00628491687866021));
#809=CARTESIAN_POINT('',(0.00525859475694086,-0.00139547662131588,0.00655291374957383));
#810=CARTESIAN_POINT('',(0.00504179370320547,-0.00139577079473491,0.00660193184225866));
#811=CARTESIAN_POINT('',(0.00482788236490441,-0.00139658085797554,0.00666480369152764));
#812=CARTESIAN_POINT('',(0.00461850727141881,-0.00139712845201782,0.00674206077172271));
#813=CARTESIAN_POINT('',(0.0054408884003321,-0.00130995834284662,0.00710310256041134));
#814=CARTESIAN_POINT('',(0.00523213622606485,-0.00129876668655766,0.00713880580439632));
#815=CARTESIAN_POINT('',(0.00502466163975851,-0.00128789804411489,0.00718756855289143));
#816=CARTESIAN_POINT('',(0.00481972502865227,-0.00127776933257393,0.00725068162234208));
#817=CARTESIAN_POINT('',(0.00557250573560126,-0.00100686789013663,0.00747243179600234));
#818=CARTESIAN_POINT('',(0.00536976412743533,-0.00100006229298877,0.00751479749267404));
#819=CARTESIAN_POINT('',(0.00516869838794627,-0.000994820564517285,0.00756791242780377));
#820=CARTESIAN_POINT('',(0.00497035499332787,-0.000991408362191357,0.00763237829020215));
#821=CARTESIAN_POINT('',(0.00568345063962138,-0.000741029847823405,0.00778163461396524));
#822=CARTESIAN_POINT('',(0.00548509080031719,-0.000739590888014929,0.00782839002166415));
#823=CARTESIAN_POINT('',(0.00528885843474203,-0.000740303746496243,0.00788424025728731));
#824=CARTESIAN_POINT('',(0.00509563389159542,-0.000743236755224942,0.00794939738124614));
#825=SURFACE_SIDE_STYLE('',(#1893));
#826=EDGE_LOOP('',(#1894,#1895,#1896,#1897,#1898,#1899,#1900));
#827=CARTESIAN_POINT('',(0.00566955415970539,-0.000740937854934387,0.00778495601120547));
#828=CARTESIAN_POINT('',(0.00319324872896298,-0.000724420484289544,0.00837537958788201));
#829=CARTESIAN_POINT('',(0.00090409967221981,-0.000968899563847398,0.0100886386188982));
#830=CARTESIAN_POINT('',(-0.00109856544787428,-0.00151532989252534,0.0131445622223337));
#831=CARTESIAN_POINT('',(-0.00273349727970874,-0.00242353903044413,0.0174518552635039));
#832=CARTESIAN_POINT('',(-0.00397621886705459,-0.00378746887972272,0.0223558323282675));
#833=CARTESIAN_POINT('',(-0.00482308266361686,-0.00543317379177491,0.0267316252478904));
#834=CARTESIAN_POINT('',(-0.00488316906300304,-0.00519917670274075,0.0307846134665851));
#835=CARTESIAN_POINT('',(0.00712139492007377,0.000828127247601484,0.00943103485947133));
#836=CARTESIAN_POINT('',(0.00494435212882088,0.000704745750563008,0.0102633570707351));
#837=CARTESIAN_POINT('',(0.00298232253592288,0.000350408457701305,0.0119271893851502));
#838=CARTESIAN_POINT('',(0.00130266452108613,-0.000285811267049371,0.0145637289063058));
#839=CARTESIAN_POINT('',(-3.8936349248483E-005,-0.00126587120174423,0.0181718422921829));
#840=CARTESIAN_POINT('',(-0.000998916842850063,-0.00263801613423141,0.0224699074435313));
#841=CARTESIAN_POINT('',(-0.00152416917324748,-0.00416528063047065,0.0268322256533979));
#842=CARTESIAN_POINT('',(-0.00152318734969071,-0.0039526582363537,0.0307846134665849));
#843=CARTESIAN_POINT('',(0.00803456066505963,0.00188733653118844,0.00937573809808817));
#844=CARTESIAN_POINT('',(0.00613753462113132,0.00180658484243413,0.0104404718165309));
#845=CARTESIAN_POINT('',(0.00455726416668553,0.00169674609326745,0.0121885316891854));
#846=CARTESIAN_POINT('',(0.00332877846331536,0.0015521919294185,0.0147484912083792));
#847=CARTESIAN_POINT('',(0.00244385954803403,0.00131308643403132,0.0181619355472772));
#848=CARTESIAN_POINT('',(0.00185124691304414,0.000831897305004188,0.0222771963154154));
#849=CARTESIAN_POINT('',(0.0014856357733131,-7.48865664301632E-006,0.0266575289745893));
#850=CARTESIAN_POINT('',(0.00135248421444403,-0.00054338192720419,0.0307846134665852));
#851=CARTESIAN_POINT('',(0.00848852461203481,0.00324809331056609,0.00885910133666246));
#852=CARTESIAN_POINT('',(0.00668004893600648,0.00311203845860489,0.0101802534512704));
#853=CARTESIAN_POINT('',(0.00524813134880204,0.003063954674162,0.0120927038380235));
#854=CARTESIAN_POINT('',(0.00421503196868124,0.00309253624024388,0.0147156563756201));
#855=CARTESIAN_POINT('',(0.00354743073142549,0.00313084438350024,0.018115325044197));
#856=CARTESIAN_POINT('',(0.00317668306247778,0.00306630234993117,0.0222006930772914));
#857=CARTESIAN_POINT('',(0.00309461095573325,0.00281716458010119,0.0265925427025266));
#858=CARTESIAN_POINT('',(0.00360195314885431,0.00250948834132816,0.030784613466585));
#859=CARTESIAN_POINT('',(0.00825381485442018,0.00486768993222124,0.00791916629185577));
#860=CARTESIAN_POINT('',(0.00634308642078212,0.00482241944217087,0.00941486938433714));
#861=CARTESIAN_POINT('',(0.00490311429794557,0.00499241359981615,0.0114547056912043));
#862=CARTESIAN_POINT('',(0.00403305354164644,0.00538659756580166,0.0141709129739055));
#863=CARTESIAN_POINT('',(0.00379750573990824,0.00595317671997615,0.0176714472546031));
#864=CARTESIAN_POINT('',(0.00419504119178395,0.00657498150197619,0.0219120842052635));
#865=CARTESIAN_POINT('',(0.00505077640117345,0.00699684802131159,0.026486921177605));
#866=CARTESIAN_POINT('',(0.00561466735214597,0.00622432219801861,0.0307846134665851));
#867=CARTESIAN_POINT('',(0.00758252541851153,0.00605474313403111,0.0059150572325762));
#868=CARTESIAN_POINT('',(0.00559375696046936,0.00599718050589596,0.00755672204771341));
#869=CARTESIAN_POINT('',(0.00420872998554265,0.00631623581609284,0.0098775954446561));
#870=CARTESIAN_POINT('',(0.00358349916888238,0.0070505009523682,0.0130464692561287));
#871=CARTESIAN_POINT('',(0.0038223819912597,0.00816226090451679,0.0171100412407624));
#872=CARTESIAN_POINT('',(0.00489724743599233,0.00952437767629514,0.0217874982790105));
#873=CARTESIAN_POINT('',(0.00646166320702305,0.0107291717365758,0.0263687728862257));
#874=CARTESIAN_POINT('',(0.00744921498056155,0.00988370563610827,0.0307846134665851));
#875=SURFACE_SIDE_STYLE('',(#1901));
#876=EDGE_LOOP('',(#1902,#1903,#1904,#1905));
#877=CARTESIAN_POINT('',(0.00601641001561222,0.00613528665257612,0.00763488858362257));
#878=CARTESIAN_POINT('',(0.00594445110773023,0.00614680798428945,0.00774123015879112));
#879=CARTESIAN_POINT('',(0.00587502601108369,0.00615942334470392,0.0078491962145178));
#880=CARTESIAN_POINT('',(0.00553504886827996,0.0062289282647025,0.00840591021473967));
#881=CARTESIAN_POINT('',(0.00530503610017334,0.006301954665087,0.00887695253841404));
#882=CARTESIAN_POINT('',(0.00473415313964456,0.00655890474722081,0.0103314330500982));
#883=CARTESIAN_POINT('',(0.00451081871510085,0.00677786807435838,0.0113487038570332));
#884=CARTESIAN_POINT('',(0.00426820057862196,0.0072507670455541,0.0133905933328524));
#885=CARTESIAN_POINT('',(0.00424752882373889,0.0075054895934378,0.0144179686785859));
#886=CARTESIAN_POINT('',(0.00433162430500825,0.00801849591957587,0.0164623884993361));
#887=CARTESIAN_POINT('',(0.00443715470603885,0.00827760726551183,0.0174808623671519));
#888=CARTESIAN_POINT('',(0.00458406527259146,0.00852733322850152,0.018494522393631));
#889=CARTESIAN_POINT('',(0.00593326077260577,0.00626855749771823,0.00745494812945008));
#890=CARTESIAN_POINT('',(0.00586751640205605,0.00627960958119885,0.0075559884484877));
#891=CARTESIAN_POINT('',(0.00580226486564047,0.00629191600739086,0.00766098111528091));
#892=CARTESIAN_POINT('',(0.00546355863236901,0.00636236607341212,0.00822627100250875));
#893=CARTESIAN_POINT('',(0.00523699251783145,0.00643803136683452,0.00870608944582037));
#894=CARTESIAN_POINT('',(0.00467928186201354,0.00669661690173893,0.0101923004431747));
#895=CARTESIAN_POINT('',(0.00446947701439186,0.00690997164650178,0.0112365300165158));
#896=CARTESIAN_POINT('',(0.00424786292012204,0.00737265522635979,0.0133174369781126));
#897=CARTESIAN_POINT('',(0.00423591453023557,0.00762350068997894,0.0143587221237483));
#898=CARTESIAN_POINT('',(0.0043336087140941,0.00812756099922295,0.0164257356765573));
#899=CARTESIAN_POINT('',(0.00443789910157442,0.00839011124502751,0.0174662865908691));
#900=CARTESIAN_POINT('',(0.00458710657904468,0.00862744792617109,0.0184876699786381));
#901=CARTESIAN_POINT('',(0.0055238730368517,0.00643917265844332,0.00723045747198492));
#902=CARTESIAN_POINT('',(0.00545189702400361,0.00644657293232765,0.00734179581576761));
#903=CARTESIAN_POINT('',(0.0053825694836997,0.0064553519165518,0.00745473296675568));
#904=CARTESIAN_POINT('',(0.00504403688704659,0.00650725099093255,0.00803700119378084));
#905=CARTESIAN_POINT('',(0.00482063421867783,0.0065686086475507,0.00852962092787262));
#906=CARTESIAN_POINT('',(0.00430587669392689,0.00680838504288634,0.0100555710307542));
#907=CARTESIAN_POINT('',(0.00416947860461713,0.00704208866731941,0.0111186724431505));
#908=CARTESIAN_POINT('',(0.00408414211833148,0.00754306413294506,0.0132342277935245));
#909=CARTESIAN_POINT('',(0.00413309762380517,0.00780841455352397,0.0142949696320833));
#910=CARTESIAN_POINT('',(0.0043185874236859,0.00831363277339053,0.0164127539427785));
#911=CARTESIAN_POINT('',(0.00437063945661119,0.00853759290816042,0.0174622130610112));
#912=CARTESIAN_POINT('',(0.00456248318444534,0.00876638976845178,0.0185158832806081));
#913=CARTESIAN_POINT('',(0.00517188469390811,0.00651677495060867,0.00676437970037101));
#914=CARTESIAN_POINT('',(0.00510937574657758,0.00652072299414771,0.00686980780824594));
#915=CARTESIAN_POINT('',(0.00504531566117976,0.00652561807377064,0.006981414256041));
#916=CARTESIAN_POINT('',(0.00469257684745347,0.00655660050285144,0.00760306547574761));
#917=CARTESIAN_POINT('',(0.00446098968091565,0.00660383061402618,0.00813139785804089));
#918=CARTESIAN_POINT('',(0.0039452161584675,0.00682786371501655,0.00977359146256581));
#919=CARTESIAN_POINT('',(0.00383812219235674,0.00708873301584853,0.0109068763214936));
#920=CARTESIAN_POINT('',(0.00380628425753869,0.00764554111163273,0.013121991947744));
#921=CARTESIAN_POINT('',(0.00388226711104408,0.00793507534534053,0.0142239568588208));
#922=CARTESIAN_POINT('',(0.00411614353819563,0.0084512564784926,0.0164190811633874));
#923=CARTESIAN_POINT('',(0.00429722367449729,0.0086402876175817,0.0175151228657703));
#924=CARTESIAN_POINT('',(0.00445990183194458,0.00891543882179716,0.018574269619763));
#925=CARTESIAN_POINT('',(0.00495145305272662,0.00651339594897055,0.0067799565686012));
#926=CARTESIAN_POINT('',(0.00487779325408582,0.00651687888021856,0.00689845512558327));
#927=CARTESIAN_POINT('',(0.00480674653924591,0.00652121807183313,0.00701855995909411));
#928=CARTESIAN_POINT('',(0.00446026726712785,0.00654862269266156,0.00763810399306204));
#929=CARTESIAN_POINT('',(0.00423462432364056,0.00659060470384681,0.00816366342617085));
#930=CARTESIAN_POINT('',(0.00374456672773632,0.00679973750011466,0.00979454313705477));
#931=CARTESIAN_POINT('',(0.00366297753464745,0.00705736327645092,0.0109189234944306));
#932=CARTESIAN_POINT('',(0.00366396208557996,0.00762435132504781,0.0131265210169828));
#933=CARTESIAN_POINT('',(0.00374852026511084,0.00792547103093477,0.0142264386033617));
#934=CARTESIAN_POINT('',(0.00400151544698278,0.00846655970335549,0.0164299752963549));
#935=CARTESIAN_POINT('',(0.0041838251746049,0.00869240383652446,0.0175206545588669));
#936=CARTESIAN_POINT('',(0.00436390954619132,0.00895031000285324,0.0186164192119211));
#937=SURFACE_SIDE_STYLE('',(#1906));
#938=EDGE_LOOP('',(#1907,#1908,#1909,#1910,#1911,#1912,#1913));
#939=AXIS2_PLACEMENT_3D('',#1914,#1915,#1916);
#940=SURFACE_SIDE_STYLE('',(#1917));
#941=EDGE_LOOP('',(#1918,#1919,#1920,#1921));
#942=CARTESIAN_POINT('',(0.00333318474760896,0.00844928693383423,0.0189199832936413));
#943=CARTESIAN_POINT('',(0.00312693260699504,0.00830462100731076,0.0184187048953143));
#944=CARTESIAN_POINT('',(0.00291494934746569,0.00815830330908344,0.017919382159869));
#945=CARTESIAN_POINT('',(0.0024767575611378,0.00786751436036365,0.016927211827524));
#946=CARTESIAN_POINT('',(0.00225055260040328,0.00772287996177635,0.0164338237399248));
#947=CARTESIAN_POINT('',(0.00154205589724977,0.00729862893251269,0.0149660385509145));
#948=CARTESIAN_POINT('',(0.00103228245234791,0.00702749836569523,0.0140000334183713));
#949=CARTESIAN_POINT('',(-0.000131771622853108,0.00655393502933971,0.0121396366827529));
#950=CARTESIAN_POINT('',(-0.000788990164493233,0.00635122521967257,0.0112416198970363));
#951=CARTESIAN_POINT('',(-0.00234749275716705,0.00608255088918641,0.00964676753975606));
#952=CARTESIAN_POINT('',(-0.00326049248173331,0.00602205364561834,0.00895876382249189));
#953=CARTESIAN_POINT('',(-0.00428605432542001,0.00606122334102562,0.00849370424624214));
#954=CARTESIAN_POINT('',(0.00345531179025783,0.00857337387058986,0.018892149776945));
#955=CARTESIAN_POINT('',(0.0032500147363025,0.00842837273783239,0.0183824364068873));
#956=CARTESIAN_POINT('',(0.00304078000146083,0.00828328244996266,0.0178730624581007));
#957=CARTESIAN_POINT('',(0.00260834404046855,0.00799449319481461,0.0168602758121106));
#958=CARTESIAN_POINT('',(0.00238507052162903,0.00785058979282762,0.016356147375128));
#959=CARTESIAN_POINT('',(0.0016835842556177,0.00742659823737763,0.0148564746459272));
#960=CARTESIAN_POINT('',(0.00117662519294562,0.00715351579438699,0.0138693040517486));
#961=CARTESIAN_POINT('',(1.55702940475881E-005,0.00667894708459263,0.0119704747692781));
#962=CARTESIAN_POINT('',(-0.000643089339958205,0.00647608805082771,0.0110551159089146));
#963=CARTESIAN_POINT('',(-0.00222471271138997,0.00620594071586009,0.00945099109057728));
#964=CARTESIAN_POINT('',(-0.00316085620682301,0.00614516615066523,0.00876648999389516));
#965=CARTESIAN_POINT('',(-0.00419687964810537,0.00620520827581614,0.00830040370821247));
#966=CARTESIAN_POINT('',(0.00373543967920362,0.00878519718384111,0.0188265792483602));
#967=CARTESIAN_POINT('',(0.00352580833678906,0.00864563478270017,0.0182997615590574));
#968=CARTESIAN_POINT('',(0.00331098579636122,0.00851525384597831,0.0177715333727823));
#969=CARTESIAN_POINT('',(0.00287214428826366,0.00824901795988,0.0167194515317024));
#970=CARTESIAN_POINT('',(0.0026483548527156,0.00811316116793672,0.0161949304061425));
#971=CARTESIAN_POINT('',(0.00195499224913604,0.00769591273228079,0.0146336612423754));
#972=CARTESIAN_POINT('',(0.00146960750120386,0.0074017716679154,0.0136038097910891));
#973=CARTESIAN_POINT('',(0.000341262037467211,0.00687532822757007,0.0116228472461672));
#974=CARTESIAN_POINT('',(-0.000317129232317939,0.00665120325237106,0.0106673831148042));
#975=CARTESIAN_POINT('',(-0.00197316200341009,0.00640393716125135,0.00904315827142593));
#976=CARTESIAN_POINT('',(-0.00295975757192118,0.0063724051197031,0.00838872410865024));
#977=CARTESIAN_POINT('',(-0.00400449453991056,0.00639585128629865,0.00788236846288354));
#978=CARTESIAN_POINT('',(0.00404843568112354,0.00893863509361466,0.0187387413206404));
#979=CARTESIAN_POINT('',(0.00383851971469694,0.00878879614761733,0.0181951707776886));
#980=CARTESIAN_POINT('',(0.00362115713306537,0.00867859364235641,0.0176444856406528));
#981=CARTESIAN_POINT('',(0.00318042589780142,0.00844710203127287,0.0165469424107208));
#982=CARTESIAN_POINT('',(0.00295760644745695,0.0083278505865321,0.0159979192124393));
#983=CARTESIAN_POINT('',(0.0022741178845359,0.0079315864681728,0.0143656908792423));
#984=CARTESIAN_POINT('',(0.00180620894522684,0.00761117313826288,0.0132964628940727));
#985=CARTESIAN_POINT('',(0.00070039991059712,0.00701018040391648,0.0112500056756244));
#986=CARTESIAN_POINT('',(3.90329885551868E-005,0.00674432327332869,0.0102636216342861));
#987=CARTESIAN_POINT('',(-0.00168977331194845,0.0064932434481847,0.0086064301006378));
#988=CARTESIAN_POINT('',(-0.00272494969640936,0.00649887165822569,0.00796304926799084));
#989=CARTESIAN_POINT('',(-0.00379248851020011,0.00649998012526287,0.00742275260953733));
#990=CARTESIAN_POINT('',(0.00421698651486766,0.00895352411730973,0.0186838306941227));
#991=CARTESIAN_POINT('',(0.00400329514501298,0.00881795922320325,0.01812839066915));
#992=CARTESIAN_POINT('',(0.00378865929965167,0.00870005726747897,0.0175691931123898));
#993=CARTESIAN_POINT('',(0.0033546494212714,0.00844943153475246,0.0164561858075163));
#994=CARTESIAN_POINT('',(0.00313576934825203,0.00831678438143127,0.0159018120888978));
#995=CARTESIAN_POINT('',(0.00246078851115125,0.00788881581696807,0.0142550153297211));
#996=CARTESIAN_POINT('',(0.00199591521626876,0.007557757526744,0.0131725666978016));
#997=CARTESIAN_POINT('',(0.000889706562414502,0.0069529953671767,0.0110850811079829));
#998=CARTESIAN_POINT('',(0.00022221969488454,0.00669740757925898,0.0100716507866675));
#999=CARTESIAN_POINT('',(-0.00154480057120208,0.00648368848289283,0.00838696744499513));
#1000=CARTESIAN_POINT('',(-0.00260207608134583,0.00650164687330069,0.00774672318266804));
#1001=CARTESIAN_POINT('',(-0.00368486948257715,0.00649998012526287,0.00718937983851661));
#1002=SURFACE_SIDE_STYLE('',(#1922));
#1003=EDGE_LOOP('',(#1923,#1924,#1925,#1926,#1927,#1928));
#1004=CARTESIAN_POINT('',(0.00744921498056155,0.00988370563610827,0.0307846134665851));
#1005=CARTESIAN_POINT('',(0.00754451873651959,0.0100738086242996,0.0307846134665846));
#1006=CARTESIAN_POINT('',(0.0073501173535071,0.0101914451768139,0.0307846134665851));
#1007=CARTESIAN_POINT('',(0.00721204803982985,0.0100599861445687,0.0307846134665851));
#1008=CARTESIAN_POINT('',(0.00705791237828521,0.0102188352568484,0.029034730579473));
#1009=CARTESIAN_POINT('',(0.00714766522917255,0.0104156515977222,0.0290320700562616));
#1010=CARTESIAN_POINT('',(0.0069484268181076,0.0104695445051353,0.0293106921635259));
#1011=CARTESIAN_POINT('',(0.00683513996941727,0.0103030486333875,0.0293551736023132));
#1012=CARTESIAN_POINT('',(0.00657429175909263,0.0102326930719728,0.0272522214740854));
#1013=CARTESIAN_POINT('',(0.00677056507670715,0.010666946855242,0.0272473739048527));
#1014=CARTESIAN_POINT('',(0.0066724887810966,0.0107202818077486,0.0276653865864777));
#1015=CARTESIAN_POINT('',(0.00643619551186615,0.0103680275675789,0.0277551446230924));
#1016=CARTESIAN_POINT('',(0.00606737043305334,0.0100389024023127,0.0254534836591203));
#1017=CARTESIAN_POINT('',(0.00615881291342833,0.0103554174766012,0.0254365191954135));
#1018=CARTESIAN_POINT('',(0.00623569303429351,0.0105439978774599,0.0257574826541111));
#1019=CARTESIAN_POINT('',(0.00594283470149044,0.0102190697216515,0.0260523167106732));
#1020=CARTESIAN_POINT('',(0.0055859793426834,0.00972544509363465,0.0236537290956999));
#1021=CARTESIAN_POINT('',(0.00565890883891679,0.00995391694979263,0.0236386043840213));
#1022=CARTESIAN_POINT('',(0.00565321419648141,0.010321300760752,0.0238010997566459));
#1023=CARTESIAN_POINT('',(0.00536735739519471,0.00989536960834021,0.0242839225719167));
#1024=CARTESIAN_POINT('',(0.00516346316366317,0.00934388176627735,0.0218787398078229));
#1025=CARTESIAN_POINT('',(0.00519554239972047,0.00952044901140447,0.0218515965030001));
#1026=CARTESIAN_POINT('',(0.00521352044128844,0.0100605681312451,0.0219470021751798));
#1027=CARTESIAN_POINT('',(0.00473446206911234,0.00945610622288835,0.0224811220494082));
#1028=CARTESIAN_POINT('',(0.00482430546033835,0.00893576653402703,0.0201520640906211));
#1029=CARTESIAN_POINT('',(0.00484582908290327,0.00903230042613598,0.0201398204901344));
#1030=CARTESIAN_POINT('',(0.00488457151905551,0.00979250851697363,0.0202655193045372));
#1031=CARTESIAN_POINT('',(0.00405699644815623,0.00895939771871657,0.0206791656746578));
#1032=CARTESIAN_POINT('',(0.00458406527259146,0.00852733322850152,0.018494522393631));
#1033=CARTESIAN_POINT('',(0.00459986055516775,0.00866396343242419,0.0184627246734552));
#1034=CARTESIAN_POINT('',(0.00451119192628741,0.00949108824707334,0.0186593430388774));
#1035=CARTESIAN_POINT('',(0.00333282790021745,0.00845492807787493,0.0189188083804492));
#1036=SURFACE_SIDE_STYLE('',(#1929));
#1037=EDGE_LOOP('',(#1930,#1931,#1932,#1933,#1934));
#1038=CARTESIAN_POINT('',(0.00569881925137229,0.00649998012526285,0.0057261596822204));
#1039=CARTESIAN_POINT('',(0.00325090529393578,0.00649998012526285,0.00881305759599761));
#1040=CARTESIAN_POINT('',(0.0036214480351683,0.00669824268624321,0.0105932941943858));
#1041=CARTESIAN_POINT('',(0.00348473463575541,0.00803910989760238,0.013836581704999));
#1042=CARTESIAN_POINT('',(0.00397613618306279,0.00837207824568589,0.0161685050233058));
#1043=CARTESIAN_POINT('',(0.00436794319454045,0.00894397210376048,0.018630991983372));
#1044=CARTESIAN_POINT('',(0.00443828385742815,0.00649998012526286,0.00592271786402271));
#1045=CARTESIAN_POINT('',(0.00267818619929066,0.00649998012526286,0.008923077569999));
#1046=CARTESIAN_POINT('',(0.00305161916329344,0.00640717028850634,0.0105738156500506));
#1047=CARTESIAN_POINT('',(0.00326764260950074,0.00810496549113505,0.0138401148016109));
#1048=CARTESIAN_POINT('',(0.00378339655114399,0.00841243342693036,0.0161921333159982));
#1049=CARTESIAN_POINT('',(0.00434715622093425,0.00894891369898966,0.0186387089174284));
#1050=CARTESIAN_POINT('',(0.00338885099998844,0.00649998012526283,0.00608635834200763));
#1051=CARTESIAN_POINT('',(0.0021133256519957,0.00649998012526283,0.00897824807366908));
#1052=CARTESIAN_POINT('',(0.00252959469488122,0.00629321351506049,0.0105915236264));
#1053=CARTESIAN_POINT('',(0.00304419752559591,0.00813785012726412,0.0138600636348028));
#1054=CARTESIAN_POINT('',(0.00366998252309698,0.00841709857996087,0.0162050142880752));
#1055=CARTESIAN_POINT('',(0.00431571475966612,0.00895506837617223,0.0186502313552136));
#1056=CARTESIAN_POINT('',(0.000331548341994599,0.00649998012526287,0.00656309057385265));
#1057=CARTESIAN_POINT('',(0.00146138676915265,0.00649998012526287,0.00910337448006551));
#1058=CARTESIAN_POINT('',(0.00205184404934384,0.00628338780185798,0.0106145033233557));
#1059=CARTESIAN_POINT('',(0.0027796875892166,0.00815299705105402,0.0138793158517579));
#1060=CARTESIAN_POINT('',(0.00353292330645449,0.00841182153796626,0.0162176137861241));
#1061=CARTESIAN_POINT('',(0.00428546305823085,0.00895600157735829,0.0186607075983194));
#1062=CARTESIAN_POINT('',(-0.00135807651394852,0.00649998012526287,0.00682655766189134));
#1063=CARTESIAN_POINT('',(0.00108575882390964,0.00649998012526286,0.00910632762197928));
#1064=CARTESIAN_POINT('',(0.00147975202950658,0.00630557105101783,0.0106469047998474));
#1065=CARTESIAN_POINT('',(0.0025490142944492,0.00814533840737161,0.0139040125876602));
#1066=CARTESIAN_POINT('',(0.00339852473662532,0.00839143325530115,0.0162308521589925));
#1067=CARTESIAN_POINT('',(0.00425779252490683,0.00895708754463858,0.0186703172348976));
#1068=CARTESIAN_POINT('',(-0.00368486948257713,0.00649998012526287,0.00718937983851662));
#1069=CARTESIAN_POINT('',(0.000169032770592138,0.00649998012526286,0.00917518409582805));
#1070=CARTESIAN_POINT('',(0.000970577267865929,0.00640581610739308,0.0106012575160066));
#1071=CARTESIAN_POINT('',(0.00238843638034035,0.00812795396347495,0.0139094461014051));
#1072=CARTESIAN_POINT('',(0.00327668619449239,0.00835464601950733,0.0162397451532883));
#1073=CARTESIAN_POINT('',(0.00421698651486765,0.00895352411730973,0.0186838306941227));
#1074=SURFACE_SIDE_STYLE('',(#1935));
#1075=EDGE_LOOP('',(#1936,#1937,#1938,#1939));
#1076=CARTESIAN_POINT('',(-0.00428605432542001,0.00606122334102562,0.00849370424624215));
#1077=CARTESIAN_POINT('',(-0.00476470039371412,0.00607890569972641,0.00827518309823209));
#1078=CARTESIAN_POINT('',(-0.00526448942450284,0.00611724479991412,0.00810483413285002));
#1079=CARTESIAN_POINT('',(-0.00579044638993918,0.00617485732222272,0.00797941898337914));
#1080=CARTESIAN_POINT('',(-0.00580662163398784,0.00617664539268308,0.00797561283361511));
#1081=CARTESIAN_POINT('',(-0.0058228059353751,0.00617845059824785,0.0079718551171131));
#1082=CARTESIAN_POINT('',(-0.00420407433595764,0.00619358518607744,0.00831600930870355));
#1083=CARTESIAN_POINT('',(-0.00469150380184548,0.00621832929489109,0.00810409614878933));
#1084=CARTESIAN_POINT('',(-0.00510325948422911,0.00624916390775269,0.00797513082196106));
#1085=CARTESIAN_POINT('',(-0.00563565153715495,0.00630755986015973,0.00785291422727396));
#1086=CARTESIAN_POINT('',(-0.00565202562136906,0.00630937390031208,0.00784920929473572));
#1087=CARTESIAN_POINT('',(-0.00566840982497101,0.00631120683889866,0.00784555565550133));
#1088=CARTESIAN_POINT('',(-0.00400631935703195,0.00640874349591999,0.00788632276584273));
#1089=CARTESIAN_POINT('',(-0.00450794513652943,0.00640593444054052,0.00767509078895246));
#1090=CARTESIAN_POINT('',(-0.00502703249924568,0.00642385734849299,0.00750895854068518));
#1091=CARTESIAN_POINT('',(-0.0055727645989296,0.00646687641218831,0.00739122772387705));
#1092=CARTESIAN_POINT('',(-0.00558954696296717,0.00646821842519241,0.00738766329822627));
#1093=CARTESIAN_POINT('',(-0.00560633766273402,0.00646958017387088,0.00738415305623482));
#1094=CARTESIAN_POINT('',(-0.00375178779957607,0.00649998012526288,0.00733450288598906));
#1095=CARTESIAN_POINT('',(-0.00428872900891539,0.00650189242973995,0.00712875676011195));
#1096=CARTESIAN_POINT('',(-0.00465570323863538,0.00650681661665498,0.00704276128576132));
#1097=CARTESIAN_POINT('',(-0.00523612093850711,0.00653249790492391,0.00692391899791535));
#1098=CARTESIAN_POINT('',(-0.00525397229646887,0.00653330971289343,0.0069203247632276));
#1099=CARTESIAN_POINT('',(-0.0052718348036744,0.00653414414658994,0.00691678919535741));
#1100=CARTESIAN_POINT('',(-0.00368486948257714,0.00649998012526288,0.00718937983851662));
#1101=CARTESIAN_POINT('',(-0.00421933050343241,0.00650007540031956,0.00699039970364385));
#1102=CARTESIAN_POINT('',(-0.00476714277757965,0.00650458778109857,0.00682412972879849));
#1103=CARTESIAN_POINT('',(-0.00534429597895071,0.00652730342955726,0.00670968227860657));
#1104=CARTESIAN_POINT('',(-0.00536204568139337,0.00652802169817756,0.00670622366416147));
#1105=CARTESIAN_POINT('',(-0.00537980520143465,0.00652876029032947,0.00670282430891662));
#1106=SURFACE_SIDE_STYLE('',(#1940));
#1107=EDGE_LOOP('',(#1941,#1942,#1943,#1944,#1945,#1946,#1947));
#1108=CARTESIAN_POINT('',(-0.0071665984557344,-0.00420567330428447,0.0307846134665851));
#1109=CARTESIAN_POINT('',(-0.00699262650900634,-0.00449076252449419,0.0272448699974765));
#1110=CARTESIAN_POINT('',(-0.00658760912390744,-0.00383605339891094,0.0236849785265671));
#1111=CARTESIAN_POINT('',(-0.00588647192250127,-0.0022939060953283,0.0199556320367822));
#1112=CARTESIAN_POINT('',(-0.00420466869768354,-0.00137732214217201,0.0155018528377051));
#1113=CARTESIAN_POINT('',(-0.00337177120112175,-0.000753632441186201,0.011284546350408));
#1114=CARTESIAN_POINT('',(-0.00450555731478686,-0.000539690444819443,0.00797678130517427));
#1115=CARTESIAN_POINT('',(-0.00755105373933898,-0.000853440847342,0.00577194979427102));
#1116=CARTESIAN_POINT('',(-0.00643620142465997,-0.00198936261316021,0.0307846134665847));
#1117=CARTESIAN_POINT('',(-0.00589812186288751,-0.00138592680773584,0.0274311884800352));
#1118=CARTESIAN_POINT('',(-0.00523559717147937,-0.000889006002365338,0.0238729547352259));
#1119=CARTESIAN_POINT('',(-0.00474253409285951,0.000102430516251276,0.0200609031337524));
#1120=CARTESIAN_POINT('',(-0.00417311142418322,0.000657846556223832,0.0161317433567977));
#1121=CARTESIAN_POINT('',(-0.00431622193515442,0.00103454390640577,0.0125895283809618));
#1122=CARTESIAN_POINT('',(-0.00580217523212627,0.00104903226949325,0.00982562827526569));
#1123=CARTESIAN_POINT('',(-0.00867192240792133,0.000581275298598211,0.00800505539862044));
#1124=CARTESIAN_POINT('',(-0.00237780992798758,0.0013297738974084,0.0307846134665853));
#1125=CARTESIAN_POINT('',(-0.00236170890581266,0.00132446464242842,0.0275560587812375));
#1126=CARTESIAN_POINT('',(-0.00242301669361533,0.0016682405407828,0.0238262276020395));
#1127=CARTESIAN_POINT('',(-0.00271953555149303,0.0020974028020413,0.0199054155507645));
#1128=CARTESIAN_POINT('',(-0.00302722613661388,0.00208729300233087,0.0160881278409281));
#1129=CARTESIAN_POINT('',(-0.00380592968904942,0.00200532942231055,0.0128648050720381));
#1130=CARTESIAN_POINT('',(-0.00555162031164354,0.00193727837245999,0.0105576155317239));
#1131=CARTESIAN_POINT('',(-0.00839774493083643,0.00178648471997521,0.00923340703466839));
#1132=CARTESIAN_POINT('',(0.00128856197838089,0.00447644856547798,0.030784613466585));
#1133=CARTESIAN_POINT('',(0.000843995866261357,0.0048898316413596,0.027539057095846));
#1134=CARTESIAN_POINT('',(0.000454898917157415,0.00491656113215134,0.0236972356869458));
#1135=CARTESIAN_POINT('',(-0.000477458049228319,0.00446451243822477,0.0197185703003738));
#1136=CARTESIAN_POINT('',(-0.00150562378045353,0.00386229685750077,0.0159309009574164));
#1137=CARTESIAN_POINT('',(-0.00284661752713034,0.00343519943666107,0.0128607262064503));
#1138=CARTESIAN_POINT('',(-0.00493595637469722,0.00322962729630404,0.010768125506346));
#1139=CARTESIAN_POINT('',(-0.00794410174287872,0.00314413044603513,0.00968986823176837));
#1140=CARTESIAN_POINT('',(0.00431717906737332,0.00730371349092692,0.0307846134665851));
#1141=CARTESIAN_POINT('',(0.00351816454051091,0.0075337650285671,0.027546561585312));
#1142=CARTESIAN_POINT('',(0.00305593360118698,0.00739539333513217,0.0236050696689032));
#1143=CARTESIAN_POINT('',(0.00163676600180498,0.00641612098811432,0.0195627963192444));
#1144=CARTESIAN_POINT('',(7.54358686596893E-005,0.00551081685892629,0.0157410959667474));
#1145=CARTESIAN_POINT('',(-0.00171593568420785,0.00489715464139692,0.0124520593458065));
#1146=CARTESIAN_POINT('',(-0.0041156605693872,0.00472455458682325,0.0101842936935227));
#1147=CARTESIAN_POINT('',(-0.00729499593291542,0.00492268931410327,0.00917598323154874));
#1148=CARTESIAN_POINT('',(0.00721204803982984,0.0100599861445687,0.0307846134665851));
#1149=CARTESIAN_POINT('',(0.0063618436562328,0.0106082704868369,0.0275601772337352));
#1150=CARTESIAN_POINT('',(0.00539951072427665,0.0102504058155774,0.0234677262167366));
#1151=CARTESIAN_POINT('',(0.00349427680137584,0.0085748711880527,0.0192853516228096));
#1152=CARTESIAN_POINT('',(0.00200782880482367,0.00711321912418232,0.0149999759980803));
#1153=CARTESIAN_POINT('',(0.000272831517795154,0.0060908443082643,0.0112373422966925));
#1154=CARTESIAN_POINT('',(-0.00230869678586394,0.00578842500906989,0.00879380285728583));
#1155=CARTESIAN_POINT('',(-0.0058105723260066,0.00617710406266706,0.00797476537642706));
#1156=SURFACE_SIDE_STYLE('',(#1948));
#1157=EDGE_LOOP('',(#1949,#1950,#1951));
#1158=CARTESIAN_POINT('',(-0.00368486948257713,0.00649998012526287,0.00718937983851662));
#1159=CARTESIAN_POINT('',(-0.00395936148557338,0.00649998012526287,0.0070872183074499));
#1160=CARTESIAN_POINT('',(-0.00422217169311346,0.00650107588471757,0.00699763983578164));
#1161=CARTESIAN_POINT('',(-0.00447480467684623,0.00650365541201917,0.00691969650873983));
#1162=CARTESIAN_POINT('',(-0.00471857345965393,0.00650801218156361,0.00685252145276893));
#1163=CARTESIAN_POINT('',(-0.00495462244150686,0.00651435987642933,0.00679532118437698));
#1164=CARTESIAN_POINT('',(-0.0038064898994069,0.00649998012526287,0.00694926757571803));
#1165=CARTESIAN_POINT('',(-0.00407635733011928,0.00649998012526287,0.00685694666922621));
#1166=CARTESIAN_POINT('',(-0.00433474211807426,0.00650073648675296,0.00677643378932722));
#1167=CARTESIAN_POINT('',(-0.00458313723132276,0.00650271862193364,0.0067068715667358));
#1168=CARTESIAN_POINT('',(-0.0048228453498312,0.00650628871674627,0.0066474724756098));
#1169=CARTESIAN_POINT('',(-0.0050550015824766,0.00651171808926752,0.0065975125588919));
#1170=CARTESIAN_POINT('',(-0.00392381318527413,0.00649998012526288,0.00671763903519116));
#1171=CARTESIAN_POINT('',(-0.0041891948504896,0.00649998012526288,0.00663449669702737));
#1172=CARTESIAN_POINT('',(-0.00444330120281033,0.00650044065991395,0.00656245291397122));
#1173=CARTESIAN_POINT('',(-0.00468761156850269,0.0065019022246727,0.00650073371392597));
#1174=CARTESIAN_POINT('',(-0.00492341643726779,0.00650478697211629,0.00644862464909717));
#1175=CARTESIAN_POINT('',(-0.00515183996774608,0.00650941649186264,0.00640546577787078));
#1176=CARTESIAN_POINT('',(-0.00404636885349827,0.00649998012526288,0.00647568032806649));
#1177=CARTESIAN_POINT('',(-0.004306798459517,0.00649998012526288,0.00640241706402714));
#1178=CARTESIAN_POINT('',(-0.00455620404253157,0.00650018461622977,0.00633950914700201));
#1179=CARTESIAN_POINT('',(-0.00479604736423341,0.00650119575992258,0.00628626599050594));
#1180=CARTESIAN_POINT('',(-0.00502760308132431,0.00650348769853815,0.00624204657054219));
#1181=CARTESIAN_POINT('',(-0.00525198103147003,0.00650742557789676,0.00620625558622398));
#1182=CARTESIAN_POINT('',(-0.00417861749836204,0.00649998012526288,0.00621458501037212));
#1183=CARTESIAN_POINT('',(-0.00443333523006771,0.00649998012526288,0.0061525696870471));
#1184=CARTESIAN_POINT('',(-0.00467734249202194,0.00649996457717355,0.00610008009146538));
#1185=CARTESIAN_POINT('',(-0.00491207847938034,0.00650058877706907,0.00605651323864244));
#1186=CARTESIAN_POINT('',(-0.00513879736306825,0.00650237163236746,0.00602130574184819));
#1187=CARTESIAN_POINT('',(-0.00535859034142608,0.00650571576574785,0.00599393110877606));
#1188=CARTESIAN_POINT('',(-0.0043220487074049,0.00649998012526288,0.00593141222526791));
#1189=CARTESIAN_POINT('',(-0.00457019318617048,0.00649998012526288,0.00588225403705277));
#1190=CARTESIAN_POINT('',(-0.00480800943852845,0.00649977704467351,0.00584168366665128));
#1191=CARTESIAN_POINT('',(-0.00503690868821167,0.0065000715943913,0.00580919205634263));
#1192=CARTESIAN_POINT('',(-0.00525811959945569,0.00650142091362701,0.0057842995585912));
#1193=CARTESIAN_POINT('',(-0.00547271007453603,0.00650425960660862,0.00576655435025907));
#1194=SURFACE_SIDE_STYLE('',(#1952));
#1195=EDGE_LOOP('',(#1953,#1954,#1955,#1956));
#1196=CARTESIAN_POINT('',(0.00235736123428544,-0.000577767982632625,0.151512651387868));
#1197=CARTESIAN_POINT('',(0.00233777224051271,-0.000581953656837899,0.151583455155821));
#1198=CARTESIAN_POINT('',(0.00231140272335651,-0.000588400068261418,0.151652596376305));
#1199=CARTESIAN_POINT('',(0.00223979196269472,-0.00060775336183546,0.151779859656317));
#1200=CARTESIAN_POINT('',(0.00219401326834884,-0.000620845833716889,0.151837605609884));
#1201=CARTESIAN_POINT('',(0.00208375419546398,-0.000653791227676641,0.151929827360908));
#1202=CARTESIAN_POINT('',(0.00201983675986303,-0.000673486272660617,0.151963625232878));
#1203=CARTESIAN_POINT('',(0.00188526013150245,-0.000715738433310836,0.152006178412931));
#1204=CARTESIAN_POINT('',(0.00181497082766174,-0.000738154628913175,0.152015618942242));
#1205=CARTESIAN_POINT('',(0.00174493127223379,-0.000760656375290905,0.152017000739657));
#1206=CARTESIAN_POINT('',(0.00256433752174179,-0.000510001727078909,0.151512651387868));
#1207=CARTESIAN_POINT('',(0.00254486485058643,-0.000513775732548032,0.151597504636683));
#1208=CARTESIAN_POINT('',(0.00252109660935733,-0.000518730045881189,0.151689088774903));
#1209=CARTESIAN_POINT('',(0.00244517224140216,-0.00053762450945878,0.151878504686207));
#1210=CARTESIAN_POINT('',(0.00239100561325921,-0.000552197690671241,0.151976865437669));
#1211=CARTESIAN_POINT('',(0.00224007590355652,-0.000595779765523772,0.15215115150173));
#1212=CARTESIAN_POINT('',(0.00214436952895849,-0.000624561179095437,0.152223463641641));
#1213=CARTESIAN_POINT('',(0.00194437156256523,-0.000686180061660988,0.152321660311801));
#1214=CARTESIAN_POINT('',(0.00184170652743206,-0.000718427449031218,0.152349455055824));
#1215=CARTESIAN_POINT('',(0.00174777816734086,-0.000748231341855441,0.152361245909975));
#1216=CARTESIAN_POINT('',(0.00250089530788378,-0.000250499978215445,0.151511181964824));
#1217=CARTESIAN_POINT('',(0.00248268441179523,-0.000254048745278529,0.151595329527752));
#1218=CARTESIAN_POINT('',(0.00246045507367647,-0.000258336211222753,0.151686352187781));
#1219=CARTESIAN_POINT('',(0.00238722097110829,-0.000271821930927728,0.151875303587996));
#1220=CARTESIAN_POINT('',(0.00233414651663439,-0.000281375996746367,0.151973848728545));
#1221=CARTESIAN_POINT('',(0.00218327208333676,-0.000307812648655455,0.152149283815648));
#1222=CARTESIAN_POINT('',(0.00208638238428526,-0.000324491061316591,0.152222488440747));
#1223=CARTESIAN_POINT('',(0.00188239823584066,-0.000359013613494657,0.152321987561472));
#1224=CARTESIAN_POINT('',(0.00177710492918011,-0.000376569275277478,0.152350179971004));
#1225=CARTESIAN_POINT('',(0.00168065711879292,-0.000392423230828445,0.152362025601666));
#1226=CARTESIAN_POINT('',(0.00228600755412453,-0.000287236158251864,0.151511181964824));
#1227=CARTESIAN_POINT('',(0.0022675407677143,-0.000290715361719339,0.151581129393222));
#1228=CARTESIAN_POINT('',(0.00224233939420331,-0.00029534062200673,0.151649590005234));
#1229=CARTESIAN_POINT('',(0.0021727743879634,-0.000307751292406012,0.151776181721179));
#1230=CARTESIAN_POINT('',(0.00212782905913933,-0.000315632129082469,0.151834022454189));
#1231=CARTESIAN_POINT('',(0.00201798262628536,-0.000334571829460818,0.151927010808949));
#1232=CARTESIAN_POINT('',(0.00195356438170843,-0.000345530121155154,0.15196137723291));
#1233=CARTESIAN_POINT('',(0.00181703174693367,-0.000368440720399028,0.152004608098234));
#1234=CARTESIAN_POINT('',(0.00174537545155591,-0.000380321533844307,0.152014184335207));
#1235=CARTESIAN_POINT('',(0.00167391840993224,-0.000392018664877579,0.152015548468352));
#1236=SURFACE_SIDE_STYLE('',(#1957));
#1237=EDGE_LOOP('',(#1958,#1959,#1960,#1961));
#1238=CARTESIAN_POINT('',(-0.00538526620361333,-0.00199135279511859,0.146251629976698));
#1239=CARTESIAN_POINT('',(-0.00585931918838015,-0.00184185358918113,0.146251629955031));
#1240=CARTESIAN_POINT('',(-0.00594666975410907,-0.00162764393588419,0.146251630016894));
#1241=CARTESIAN_POINT('',(-0.00536595978230428,-0.00146414516564097,0.146251629976698));
#1242=CARTESIAN_POINT('',(-0.00535942755829581,-0.0019743900902104,0.146690868283934));
#1243=CARTESIAN_POINT('',(-0.00582612053098557,-0.00177431385752435,0.146739602637164));
#1244=CARTESIAN_POINT('',(-0.00592971116165138,-0.00169129128682781,0.1467367877718));
#1245=CARTESIAN_POINT('',(-0.00534096292170928,-0.0014687784272362,0.14667832166995));
#1246=CARTESIAN_POINT('',(-0.0053039660103565,-0.00197979168903987,0.147129300058696));
#1247=CARTESIAN_POINT('',(-0.00578008381664261,-0.00183623973927696,0.147202437216114));
#1248=CARTESIAN_POINT('',(-0.00585926761806104,-0.00160354434842492,0.147206231718395));
#1249=CARTESIAN_POINT('',(-0.00528735205714563,-0.00145192079857893,0.14711578687655));
#1250=CARTESIAN_POINT('',(-0.00511875022707785,-0.00199478599037187,0.147990820839541));
#1251=CARTESIAN_POINT('',(-0.00563189772127897,-0.0018638467802764,0.148135440861121));
#1252=CARTESIAN_POINT('',(-0.00571841678941649,-0.00155616267595361,0.148133178088107));
#1253=CARTESIAN_POINT('',(-0.00510912759515202,-0.00141694167502313,0.147963173496889));
#1254=CARTESIAN_POINT('',(-0.00498775496047804,-0.00201084385289101,0.148414022718445));
#1255=CARTESIAN_POINT('',(-0.00552980321386144,-0.00189178911166134,0.148606418974322));
#1256=CARTESIAN_POINT('',(-0.00562087471787789,-0.00152664530641021,0.148603335226282));
#1257=CARTESIAN_POINT('',(-0.00498377895149035,-0.00139280262512367,0.148379513269825));
#1258=CARTESIAN_POINT('',(-0.00463021568223061,-0.00204056653454953,0.14921830734778));
#1259=CARTESIAN_POINT('',(-0.00521423945235744,-0.00196026937988723,0.149533656902085));
#1260=CARTESIAN_POINT('',(-0.00531273050474191,-0.00145718179882565,0.149533321381053));
#1261=CARTESIAN_POINT('',(-0.00464140053410423,-0.00133335376981918,0.149174008736794));
#1262=CARTESIAN_POINT('',(-0.00440243197964319,-0.0020532616451544,0.149599666974777));
#1263=CARTESIAN_POINT('',(-0.00499670743558236,-0.00199996502848294,0.149991181142503));
#1264=CARTESIAN_POINT('',(-0.00509904516725111,-0.00141637778773089,0.149992857397183));
#1265=CARTESIAN_POINT('',(-0.00442381122439442,-0.0012979544974564,0.149550898395699));
#1266=CARTESIAN_POINT('',(-0.00398639709329537,-0.00204837828424576,0.15011338205322));
#1267=CARTESIAN_POINT('',(-0.00455562346610632,-0.00203213138152313,0.15061809891527));
#1268=CARTESIAN_POINT('',(-0.00466557375136696,-0.00134396238820351,0.150621677062092));
#1269=CARTESIAN_POINT('',(-0.00402574874298972,-0.00123696553960578,0.150061620939628));
#1270=CARTESIAN_POINT('',(-0.00383589799760511,-0.00204279882521383,0.150274808976657));
#1271=CARTESIAN_POINT('',(-0.00439072589149758,-0.00203798740190928,0.150816113872515));
#1272=CARTESIAN_POINT('',(-0.00450329622411903,-0.00131801295730209,0.150820246178186));
#1273=CARTESIAN_POINT('',(-0.00388156566036208,-0.00121533236954797,0.150222618604079));
#1274=CARTESIAN_POINT('',(-0.00351393536413209,-0.00202155360962649,0.15057465188714));
#1275=CARTESIAN_POINT('',(-0.00402867553012661,-0.00203554295939877,0.151182143919658));
#1276=CARTESIAN_POINT('',(-0.00414690485717431,-0.00126288381382482,0.151186658350351));
#1277=CARTESIAN_POINT('',(-0.00357237342140264,-0.00116971282894585,0.150522919347422));
#1278=CARTESIAN_POINT('',(-0.00334260670385952,-0.0020058601783271,0.150713016714459));
#1279=CARTESIAN_POINT('',(-0.0038320947332824,-0.00202711033781374,0.151349681293414));
#1280=CARTESIAN_POINT('',(-0.00395325593328031,-0.00123374577127291,0.15135414781508));
#1281=CARTESIAN_POINT('',(-0.00340748882464895,-0.00114573211948661,0.150662138050122));
#1282=CARTESIAN_POINT('',(-0.00280446433066037,-0.0019429022398394,0.151091974072928));
#1283=CARTESIAN_POINT('',(-0.00320973210796839,-0.00197892159469094,0.151798839093043));
#1284=CARTESIAN_POINT('',(-0.00333802470557816,-0.00114275248655044,0.151803285385895));
#1285=CARTESIAN_POINT('',(-0.00288746988539503,-0.00107077513701049,0.151045522448266));
#1286=CARTESIAN_POINT('',(-0.00241482471370496,-0.00187919728128102,0.151294738164977));
#1287=CARTESIAN_POINT('',(-0.00275402882787596,-0.00191510882063314,0.152022733670637));
#1288=CARTESIAN_POINT('',(-0.00288473279684508,-0.00107759806488548,0.152026773214768));
#1289=CARTESIAN_POINT('',(-0.00250779280392763,-0.00101689300542218,0.151253644619113));
#1290=CARTESIAN_POINT('',(-0.00160960985961545,-0.00171699624540589,0.151613513310975));
#1291=CARTESIAN_POINT('',(-0.00183231704778843,-0.00174409338087018,0.152336898563436));
#1292=CARTESIAN_POINT('',(-0.00196057785822728,-0.000944795541236144,0.152340329472518));
#1293=CARTESIAN_POINT('',(-0.00171450035757979,-0.000903995909662017,0.151584480468276));
#1294=CARTESIAN_POINT('',(-0.00119431700090577,-0.0016190555548118,0.151730444839245));
#1295=CARTESIAN_POINT('',(-0.00136602001197106,-0.0016381343799484,0.15242929025149));
#1296=CARTESIAN_POINT('',(-0.00148965681609986,-0.000877144481161177,0.152432297797316));
#1297=CARTESIAN_POINT('',(-0.00130124616946466,-0.000845033070717096,0.151707821716657));
#1298=CARTESIAN_POINT('',(-0.000357895932698736,-0.0014011184630092,0.15190084829281));
#1299=CARTESIAN_POINT('',(-0.000449473203550798,-0.0014058855984022,0.15252513331502));
#1300=CARTESIAN_POINT('',(-0.000560338916558818,-0.000741351203536479,0.152527101391114));
#1301=CARTESIAN_POINT('',(-0.000462380554375647,-0.000723194650795478,0.151888577446032));
#1302=CARTESIAN_POINT('',(6.35756484084579E-005,-0.00128117864920036,0.15195463793011));
#1303=CARTESIAN_POINT('',(1.87368858880978E-006,-0.00127956857276009,0.152529057836284));
#1304=CARTESIAN_POINT('',(-0.000100731523837479,-0.00067306257629141,0.152530372350371));
#1305=CARTESIAN_POINT('',(-3.64202331850139E-005,-0.000660271539414442,0.151946218438342));
#1306=CARTESIAN_POINT('',(0.00090529809727493,-0.00102858862078904,0.152016872111085));
#1307=CARTESIAN_POINT('',(0.000886730585501931,-0.00101854979412497,0.152481633293657));
#1308=CARTESIAN_POINT('',(0.00080159708647355,-0.000534693468917153,0.152482647755137));
#1309=CARTESIAN_POINT('',(0.000817878449648977,-0.000529927172630348,0.15201392485184));
#1310=CARTESIAN_POINT('',(0.00132574638383479,-0.000895738399583073,0.152025273518605));
#1311=CARTESIAN_POINT('',(0.0013205575184851,-0.000883546830760737,0.15242948730852));
#1312=CARTESIAN_POINT('',(0.00124463945621082,-0.000464509873878432,0.152430758205456));
#1313=CARTESIAN_POINT('',(0.00124623770390832,-0.000462441206393452,0.152023917777872));
#1314=CARTESIAN_POINT('',(0.00174494916818385,-0.000760705198435684,0.152016992697157));
#1315=CARTESIAN_POINT('',(0.00174779546314373,-0.000748280302327137,0.152361239552071));
#1316=CARTESIAN_POINT('',(0.00168065581646124,-0.000392484212342822,0.152362078208998));
#1317=CARTESIAN_POINT('',(0.00167391694411962,-0.000392079675369088,0.152015601557367));
#1318=SURFACE_SIDE_STYLE('',(#1962));
#1319=EDGE_LOOP('',(#1963,#1964,#1965,#1966));
#1320=CARTESIAN_POINT('',(0.00744921498056155,0.00988370563610827,0.0307846134665851));
#1321=CARTESIAN_POINT('',(0.00775001077874055,0.00962275404900445,0.0321350133790789));
#1322=CARTESIAN_POINT('',(0.00831414930577376,0.00912153685317904,0.0347932060751443));
#1323=CARTESIAN_POINT('',(0.00907388455194185,0.00840870375030621,0.0387776755546735));
#1324=CARTESIAN_POINT('',(0.00974148626325316,0.00774011725125031,0.0427323861551252));
#1325=CARTESIAN_POINT('',(0.0101291617795127,0.00731914577225453,0.0453819147001614));
#1326=CARTESIAN_POINT('',(0.0104870807138948,0.00691114059495289,0.048037468257418));
#1327=CARTESIAN_POINT('',(0.0108152295063137,0.00651610900992994,0.0506990483689493));
#1328=CARTESIAN_POINT('',(0.0112154939404865,0.00596405241056975,0.054707471680355));
#1329=CARTESIAN_POINT('',(0.0116283959856523,0.00527567878137304,0.0601355382490833));
#1330=CARTESIAN_POINT('',(0.0118020324737657,0.00481796439103967,0.0642389445290477));
#1331=CARTESIAN_POINT('',(0.0119114291697279,0.00432209135268618,0.0690541285772826));
#1332=CARTESIAN_POINT('',(0.011944969719595,0.00392474941800953,0.0731667104132576));
#1333=CARTESIAN_POINT('',(0.0118346680155266,0.00339610965655897,0.0793408056387891));
#1334=CARTESIAN_POINT('',(0.0115400497625515,0.00284841452151487,0.0865221898441271));
#1335=CARTESIAN_POINT('',(0.010994362753638,0.00230351799605544,0.0947051479508286));
#1336=CARTESIAN_POINT('',(0.0101531962594919,0.00176622513396694,0.103880321894273));
#1337=CARTESIAN_POINT('',(0.00919872761442942,0.0012987627958467,0.112508526303091));
#1338=CARTESIAN_POINT('',(0.00814340918525074,0.000884602888880008,0.120586621366045));
#1339=CARTESIAN_POINT('',(0.00700594831681428,0.000512993156575277,0.128113237945732));
#1340=CARTESIAN_POINT('',(0.00588404792960808,0.000202029026447269,0.134557174178162));
#1341=CARTESIAN_POINT('',(0.00488213295179471,-4.45308613440498E-005,0.139781962125364));
#1342=CARTESIAN_POINT('',(0.00406372139153228,-0.000230754839873315,0.143798443621132));
#1343=CARTESIAN_POINT('',(0.00323376057082015,-0.000406559149682124,0.147660655762919));
#1344=CARTESIAN_POINT('',(0.00265379591669324,-0.000521157139366855,0.150229625543559));
#1345=CARTESIAN_POINT('',(0.00235736123428544,-0.000577767982632625,0.151512651387868));
#1346=CARTESIAN_POINT('',(0.00753867752086769,0.0100616495839724,0.0307846134665851));
#1347=CARTESIAN_POINT('',(0.00784398727111212,0.00979781920449652,0.0321350133790789));
#1348=CARTESIAN_POINT('',(0.00841682878212342,0.00929170414517705,0.0347932060751443));
#1349=CARTESIAN_POINT('',(0.00918811814321627,0.00857169451164375,0.0387776755546735));
#1350=CARTESIAN_POINT('',(0.00986559854048353,0.00789602709401626,0.0427323861551252));
#1351=CARTESIAN_POINT('',(0.0102593899716821,0.00747097133582712,0.0453819147001614));
#1352=CARTESIAN_POINT('',(0.0106230352459675,0.00705893672539757,0.048037468257418));
#1353=CARTESIAN_POINT('',(0.0109566104504538,0.00666004407108853,0.0506990483689494));
#1354=CARTESIAN_POINT('',(0.0113636860136289,0.00610219686792457,0.054707471680355));
#1355=CARTESIAN_POINT('',(0.0117843943063394,0.0054063866147449,0.0601355382490833));
#1356=CARTESIAN_POINT('',(0.011963085982889,0.00494387204205063,0.0642389445290477));
#1357=CARTESIAN_POINT('',(0.0120777153110738,0.00444264426905822,0.0690541285772826));
#1358=CARTESIAN_POINT('',(0.0121154103150807,0.00404100709292543,0.0731667104132576));
#1359=CARTESIAN_POINT('',(0.012009495324189,0.00350597292156434,0.0793408056387891));
#1360=CARTESIAN_POINT('',(0.0117194917434702,0.00295194073375609,0.0865221898441271));
#1361=CARTESIAN_POINT('',(0.0111802552546347,0.00240202157437367,0.0947051479508286));
#1362=CARTESIAN_POINT('',(0.0103439221431267,0.00185934666335306,0.103880321894273));
#1363=CARTESIAN_POINT('',(0.00939219912168148,0.00138715831753894,0.112508526303091));
#1364=CARTESIAN_POINT('',(0.00834043134680121,0.000969667372829673,0.120586621366045));
#1365=CARTESIAN_POINT('',(0.00720504087999492,0.000594627941249127,0.128113237945732));
#1366=CARTESIAN_POINT('',(0.00608479150492427,0.000280468517572301,0.134557174178162));
#1367=CARTESIAN_POINT('',(0.00508489304162784,3.12718290813722E-005,0.139781962125364));
#1368=CARTESIAN_POINT('',(0.00426752026901003,-0.000157413746084403,0.143798443621132));
#1369=CARTESIAN_POINT('',(0.00343903274366934,-0.000335729713991495,0.147660655762919));
#1370=CARTESIAN_POINT('',(0.0028603791790484,-0.000452223715008576,0.150229625543559));
#1371=CARTESIAN_POINT('',(0.00256433752174179,-0.000510001727078909,0.151512651387868));
#1372=CARTESIAN_POINT('',(0.00735664753046805,0.0101969481174176,0.0307846134665851));
#1373=CARTESIAN_POINT('',(0.00766518300303518,0.009937312060878,0.0321349646944289));
#1374=CARTESIAN_POINT('',(0.00824437011221053,0.00943896583059847,0.0347931172263885));
#1375=CARTESIAN_POINT('',(0.00902482618783859,0.00872992216343004,0.0387777304809259));
#1376=CARTESIAN_POINT('',(0.00971108421661011,0.00806466019612584,0.0427321635544925));
#1377=CARTESIAN_POINT('',(0.0101105734688792,0.00764578979780959,0.0453816111602749));
#1378=CARTESIAN_POINT('',(0.0104797347823747,0.00723962733828216,0.0480370822924669));
#1379=CARTESIAN_POINT('',(0.0108186715169594,0.00684624924863977,0.0506985819858465));
#1380=CARTESIAN_POINT('',(0.011233043274683,0.00629565572064504,0.054706982220276));
#1381=CARTESIAN_POINT('',(0.0116626293406641,0.0056080881337794,0.0601349959895879));
#1382=CARTESIAN_POINT('',(0.0118471017328867,0.00515019378605627,0.0642384222754484));
#1383=CARTESIAN_POINT('',(0.011967729757735,0.00465375051846527,0.069053713202449));
#1384=CARTESIAN_POINT('',(0.0120100817231445,0.00425576497798021,0.0731662900905368));
#1385=CARTESIAN_POINT('',(0.0119096860470977,0.003725920797365,0.0793406483357867));
#1386=CARTESIAN_POINT('',(0.0116247628915762,0.003177910134327,0.0865220761503297));
#1387=CARTESIAN_POINT('',(0.0110899927534809,0.00263407842208422,0.0947050662097729));
#1388=CARTESIAN_POINT('',(0.0102572503207387,0.0020977654685535,0.103880470922459));
#1389=CARTESIAN_POINT('',(0.00930867906136544,0.00163020982423109,0.112508134526982));
#1390=CARTESIAN_POINT('',(0.00826015974255018,0.00121588282546565,0.120585790105329));
#1391=CARTESIAN_POINT('',(0.00712800435405972,0.00084366929778294,0.128112213676995));
#1392=CARTESIAN_POINT('',(0.00601122469904865,0.000532222791924976,0.134556075874146));
#1393=CARTESIAN_POINT('',(0.00501449536419826,0.000285273396003821,0.139780868344313));
#1394=CARTESIAN_POINT('',(0.00419949929331527,9.84500428638261E-005,0.14379765810732));
#1395=CARTESIAN_POINT('',(0.00337331427350719,-7.80843082134257E-005,0.147659397439402));
#1396=CARTESIAN_POINT('',(0.00279615455192435,-0.000193388783836761,0.150228222424745));
#1397=CARTESIAN_POINT('',(0.00250089530788378,-0.000250499978215445,0.151511181964824));
#1398=CARTESIAN_POINT('',(0.00721204803982984,0.0100599861445687,0.0307846134665851));
#1399=CARTESIAN_POINT('',(0.00751767293587732,0.00980421138358,0.0321349646944289));
#1400=CARTESIAN_POINT('',(0.00809107466234389,0.00931280611967676,0.0347931172263885));
#1401=CARTESIAN_POINT('',(0.00886393379080675,0.00861347241628078,0.0387777304809259));
#1402=CARTESIAN_POINT('',(0.00954368424067525,0.0079571279205543,0.0427321635544925));
#1403=CARTESIAN_POINT('',(0.00993897153937594,0.00754346163859556,0.0453816111602749));
#1404=CARTESIAN_POINT('',(0.0103042363353931,0.00714231312493665,0.0480370822924669));
#1405=CARTESIAN_POINT('',(0.0106394679859072,0.00675368754241584,0.0506985819858465));
#1406=CARTESIAN_POINT('',(0.0110495497293057,0.00620979321819102,0.054706982220276));
#1407=CARTESIAN_POINT('',(0.0114745673179188,0.0055303882440836,0.0601349959895879));
#1408=CARTESIAN_POINT('',(0.0116560904140104,0.00507740381492508,0.0642384222754484));
#1409=CARTESIAN_POINT('',(0.0117738380721823,0.00458602999967166,0.069053713202449));
#1410=CARTESIAN_POINT('',(0.0118139379578162,0.00419187449062672,0.0731662900905368));
#1411=CARTESIAN_POINT('',(0.0117118817726643,0.00366678404212968,0.0793406483357867));
#1412=CARTESIAN_POINT('',(0.0114251353542019,0.00312267730074432,0.0865220761503297));
#1413=CARTESIAN_POINT('',(0.0108864337531064,0.00258110116774461,0.0947050662097729));
#1414=CARTESIAN_POINT('',(0.0100512813401262,0.00204665161483123,0.103880470922459));
#1415=CARTESIAN_POINT('',(0.00910169498228428,0.0015812228067224,0.112508134526982));
#1416=CARTESIAN_POINT('',(0.00805077418702131,0.00116865899756613,0.120585790105329));
#1417=CARTESIAN_POINT('',(0.00691761666753732,0.00079846856155326,0.128112213676995));
#1418=CARTESIAN_POINT('',(0.00579994067452607,0.000488840824711844,0.134556075874146));
#1419=CARTESIAN_POINT('',(0.00480173130417766,0.000243409100952258,0.139780868344313));
#1420=CARTESIAN_POINT('',(0.00398623066740771,5.80525590866716E-005,0.14379765810732));
#1421=CARTESIAN_POINT('',(0.00315932614539292,-0.000116878564802677,0.147659397439402));
#1422=CARTESIAN_POINT('',(0.00258141193666856,-0.000230907184134624,0.150228222424745));
#1423=CARTESIAN_POINT('',(0.00228600755412453,-0.000287236158251864,0.151511181964824));
#1424=SURFACE_SIDE_STYLE('',(#1967));
#1425=EDGE_LOOP('',(#1968,#1969,#1970,#1971,#1972));
#1426=CARTESIAN_POINT('',(-0.0071665984557344,-0.00420567330428447,0.0307846134665851));
#1427=CARTESIAN_POINT('',(-0.00640638409249901,-0.00167518989552687,0.0307846134665849));
#1428=CARTESIAN_POINT('',(-0.000114005249094582,0.00309021002421246,0.0307846134665851));
#1429=CARTESIAN_POINT('',(0.00349186077623806,0.00653629332421352,0.0307846134665851));
#1430=CARTESIAN_POINT('',(0.00721204803982984,0.0100599861445687,0.0307846134665851));
#1431=CARTESIAN_POINT('',(-0.00759014898502204,-0.00366277577091568,0.0387832045233391));
#1432=CARTESIAN_POINT('',(-0.00630205254262347,-0.00124298395172757,0.038783204523339));
#1433=CARTESIAN_POINT('',(0.000642276535028331,0.00254480890012464,0.0387832045233392));
#1434=CARTESIAN_POINT('',(0.004775265379954,0.00553134654352946,0.0387832045233391));
#1435=CARTESIAN_POINT('',(0.00902236135405101,0.00854494788771521,0.0387832045233391));
#1436=CARTESIAN_POINT('',(-0.00815524240847911,-0.00277959395414305,0.0545824548552914));
#1437=CARTESIAN_POINT('',(-0.00608029886406993,-0.000623377955767563,0.0545824548552914));
#1438=CARTESIAN_POINT('',(0.00174308475746027,0.00159821609689881,0.0545824548552914));
#1439=CARTESIAN_POINT('',(0.00661791716231611,0.00381018779845874,0.0545824548552914));
#1440=CARTESIAN_POINT('',(0.0115993135739942,0.00598015836856472,0.0545824548552914));
#1441=CARTESIAN_POINT('',(-0.00805963525815739,-0.00210730517962287,0.079362447442465));
#1442=CARTESIAN_POINT('',(-0.0059703604544618,-0.000823166707510379,0.0793624474424649));
#1443=CARTESIAN_POINT('',(0.00198598985560436,0.000773649965460086,0.079362447442465));
#1444=CARTESIAN_POINT('',(0.00702214874856563,0.00211200918579336,0.079362447442465));
#1445=CARTESIAN_POINT('',(0.012077301270675,0.00351939350263883,0.079362447442465));
#1446=CARTESIAN_POINT('',(-0.00736091556398335,-0.00180569781596673,0.103888317324599));
#1447=CARTESIAN_POINT('',(-0.00524263070602931,-0.000897335552239535,0.103888317324599));
#1448=CARTESIAN_POINT('',(0.00147548084176641,-0.000123251189448235,0.103888317324599));
#1449=CARTESIAN_POINT('',(0.00584595233723225,0.000924861118957442,0.103888317324599));
#1450=CARTESIAN_POINT('',(0.0102320316437371,0.00200609344331977,0.103888317324599));
#1451=CARTESIAN_POINT('',(-0.00640042619934053,-0.00156470904507528,0.128414628592056));
#1452=CARTESIAN_POINT('',(-0.0047553339096567,-0.00104613281403828,0.128414628592055));
#1453=CARTESIAN_POINT('',(0.000360518971602555,-0.00043716927998102,0.128414628592056));
#1454=CARTESIAN_POINT('',(0.00375746316710712,5.92377897542994E-005,0.128414628592056));
#1455=CARTESIAN_POINT('',(0.00713245468261664,0.00077079881683883,0.128414628592056));
#1456=CARTESIAN_POINT('',(-0.00550371586799726,-0.00147003244557021,0.144278833798404));
#1457=CARTESIAN_POINT('',(-0.00446044814421263,-0.00118086318639779,0.144278833798403));
#1458=CARTESIAN_POINT('',(-0.000776836035975738,-0.000741441650022634,0.144278833798404));
#1459=CARTESIAN_POINT('',(0.00160411769675824,-0.000413324873484095,0.144278833798404));
#1460=CARTESIAN_POINT('',(0.00396634617836065,2.89106039361465E-005,0.144278833798404));
#1461=CARTESIAN_POINT('',(-0.00499419689419731,-0.00143595308399254,0.152235830514697));
#1462=CARTESIAN_POINT('',(-0.00432862909185313,-0.00125879893102812,0.152235830514697));
#1463=CARTESIAN_POINT('',(-0.00144862197706741,-0.000880141730760591,0.152235830514697));
#1464=CARTESIAN_POINT('',(0.000342068006949714,-0.000618799492273882,0.152235830514697));
#1465=CARTESIAN_POINT('',(0.00211843596449205,-0.000318985898917845,0.152235830514697));
#1466=SURFACE_SIDE_STYLE('',(#1973));
#1467=EDGE_LOOP('',(#1974,#1975,#1976,#1977,#1978,#1979));
#1468=CARTESIAN_POINT('',(-0.00588882645523061,-0.00544844480145417,0.0307846134665851));
#1469=CARTESIAN_POINT('',(-0.00672829658704624,-0.00504969081030759,0.0387831431917712));
#1470=CARTESIAN_POINT('',(-0.00792017584556503,-0.00434786739424207,0.0545833724682019));
#1471=CARTESIAN_POINT('',(-0.00759298358977521,-0.00364918251084979,0.0793627346573579));
#1472=CARTESIAN_POINT('',(-0.00724342117680643,-0.00296718102056356,0.103888116563633));
#1473=CARTESIAN_POINT('',(-0.00641324171922563,-0.00241557857316149,0.128417204370494));
#1474=CARTESIAN_POINT('',(-0.00553108846093762,-0.00203707363920627,0.144281425476905));
#1475=CARTESIAN_POINT('',(-0.00500558525768959,-0.00185045433113998,0.152240138462395));
#1476=CARTESIAN_POINT('',(-0.00287968762032554,-0.00506098090416161,0.0307846134665851));
#1477=CARTESIAN_POINT('',(-0.00372614461448439,-0.00524590614238486,0.0387831431917713));
#1478=CARTESIAN_POINT('',(-0.00492337198099088,-0.00539535853337876,0.054583372468202));
#1479=CARTESIAN_POINT('',(-0.00491949996047955,-0.00424851995564152,0.0793627346573575));
#1480=CARTESIAN_POINT('',(-0.00418591936819933,-0.0038249264843386,0.103888116563632));
#1481=CARTESIAN_POINT('',(-0.0045203214754838,-0.00300790124148179,0.128417204370494));
#1482=CARTESIAN_POINT('',(-0.00422113897433033,-0.00244619420071288,0.144281425476905));
#1483=CARTESIAN_POINT('',(-0.00404154031711629,-0.00213806477325529,0.152240138462395));
#1484=CARTESIAN_POINT('',(0.0016455296891715,-0.0012699765056212,0.030784613466585));
#1485=CARTESIAN_POINT('',(0.00180346221620556,-0.00192336729367226,0.0387831431917711));
#1486=CARTESIAN_POINT('',(0.00196928798096357,-0.00286439579812093,0.0545833724682017));
#1487=CARTESIAN_POINT('',(0.000160530448319478,-0.00370446514649925,0.0793627346573577));
#1488=CARTESIAN_POINT('',(0.00110028225884686,-0.00251160517612913,0.103888116563633));
#1489=CARTESIAN_POINT('',(-0.000873413583323117,-0.0027390891804433,0.128417204370494));
#1490=CARTESIAN_POINT('',(-0.00175468303076655,-0.00230821183303348,0.144281425476905));
#1491=CARTESIAN_POINT('',(-0.00228484003870441,-0.00207073756488476,0.152240138462395));
#1492=CARTESIAN_POINT('',(0.00505628561861546,0.00512409009012079,0.0307846134665851));
#1493=CARTESIAN_POINT('',(0.00604530477510802,0.00388189550185013,0.0387831431917712));
#1494=CARTESIAN_POINT('',(0.00740870193635665,0.00186724340310733,0.0545833724682019));
#1495=CARTESIAN_POINT('',(0.00756114496679973,0.000444874058191627,0.0793627346573579));
#1496=CARTESIAN_POINT('',(0.00610449801914711,-0.00028230332415663,0.103888116563633));
#1497=CARTESIAN_POINT('',(0.00389946417120526,-0.000850907046844306,0.128417204370494));
#1498=CARTESIAN_POINT('',(0.00170119595968495,-0.00108943282190399,0.144281425476905));
#1499=CARTESIAN_POINT('',(0.000430112797143639,-0.00117916838885469,0.152240138462395));
#1500=CARTESIAN_POINT('',(0.00744921498056155,0.00988370563610827,0.0307846134665851));
#1501=CARTESIAN_POINT('',(0.00923084511101548,0.00833807132607148,0.0387831431917712));
#1502=CARTESIAN_POINT('',(0.0117605232894216,0.00572561234885332,0.0545833724682019));
#1503=CARTESIAN_POINT('',(0.0121963077389459,0.00324741817877855,0.0793627346573579));
#1504=CARTESIAN_POINT('',(0.0103330405744744,0.00172492293465434,0.103888116563633));
#1505=CARTESIAN_POINT('',(0.00722138312741811,0.000485414504910292,0.128417204370494));
#1506=CARTESIAN_POINT('',(0.00404323898895369,-0.000260109160881862,0.144281425476905));
#1507=CARTESIAN_POINT('',(0.00218855399797323,-0.000609799744991483,0.152240138462395));
#1508=SURFACE_SIDE_STYLE('',(#1980));
#1509=EDGE_LOOP('',(#1981,#1982,#1983,#1984,#1985,#1986));
#1510=CARTESIAN_POINT('',(-0.00588882645523061,-0.00544844480145417,0.0307846134665851));
#1511=CARTESIAN_POINT('',(-0.00649924888306723,-0.00552704424995447,0.0307846134665851));
#1512=CARTESIAN_POINT('',(-0.00686248398423719,-0.00545004214125582,0.0307846134665851));
#1513=CARTESIAN_POINT('',(-0.00723689706879374,-0.00521989992455848,0.0307846134665852));
#1514=CARTESIAN_POINT('',(-0.00733901380698715,-0.00477958272623143,0.0307846134665851));
#1515=CARTESIAN_POINT('',(-0.0071665984557344,-0.00420567330428447,0.0307846134665851));
#1516=CARTESIAN_POINT('',(-0.00630877224193505,-0.00524898130547081,0.0347854409379046));
#1517=CARTESIAN_POINT('',(-0.00689259986360429,-0.0052648072262246,0.0347837611007923));
#1518=CARTESIAN_POINT('',(-0.00722764397028135,-0.00514327610638295,0.0347829167978872));
#1519=CARTESIAN_POINT('',(-0.00755627405295952,-0.00488449942457827,0.0347836948621526));
#1520=CARTESIAN_POINT('',(-0.00759947829145429,-0.00445836340540846,0.0347871906109526));
#1521=CARTESIAN_POINT('',(-0.00737881685426149,-0.00393367337082939,0.0347917285215414));
#1522=CARTESIAN_POINT('',(-0.0066702756315754,-0.00506007121792839,0.0387930398175574));
#1523=CARTESIAN_POINT('',(-0.00722375330509829,-0.00502950692308748,0.0387897146753848));
#1524=CARTESIAN_POINT('',(-0.00753875075029521,-0.00489431617784341,0.0387888201674922));
#1525=CARTESIAN_POINT('',(-0.00782914239999389,-0.00460346871674774,0.0387901072233512));
#1526=CARTESIAN_POINT('',(-0.00781533872241827,-0.00418295593439791,0.0387955391914031));
#1527=CARTESIAN_POINT('',(-0.00755667260032313,-0.00368550124875499,0.0388025274536367));
#1528=CARTESIAN_POINT('',(-0.00709948340982915,-0.00479701350483896,0.0448185205850507));
#1529=CARTESIAN_POINT('',(-0.00762269489000565,-0.00471717312152466,0.0448148148796872));
#1530=CARTESIAN_POINT('',(-0.00792352556280914,-0.00456473725793044,0.0448137603840159));
#1531=CARTESIAN_POINT('',(-0.00816412778961003,-0.00423382027468811,0.0448150363064352));
#1532=CARTESIAN_POINT('',(-0.00808001736070062,-0.00382171097314152,0.0448204294811144));
#1533=CARTESIAN_POINT('',(-0.0077667296947074,-0.00335341110485088,0.0448273274741869));
#1534=CARTESIAN_POINT('',(-0.0073476254152306,-0.00462863069369331,0.0488348972813423));
#1535=CARTESIAN_POINT('',(-0.00785588931347325,-0.00452173879126059,0.0488314432311697));
#1536=CARTESIAN_POINT('',(-0.0081536084911109,-0.00436190034492934,0.048830525004147));
#1537=CARTESIAN_POINT('',(-0.00836534615035255,-0.00400642236998517,0.0488317540640348));
#1538=CARTESIAN_POINT('',(-0.00823633523411869,-0.00359900509820519,0.0488366282719348));
#1539=CARTESIAN_POINT('',(-0.00788773189696984,-0.00314561906099746,0.0488427259609411));
#1540=CARTESIAN_POINT('',(-0.00759524858206477,-0.004398736360246,0.0548642379458636));
#1541=CARTESIAN_POINT('',(-0.00809018521150565,-0.00426758837276977,0.0548642385872061));
#1542=CARTESIAN_POINT('',(-0.008374050400563,-0.00408424412196984,0.0548641501861586));
#1543=CARTESIAN_POINT('',(-0.00855177035273637,-0.00370837036794961,0.0548637276997545));
#1544=CARTESIAN_POINT('',(-0.00840012788792928,-0.00330360261474407,0.0548628335870077));
#1545=CARTESIAN_POINT('',(-0.00801053148151882,-0.00287628920002177,0.054862164359873));
#1546=CARTESIAN_POINT('',(-0.00770918265395969,-0.0041936778530978,0.0608815435094049));
#1547=CARTESIAN_POINT('',(-0.00822024027368599,-0.00404730696493193,0.0608849895214319));
#1548=CARTESIAN_POINT('',(-0.00851285188751946,-0.00384199335459589,0.0608862600380695));
#1549=CARTESIAN_POINT('',(-0.00869018464299813,-0.00345826198791988,0.0608867235401079));
#1550=CARTESIAN_POINT('',(-0.00849668608166291,-0.00305266976099919,0.0608854349211233));
#1551=CARTESIAN_POINT('',(-0.00807380484189841,-0.00265016439538323,0.0608820248605169));
#1552=CARTESIAN_POINT('',(-0.00771992075756024,-0.00406887859211999,0.0648956343077321));
#1553=CARTESIAN_POINT('',(-0.00825863490040107,-0.00391502721992102,0.0648976407734375));
#1554=CARTESIAN_POINT('',(-0.00858477679767989,-0.00370780048157963,0.0648980779223166));
#1555=CARTESIAN_POINT('',(-0.00878204153940843,-0.00332033608470837,0.0648978972397766));
#1556=CARTESIAN_POINT('',(-0.00852895518287846,-0.00291551121749854,0.064897553817285));
#1557=CARTESIAN_POINT('',(-0.00808080068268939,-0.00252421750246406,0.0648948821422833));
#1558=CARTESIAN_POINT('',(-0.00770900580874897,-0.00394810777270029,0.068909149296085));
#1559=CARTESIAN_POINT('',(-0.00827282375853831,-0.00379004938033592,0.0689101003883379));
#1560=CARTESIAN_POINT('',(-0.00862896789105777,-0.00358208249288544,0.0689101200641808));
#1561=CARTESIAN_POINT('',(-0.00884624187510129,-0.00319391119943625,0.0689097818561769));
#1562=CARTESIAN_POINT('',(-0.00854390085117865,-0.00278753905418137,0.0689100780919501));
#1563=CARTESIAN_POINT('',(-0.00807223653630294,-0.00240880210792932,0.0689084328903925));
#1564=CARTESIAN_POINT('',(-0.00767646742745443,-0.00383133717760103,0.0729228328163781));
#1565=CARTESIAN_POINT('',(-0.00826640404872105,-0.00367148416473853,0.0729222255396663));
#1566=CARTESIAN_POINT('',(-0.00865766269034233,-0.00346699140116377,0.0729217386587763));
#1567=CARTESIAN_POINT('',(-0.00889635254914774,-0.00307943671482951,0.0729212924355031));
#1568=CARTESIAN_POINT('',(-0.00854370061952744,-0.00267048359251999,0.0729221823352277));
#1569=CARTESIAN_POINT('',(-0.00804810145736148,-0.00230394075390041,0.0729221886775298));
#1570=CARTESIAN_POINT('',(-0.00759466963821019,-0.00366244144599705,0.0789431057640243));
#1571=CARTESIAN_POINT('',(-0.00818662072495313,-0.00351111392709714,0.078943069646573));
#1572=CARTESIAN_POINT('',(-0.0085780847001157,-0.00330835109514048,0.0789431233594281));
#1573=CARTESIAN_POINT('',(-0.00882864075082428,-0.00293313131056726,0.0789431229473023));
#1574=CARTESIAN_POINT('',(-0.00848032878991149,-0.00250752438495237,0.0789429943463409));
#1575=CARTESIAN_POINT('',(-0.00797072193171184,-0.00217319943181756,0.0789431335409045));
#1576=CARTESIAN_POINT('',(-0.00749463701589193,-0.00346038231053579,0.0861697936556658));
#1577=CARTESIAN_POINT('',(-0.00805951609612563,-0.00331850335263482,0.0861707032881747));
#1578=CARTESIAN_POINT('',(-0.00846229123189973,-0.00312620795580088,0.0861710190677548));
#1579=CARTESIAN_POINT('',(-0.00868006498441111,-0.00275654254443848,0.0861715567745159));
#1580=CARTESIAN_POINT('',(-0.00834045128044386,-0.00233274677542523,0.0861711318015058));
#1581=CARTESIAN_POINT('',(-0.00783456788697338,-0.00204232108041414,0.0861704279387354));
#1582=CARTESIAN_POINT('',(-0.00736342029366661,-0.00322874001876993,0.0946027925870241));
#1583=CARTESIAN_POINT('',(-0.00789887659982816,-0.00308939121384868,0.0946012770866494));
#1584=CARTESIAN_POINT('',(-0.00839345635440268,-0.00292163347302314,0.0946004485288992));
#1585=CARTESIAN_POINT('',(-0.00853589549607827,-0.00254195075030703,0.0946008083279926));
#1586=CARTESIAN_POINT('',(-0.00811842036180045,-0.00217154759031189,0.0946023933502636));
#1587=CARTESIAN_POINT('',(-0.00761869545477418,-0.00192143749864493,0.0946036418393791));
#1588=CARTESIAN_POINT('',(-0.00716646954516707,-0.00297687139235857,0.104241844913341));
#1589=CARTESIAN_POINT('',(-0.00765122317250034,-0.0028426077850807,0.104242032784968));
#1590=CARTESIAN_POINT('',(-0.00811572001711324,-0.00264293579492928,0.104242399255627));
#1591=CARTESIAN_POINT('',(-0.00819490911224565,-0.00228822431755249,0.104242335077461));
#1592=CARTESIAN_POINT('',(-0.00776784583355892,-0.00201104347214527,0.10424197828655));
#1593=CARTESIAN_POINT('',(-0.00731167647118731,-0.00181042326504205,0.104241728079424));
#1594=CARTESIAN_POINT('',(-0.006918514374024,-0.00276440220816479,0.113074580726756));
#1595=CARTESIAN_POINT('',(-0.00733410215677848,-0.00264443469816814,0.113075296633165));
#1596=CARTESIAN_POINT('',(-0.00776670865140295,-0.00244746033590027,0.113074743124481));
#1597=CARTESIAN_POINT('',(-0.00783091666310423,-0.00212693513654794,0.113074643286861));
#1598=CARTESIAN_POINT('',(-0.00742301451045863,-0.00188746045345626,0.113074468817531));
#1599=CARTESIAN_POINT('',(-0.00699355941205804,-0.00171720505985519,0.11307422094429));
#1600=CARTESIAN_POINT('',(-0.00663691057749513,-0.00257859470983646,0.121101090421727));
#1601=CARTESIAN_POINT('',(-0.00698607539222525,-0.0024746639231396,0.121099946892035));
#1602=CARTESIAN_POINT('',(-0.00744259175415633,-0.00230533106343013,0.121098174889981));
#1603=CARTESIAN_POINT('',(-0.00749827635439506,-0.00201111869912128,0.121097784534799));
#1604=CARTESIAN_POINT('',(-0.0070915208555169,-0.00179359706462067,0.121099092320335));
#1605=CARTESIAN_POINT('',(-0.00666775369629421,-0.00164081961547713,0.121100558318993));
#1606=CARTESIAN_POINT('',(-0.00633840746232027,-0.00241282058594422,0.128321011769938));
#1607=CARTESIAN_POINT('',(-0.00665203424759136,-0.00231710329498871,0.12832104009543));
#1608=CARTESIAN_POINT('',(-0.00706825910861056,-0.00215406788434904,0.128321457483026));
#1609=CARTESIAN_POINT('',(-0.00709893544572053,-0.00188547986434486,0.128321783466985));
#1610=CARTESIAN_POINT('',(-0.00671053748218419,-0.00170218020477273,0.128321817207694));
#1611=CARTESIAN_POINT('',(-0.00634175566161778,-0.0015794731964694,0.128321352756015));
#1612=CARTESIAN_POINT('',(-0.00589819414234592,-0.00219796695019079,0.137513447167309));
#1613=CARTESIAN_POINT('',(-0.00611144426345877,-0.00213140196301452,0.137514751284111));
#1614=CARTESIAN_POINT('',(-0.00645955020220055,-0.00198902186077339,0.137514767642043));
#1615=CARTESIAN_POINT('',(-0.00654185472518089,-0.00178831997681028,0.137513515202774));
#1616=CARTESIAN_POINT('',(-0.00627580920192754,-0.00163331983816882,0.137511668827962));
#1617=CARTESIAN_POINT('',(-0.00587882166428211,-0.00151205155931704,0.13751229471094));
#1618=CARTESIAN_POINT('',(-0.00551085703253123,-0.00203734854564788,0.144296052877618));
#1619=CARTESIAN_POINT('',(-0.00563424804729504,-0.00199914733629648,0.144296100578146));
#1620=CARTESIAN_POINT('',(-0.00594020154393699,-0.00189139607141324,0.144295024025847));
#1621=CARTESIAN_POINT('',(-0.00608083700638841,-0.00174581938617795,0.144293970774349));
#1622=CARTESIAN_POINT('',(-0.00592421141230387,-0.00159657500242468,0.144293459752409));
#1623=CARTESIAN_POINT('',(-0.00548870438711509,-0.00147309600918097,0.14429503454245));
#1624=CARTESIAN_POINT('',(-0.00523561689336847,-0.0019343102059111,0.14867203446549));
#1625=CARTESIAN_POINT('',(-0.00532909529728299,-0.00190583829279241,0.148671948260707));
#1626=CARTESIAN_POINT('',(-0.00559560801532603,-0.00181794113575291,0.148671288414502));
#1627=CARTESIAN_POINT('',(-0.00573344388597716,-0.00169902309464378,0.148670754948721));
#1628=CARTESIAN_POINT('',(-0.00561622165446123,-0.00156128145422584,0.148670605443815));
#1629=CARTESIAN_POINT('',(-0.00521840936596198,-0.00145212149230237,0.148671513591174));
#1630=SURFACE_SIDE_STYLE('',(#1987));
#1631=EDGE_LOOP('',(#1988,#1989,#1990,#1991));
#1632=CARTESIAN_POINT('',(0.00428469960447199,-0.00150000000000001,0.00589738307024525));
#1633=CARTESIAN_POINT('',(0.0036180625681972,-0.00150005730126541,0.00618909860781572));
#1634=CARTESIAN_POINT('',(0.00298988831099907,-0.00148507358333199,0.00656768477601969));
#1635=CARTESIAN_POINT('',(0.00185117324913839,-0.00146659601653761,0.00747432976890003));
#1636=CARTESIAN_POINT('',(0.00134024211855606,-0.00146501264164118,0.00799800528683842));
#1637=CARTESIAN_POINT('',(-3.31829435224102E-005,-0.00151782450270139,0.00969626308472804));
#1638=CARTESIAN_POINT('',(-0.000750826279230086,-0.00163739129503972,0.0109710651605186));
#1639=CARTESIAN_POINT('',(-0.00200056736950518,-0.00202738437959449,0.013568740733661));
#1640=CARTESIAN_POINT('',(-0.00253049715491048,-0.00229245980491219,0.014901646922245));
#1641=CARTESIAN_POINT('',(-0.00324342386980798,-0.00275306835409522,0.0169132421090643));
#1642=CARTESIAN_POINT('',(-0.00365902193639061,-0.00305856864864469,0.0181702651267156));
#1643=CARTESIAN_POINT('',(-0.00403160420342083,-0.00339184034078739,0.0194534305941827));
#1644=CARTESIAN_POINT('',(-0.00419257803611049,-0.00354667090593441,0.0200439649272124));
#1645=CARTESIAN_POINT('',(0.00443784885444477,-0.00150000000000001,0.00628491687866022));
#1646=CARTESIAN_POINT('',(0.00378090073454616,-0.00148738014108276,0.00656096531714894));
#1647=CARTESIAN_POINT('',(0.00316193913337159,-0.001472839392855,0.00692257970659483));
#1648=CARTESIAN_POINT('',(0.00203518769607221,-0.00145981640363439,0.00779363501345396));
#1649=CARTESIAN_POINT('',(0.00152724330062991,-0.0014633988737606,0.00829884125697273));
#1650=CARTESIAN_POINT('',(0.000155913728987798,-0.00152833534875167,0.00994348146981408));
#1651=CARTESIAN_POINT('',(-0.000566901372150601,-0.0016511595637204,0.011186725786025));
#1652=CARTESIAN_POINT('',(-0.00182177004996354,-0.00203963246000975,0.0137306907591658));
#1653=CARTESIAN_POINT('',(-0.00235249305581444,-0.0023009862101903,0.0150407543921037));
#1654=CARTESIAN_POINT('',(-0.00306249653176894,-0.00275455415832894,0.0170191574543218));
#1655=CARTESIAN_POINT('',(-0.00347582939891964,-0.00305575668494897,0.0182581378219776));
#1656=CARTESIAN_POINT('',(-0.0038436017626769,-0.00338256020051536,0.0195170995718991));
#1657=CARTESIAN_POINT('',(-0.00400328099817303,-0.00353531742411987,0.0201000234687016));
#1658=CARTESIAN_POINT('',(0.00461850727141883,-0.00139712845201782,0.0067420607717227));
#1659=CARTESIAN_POINT('',(0.00397063563032209,-0.0013955307047706,0.00700017356563986));
#1660=CARTESIAN_POINT('',(0.00335931209490897,-0.00139367904652046,0.00734491886056013));
#1661=CARTESIAN_POINT('',(0.00224337281439485,-0.00140922533224739,0.00817801591160071));
#1662=CARTESIAN_POINT('',(0.00173820832749649,-0.00142772874401471,0.00866282269327864));
#1663=CARTESIAN_POINT('',(0.00036881276388504,-0.00153265187251962,0.0102452632336413));
#1664=CARTESIAN_POINT('',(-0.000359038840543877,-0.00167324432078255,0.0114482209274742));
#1665=CARTESIAN_POINT('',(-0.0016180214839439,-0.00207476545368854,0.0139225395267088));
#1666=CARTESIAN_POINT('',(-0.00214854071257342,-0.0023326489989779,0.015202524806447));
#1667=CARTESIAN_POINT('',(-0.00285557603109445,-0.00277247161587608,0.0171399674076466));
#1668=CARTESIAN_POINT('',(-0.00326719163889475,-0.00306321644769569,0.0183572411646391));
#1669=CARTESIAN_POINT('',(-0.00363154311318188,-0.0033754987036607,0.0195890908167862));
#1670=CARTESIAN_POINT('',(-0.00379086706371102,-0.0035224355648949,0.0201637821203234));
#1671=CARTESIAN_POINT('',(0.00481972502865229,-0.00127776933257393,0.00725068162234209));
#1672=CARTESIAN_POINT('',(0.00416986774499213,-0.00123834134347383,0.00745844805745846));
#1673=CARTESIAN_POINT('',(0.00355500827973431,-0.00122841259075331,0.00778072644959344));
#1674=CARTESIAN_POINT('',(0.00244160293948987,-0.00125916554459363,0.00857476320839347));
#1675=CARTESIAN_POINT('',(0.00194024836242065,-0.00129815304672743,0.0090435903108224));
#1676=CARTESIAN_POINT('',(0.000582814678605521,-0.00146685587890619,0.0105725497113636));
#1677=CARTESIAN_POINT('',(-0.000139195466397277,-0.0016456353499777,0.0117359307207249));
#1678=CARTESIAN_POINT('',(-0.00139316536316683,-0.00208435243592994,0.0141361103683493));
#1679=CARTESIAN_POINT('',(-0.00192333288693348,-0.00234565090662032,0.0153819587073183));
#1680=CARTESIAN_POINT('',(-0.00263124818593376,-0.00277557474608382,0.017273266611555));
#1681=CARTESIAN_POINT('',(-0.00304456765846509,-0.00305661550595222,0.018465889376627));
#1682=CARTESIAN_POINT('',(-0.00340976570803759,-0.00335246460910306,0.0196683441062006));
#1683=CARTESIAN_POINT('',(-0.00357069633482001,-0.00349262710786353,0.0202340875162548));
#1684=CARTESIAN_POINT('',(0.00497035499332788,-0.000991408362191355,0.00763237829020215));
#1685=CARTESIAN_POINT('',(0.00433121008499744,-0.000976757579832035,0.00784290353707631));
#1686=CARTESIAN_POINT('',(0.00372621913876756,-0.000990173201702203,0.00815695204965816));
#1687=CARTESIAN_POINT('',(0.00262435486916565,-0.00106027288162912,0.00892866425566907));
#1688=CARTESIAN_POINT('',(0.00212539355791898,-0.0011162263434034,0.00938304271460306));
#1689=CARTESIAN_POINT('',(0.000769136459193623,-0.00132950967761331,0.0108666155763699));
#1690=CARTESIAN_POINT('',(4.27117945936563E-005,-0.00152952786496979,0.0119978080458969));
#1691=CARTESIAN_POINT('',(-0.00121305978886936,-0.00199729731269108,0.0143389263801162));
#1692=CARTESIAN_POINT('',(-0.00174155213570805,-0.00226662541254176,0.0155574916481292));
#1693=CARTESIAN_POINT('',(-0.00244279125556899,-0.00270283454650067,0.0174094498198577));
#1694=CARTESIAN_POINT('',(-0.00285161130061177,-0.00298670917405753,0.0185805317732063));
#1695=CARTESIAN_POINT('',(-0.00320980418007319,-0.00328133142459821,0.0197545360447177));
#1696=CARTESIAN_POINT('',(-0.00336873987987376,-0.00342172532667962,0.0203112487577764));
#1697=CARTESIAN_POINT('',(0.00509563389159542,-0.000743236755224941,0.00794939738124614));
#1698=CARTESIAN_POINT('',(0.00446421651345663,-0.000752570552680231,0.00816088677109648));
#1699=CARTESIAN_POINT('',(0.00386775352204012,-0.00078534079736982,0.00846957608305773));
#1700=CARTESIAN_POINT('',(0.00277619229786194,-0.000888678843621331,0.00922478077497475));
#1701=CARTESIAN_POINT('',(0.00227976754616187,-0.000958654654622778,0.00966822759627369));
#1702=CARTESIAN_POINT('',(0.000926346791752799,-0.00120856742696945,0.0111171469793157));
#1703=CARTESIAN_POINT('',(0.000198093223023148,-0.00142539274463006,0.0122240793662879));
#1704=CARTESIAN_POINT('',(-0.00105455423450396,-0.00191542468809631,0.0145200837652408));
#1705=CARTESIAN_POINT('',(-0.00157896924494697,-0.00219036694878178,0.0157172114889497));
#1706=CARTESIAN_POINT('',(-0.00227046355876678,-0.00262988300785342,0.0175363265568102));
#1707=CARTESIAN_POINT('',(-0.00267294567231372,-0.00291490939547417,0.01868926313604));
#1708=CARTESIAN_POINT('',(-0.00302231892656545,-0.00320677524822404,0.019837478994514));
#1709=CARTESIAN_POINT('',(-0.00317830608094203,-0.0033466878995373,0.0203861011209617));
#1710=SURFACE_SIDE_STYLE('',(#1992));
#1711=EDGE_LOOP('',(#1993,#1994,#1995,#1996,#1997,#1998));
#1712=AXIS2_PLACEMENT_3D('',#1999,#2000,#2001);
#1713=SURFACE_SIDE_STYLE('',(#2002));
#1714=EDGE_LOOP('',(#2003,#2004,#2005,#2006));
#1715=CARTESIAN_POINT('',(0.00428469960447199,-0.00150000000000001,0.00589738307024525));
#1716=CARTESIAN_POINT('',(0.0026429431756777,-0.00150000000000001,0.00589738307024524));
#1717=CARTESIAN_POINT('',(0.0010185142177346,-0.0015,0.00589738307024526));
#1718=CARTESIAN_POINT('',(-0.00108434692486505,-0.0015,0.00589738307024523));
#1719=CARTESIAN_POINT('',(-0.00277390520731119,-0.00149999999999999,0.00589738307024525));
#1720=CARTESIAN_POINT('',(-0.00428469960447201,-0.00149999999999999,0.00589738307024525));
#1721=CARTESIAN_POINT('',(0.00124569208306261,-0.0015,0.00723186789214243));
#1722=CARTESIAN_POINT('',(0.000476834857265019,-0.0015,0.00731306884545996));
#1723=CARTESIAN_POINT('',(-0.000324757856983951,-0.0015,0.00743117145246484));
#1724=CARTESIAN_POINT('',(-0.00128261618016618,-0.0015,0.0075108809282435));
#1725=CARTESIAN_POINT('',(-0.00206585657331453,-0.00149999999999999,0.00758689399603203));
#1726=CARTESIAN_POINT('',(-0.00282223438022881,-0.00149999999999999,0.0077088304264353));
#1727=CARTESIAN_POINT('',(-0.000423940389488238,-0.00124685688431815,0.00966985702870741));
#1728=CARTESIAN_POINT('',(-0.000832674139314777,-0.00127564211216476,0.00974672786637574));
#1729=CARTESIAN_POINT('',(-0.00126389706828501,-0.00129972657932196,0.00985144930921738));
#1730=CARTESIAN_POINT('',(-0.00174702019913652,-0.00132843820676088,0.00992836032296959));
#1731=CARTESIAN_POINT('',(-0.0021645425411023,-0.00135289696238305,0.0100021233128325));
#1732=CARTESIAN_POINT('',(-0.00259010122901487,-0.00137487718196713,0.0101125591829511));
#1733=CARTESIAN_POINT('',(-0.00200571379125728,-0.00174698987490014,0.0130757761858744));
#1734=CARTESIAN_POINT('',(-0.00228796948328313,-0.00178519233920333,0.0131352764286417));
#1735=CARTESIAN_POINT('',(-0.00256881690218016,-0.0018164891613795,0.0132101243436586));
#1736=CARTESIAN_POINT('',(-0.00286487699257248,-0.00185175838839343,0.0132703404399447));
#1737=CARTESIAN_POINT('',(-0.00313018416696373,-0.00187943310021629,0.0133277970407352));
#1738=CARTESIAN_POINT('',(-0.00339313861342166,-0.00190426100612592,0.013404601793431));
#1739=CARTESIAN_POINT('',(-0.00330985589601354,-0.00267863569575616,0.0167417050176035));
#1740=CARTESIAN_POINT('',(-0.00354268854335166,-0.00271592923805453,0.0167852640996019));
#1741=CARTESIAN_POINT('',(-0.00375890677346089,-0.00274570717502368,0.016834907919319));
#1742=CARTESIAN_POINT('',(-0.00398405355310819,-0.00277692006731201,0.0168782485578384));
#1743=CARTESIAN_POINT('',(-0.00418593767588743,-0.00279630901908785,0.0169191582968789));
#1744=CARTESIAN_POINT('',(-0.00437423790316566,-0.00280973962983419,0.0169677970652541));
#1745=CARTESIAN_POINT('',(-0.00425503627089886,-0.00360732833479836,0.0202750617210979));
#1746=CARTESIAN_POINT('',(-0.00446089015924769,-0.00364070671950801,0.0203057931886288));
#1747=CARTESIAN_POINT('',(-0.00464445868585952,-0.00366653473138356,0.0203372300088917));
#1748=CARTESIAN_POINT('',(-0.0048428308637279,-0.00369107839783791,0.0203665887971474));
#1749=CARTESIAN_POINT('',(-0.00501729391006705,-0.00369989272431435,0.0203939587171109));
#1750=CARTESIAN_POINT('',(-0.00517565880824025,-0.00369790728683985,0.0204234238197342));
#1751=SURFACE_SIDE_STYLE('',(#2007));
#1752=EDGE_LOOP('',(#2008,#2009,#2010,#2011));
#1753=AXIS2_PLACEMENT_3D('',#2012,#2013,#2014);
#1754=SURFACE_SIDE_STYLE('',(#2015));
#1755=EDGE_LOOP('',(#2016,#2017,#2018,#2019));
#1756=CARTESIAN_POINT('',(-0.00510676465895639,-0.00362131013510523,0.0201285366635918));
#1757=CARTESIAN_POINT('',(-0.00500337646991224,-0.00350820988261856,0.0196880387708283));
#1758=CARTESIAN_POINT('',(-0.00489743159901463,-0.0033957109861421,0.0192481431818382));
#1759=CARTESIAN_POINT('',(-0.0045576306574547,-0.00304566771977062,0.0178559911588312));
#1760=CARTESIAN_POINT('',(-0.00422921904998038,-0.00272773712002394,0.0165472245342923));
#1761=CARTESIAN_POINT('',(-0.00384667086150575,-0.00237579338897613,0.0149200225379854));
#1762=CARTESIAN_POINT('',(-0.00359485590348118,-0.00214726023806837,0.0137678474853494));
#1763=CARTESIAN_POINT('',(-0.00345176919201026,-0.00201613905343236,0.0130176367339706));
#1764=CARTESIAN_POINT('',(-0.00325713914307993,-0.00183102886692645,0.0118743213338853));
#1765=CARTESIAN_POINT('',(-0.00315479097965707,-0.00172700853502119,0.0111040406853718));
#1766=CARTESIAN_POINT('',(-0.00308235106620225,-0.00157200224347909,0.00954962971840827));
#1767=CARTESIAN_POINT('',(-0.00311344769413785,-0.00152347956197595,0.00876148599520988));
#1768=CARTESIAN_POINT('',(-0.00345632719874953,-0.00148552616843262,0.00723464813749015));
#1769=CARTESIAN_POINT('',(-0.00378901398588749,-0.00149908498790524,0.00650449145312878));
#1770=CARTESIAN_POINT('',(-0.00428469960447201,-0.00149999999999999,0.00589738307024525));
#1771=CARTESIAN_POINT('',(-0.00532001097315176,-0.00359795007503796,0.0200865553890722));
#1772=CARTESIAN_POINT('',(-0.00521507746165948,-0.00348729457346845,0.01964661709251));
#1773=CARTESIAN_POINT('',(-0.00510784891945371,-0.00337706787919897,0.0192075050731574));
#1774=CARTESIAN_POINT('',(-0.00476501478198913,-0.00303337491744702,0.0178181559745601));
#1775=CARTESIAN_POINT('',(-0.00443671482339748,-0.00272057316080993,0.0165167990051497));
#1776=CARTESIAN_POINT('',(-0.00406270344849938,-0.0023702275006912,0.0148848659219258));
#1777=CARTESIAN_POINT('',(-0.00382770893693049,-0.00215022912764335,0.0137698652614441));
#1778=CARTESIAN_POINT('',(-0.00369755332850792,-0.00202210289742247,0.0130376652201964));
#1779=CARTESIAN_POINT('',(-0.00352474004621589,-0.00184156864987417,0.0119266103300107));
#1780=CARTESIAN_POINT('',(-0.00343970910379162,-0.00173944275792045,0.0111792559018908));
#1781=CARTESIAN_POINT('',(-0.00340106301931286,-0.00158474782923051,0.00967688065964527));
#1782=CARTESIAN_POINT('',(-0.00344874682742222,-0.00153397958856313,0.0089184912056891));
#1783=CARTESIAN_POINT('',(-0.00380507403284299,-0.00148796070143777,0.00745291972422965));
#1784=CARTESIAN_POINT('',(-0.00413113980900908,-0.00149446439926665,0.00675330396830351));
#1785=CARTESIAN_POINT('',(-0.00460594043733237,-0.00149999999999999,0.00616279119509265));
#1786=CARTESIAN_POINT('',(-0.00547899271996965,-0.00339243882040885,0.020093025399163));
#1787=CARTESIAN_POINT('',(-0.00537389823269551,-0.00327978956353697,0.0196538368349656));
#1788=CARTESIAN_POINT('',(-0.00526715509026541,-0.00316822956658085,0.0192152086500485));
#1789=CARTESIAN_POINT('',(-0.00492848471457728,-0.00282308075267633,0.0178261480014936));
#1790=CARTESIAN_POINT('',(-0.00461070900692527,-0.00251550427505397,0.0165288049007932));
#1791=CARTESIAN_POINT('',(-0.00426240220794056,-0.00217604287274474,0.0148823543555521));
#1792=CARTESIAN_POINT('',(-0.00405890205181243,-0.00197546947920326,0.013808393481734));
#1793=CARTESIAN_POINT('',(-0.00395047843778319,-0.00185956259868084,0.0130941945180236));
#1794=CARTESIAN_POINT('',(-0.00381263051372999,-0.00169817929862385,0.0120162980787336));
#1795=CARTESIAN_POINT('',(-0.00375318906279264,-0.00160849951107328,0.0112921541003716));
#1796=CARTESIAN_POINT('',(-0.00376322762237142,-0.00147377215278737,0.00984345643094284));
#1797=CARTESIAN_POINT('',(-0.00383415593116824,-0.00143039792434771,0.00911625759284337));
#1798=CARTESIAN_POINT('',(-0.00421234807694712,-0.00139073826705888,0.00771603983821166));
#1799=CARTESIAN_POINT('',(-0.00453293093902638,-0.00139533735932826,0.00704909998021343));
#1800=CARTESIAN_POINT('',(-0.00498488359469214,-0.0013971284520178,0.00647587279161041));
#1801=CARTESIAN_POINT('',(-0.00577969650525149,-0.00313779707737856,0.020082267265584));
#1802=CARTESIAN_POINT('',(-0.0056783942599625,-0.00302812352957366,0.0196425816803113));
#1803=CARTESIAN_POINT('',(-0.00557625671684617,-0.00292003396456479,0.0192032438429846));
#1804=CARTESIAN_POINT('',(-0.0052559509311556,-0.00258755189259896,0.0178107703637445));
#1805=CARTESIAN_POINT('',(-0.00496554485593795,-0.00229600760169687,0.0165159631494501));
#1806=CARTESIAN_POINT('',(-0.00466673761406542,-0.0019849506223112,0.014846924787888));
#1807=CARTESIAN_POINT('',(-0.00451761917450246,-0.00181857733943208,0.0138305603317052));
#1808=CARTESIAN_POINT('',(-0.00444203454804224,-0.00172686498569125,0.0131425626573676));
#1809=CARTESIAN_POINT('',(-0.00435293663607254,-0.00160413437178469,0.0121132244737387));
#1810=CARTESIAN_POINT('',(-0.00432289917551601,-0.0015432961182718,0.0114245764716724));
#1811=CARTESIAN_POINT('',(-0.00435844650860395,-0.00145237491460275,0.0100559563924904));
#1812=CARTESIAN_POINT('',(-0.00442200459131335,-0.00142068915111097,0.00937379818539076));
#1813=CARTESIAN_POINT('',(-0.00473711602237284,-0.00135194420364603,0.00804511234832938));
#1814=CARTESIAN_POINT('',(-0.00500296312019721,-0.00131089873098691,0.00739813089074999));
#1815=CARTESIAN_POINT('',(-0.00540643106244213,-0.0012777693325739,0.00682441473735641));
#1816=CARTESIAN_POINT('',(-0.0057376503369135,-0.00292332390036712,0.0201342334535393));
#1817=CARTESIAN_POINT('',(-0.00563972438851714,-0.00281539692547391,0.019694513358852));
#1818=CARTESIAN_POINT('',(-0.00554131255913537,-0.00270881173203961,0.0192548380113355));
#1819=CARTESIAN_POINT('',(-0.00523380760762417,-0.00238039417005411,0.0178602681364017));
#1820=CARTESIAN_POINT('',(-0.00495765964954545,-0.00209252877601927,0.0165660150690642));
#1821=CARTESIAN_POINT('',(-0.0046816801929111,-0.00177477972825886,0.0148818219171665));
#1822=CARTESIAN_POINT('',(-0.00455513789245379,-0.00160857231849778,0.0138947245053928));
#1823=CARTESIAN_POINT('',(-0.00449582046114186,-0.00150876094450224,0.0132183905547985));
#1824=CARTESIAN_POINT('',(-0.00443501831047035,-0.0013712181286675,0.0122108356863835));
#1825=CARTESIAN_POINT('',(-0.0044286905892926,-0.00129415543844732,0.0115365233974368));
#1826=CARTESIAN_POINT('',(-0.00452792036804492,-0.0011667955332885,0.0102002605125312));
#1827=CARTESIAN_POINT('',(-0.00463389968518171,-0.00111532425053078,0.00953643908267268));
#1828=CARTESIAN_POINT('',(-0.00502736792504562,-0.00103330289659885,0.00825452627340282));
#1829=CARTESIAN_POINT('',(-0.00532188686062951,-0.00100256913124515,0.00763746205345882));
#1830=CARTESIAN_POINT('',(-0.00572289894671174,-0.000991408362191326,0.0070856231038755));
#1831=CARTESIAN_POINT('',(-0.00566262942286663,-0.00265614182302396,0.0202034979245806));
#1832=CARTESIAN_POINT('',(-0.00557000869493583,-0.00255179082733044,0.0197633001545208));
#1833=CARTESIAN_POINT('',(-0.00547718555840923,-0.00244842192335079,0.0193227543347478));
#1834=CARTESIAN_POINT('',(-0.00518812007496004,-0.00212882460083142,0.0179241770798805));
#1835=CARTESIAN_POINT('',(-0.00493046984288086,-0.00184702355564805,0.0166295609744003));
#1836=CARTESIAN_POINT('',(-0.00468365476114464,-0.00152415850776653,0.0149254546065551));
#1837=CARTESIAN_POINT('',(-0.0045818590627871,-0.00135844436488426,0.0139727310400319));
#1838=CARTESIAN_POINT('',(-0.00453994411818712,-0.00125304546017567,0.0133078134460038));
#1839=CARTESIAN_POINT('',(-0.00450816926595608,-0.00110589528275421,0.0123208399733052));
#1840=CARTESIAN_POINT('',(-0.00452508446442189,-0.001018719011617,0.0116573081030651));
#1841=CARTESIAN_POINT('',(-0.00468142431062314,-0.000875175581928279,0.0103412378001369));
#1842=CARTESIAN_POINT('',(-0.00482241727286105,-0.000818841135494032,0.00968728135743778));
#1843=CARTESIAN_POINT('',(-0.00527446327810375,-0.000747801996488568,0.00843454062471106));
#1844=CARTESIAN_POINT('',(-0.00558770013450388,-0.000733643351924897,0.00783795147549931));
#1845=CARTESIAN_POINT('',(-0.00598568871043784,-0.00074323675522491,0.00730273470310101));
#1846=SURFACE_SIDE_STYLE('',(#2020));
#1848=SURFACE_STYLE_FILL_AREA(#2021);
#1849=ORIENTED_EDGE('',*,*,#2022,.F.);
#1850=ORIENTED_EDGE('',*,*,#2023,.T.);
#1851=ORIENTED_EDGE('',*,*,#2024,.T.);
#1852=ORIENTED_EDGE('',*,*,#2025,.F.);
#1853=CARTESIAN_POINT('',(3.08997619158369E-018,0.000999999999999993,-4.85185252473233E-020));
#1854=DIRECTION('',(2.88657986402541E-015,1.0,-8.62816615085483E-032));
#1855=DIRECTION('',(-2.52980506913284E-016,8.16530098755375E-031,1.0));
#1856=SURFACE_STYLE_FILL_AREA(#2026);
#1857=ORIENTED_EDGE('',*,*,#2027,.F.);
#1858=ORIENTED_EDGE('',*,*,#2028,.F.);
#1859=ORIENTED_EDGE('',*,*,#2029,.F.);
#1860=ORIENTED_EDGE('',*,*,#2030,.F.);
#1861=ORIENTED_EDGE('',*,*,#2031,.T.);
#1862=ORIENTED_EDGE('',*,*,#2032,.F.);
#1863=ORIENTED_EDGE('',*,*,#2033,.F.);
#1864=SURFACE_STYLE_FILL_AREA(#2034);
#1865=ORIENTED_EDGE('',*,*,#2035,.F.);
#1866=ORIENTED_EDGE('',*,*,#2036,.F.);
#1867=ORIENTED_EDGE('',*,*,#2037,.F.);
#1868=ORIENTED_EDGE('',*,*,#2031,.F.);
#1869=SURFACE_STYLE_FILL_AREA(#2038);
#1870=ORIENTED_EDGE('',*,*,#2039,.T.);
#1871=ORIENTED_EDGE('',*,*,#2040,.T.);
#1872=ORIENTED_EDGE('',*,*,#2041,.T.);
#1873=ORIENTED_EDGE('',*,*,#2042,.T.);
#1874=ORIENTED_EDGE('',*,*,#2043,.T.);
#1875=ORIENTED_EDGE('',*,*,#2044,.T.);
#1876=ORIENTED_EDGE('',*,*,#2045,.T.);
#1877=CARTESIAN_POINT('',(0.0,0.0,0.0));
#1878=DIRECTION('',(-0.809016994374947,2.27595720048157E-015,0.587785252292473));
#1879=DIRECTION('',(0.587785252292473,-1.66533453693773E-015,0.809016994374947));
#1880=SURFACE_STYLE_FILL_AREA(#2046);
#1881=ORIENTED_EDGE('',*,*,#2042,.F.);
#1882=ORIENTED_EDGE('',*,*,#2047,.F.);
#1883=ORIENTED_EDGE('',*,*,#2048,.T.);
#1884=ORIENTED_EDGE('',*,*,#2023,.F.);
#1885=ORIENTED_EDGE('',*,*,#2049,.F.);
#1886=CARTESIAN_POINT('',(0.00479043978938293,-0.00150000000000001,-0.00884607460536787));
#1887=DIRECTION('',(-2.88657986402541E-015,-1.0,8.62816615085482E-032));
#1888=DIRECTION('',(-2.43945488809239E-016,7.90449797425131E-031,1.0));
#1889=SURFACE_STYLE_FILL_AREA(#2050);
#1890=ORIENTED_EDGE('',*,*,#2041,.F.);
#1891=ORIENTED_EDGE('',*,*,#2051,.F.);
#1892=ORIENTED_EDGE('',*,*,#2052,.T.);
#1893=SURFACE_STYLE_FILL_AREA(#2053);
#1894=ORIENTED_EDGE('',*,*,#2040,.F.);
#1895=ORIENTED_EDGE('',*,*,#2054,.T.);
#1896=ORIENTED_EDGE('',*,*,#2055,.F.);
#1897=ORIENTED_EDGE('',*,*,#2056,.T.);
#1898=ORIENTED_EDGE('',*,*,#2036,.T.);
#1899=ORIENTED_EDGE('',*,*,#2057,.T.);
#1900=ORIENTED_EDGE('',*,*,#2051,.T.);
#1901=SURFACE_STYLE_FILL_AREA(#2058);
#1902=ORIENTED_EDGE('',*,*,#2039,.F.);
#1903=ORIENTED_EDGE('',*,*,#2059,.T.);
#1904=ORIENTED_EDGE('',*,*,#2060,.F.);
#1905=ORIENTED_EDGE('',*,*,#2054,.F.);
#1906=SURFACE_STYLE_FILL_AREA(#2061);
#1907=ORIENTED_EDGE('',*,*,#2062,.F.);
#1908=ORIENTED_EDGE('',*,*,#2024,.F.);
#1909=ORIENTED_EDGE('',*,*,#2048,.F.);
#1910=ORIENTED_EDGE('',*,*,#2063,.F.);
#1911=ORIENTED_EDGE('',*,*,#2064,.F.);
#1912=ORIENTED_EDGE('',*,*,#2065,.F.);
#1913=ORIENTED_EDGE('',*,*,#2066,.F.);
#1914=CARTESIAN_POINT('',(0.0,0.0,0.0));
#1915=DIRECTION('',(-0.809016994374949,2.33146835171283E-015,-0.587785252292471));
#1916=DIRECTION('',(-0.587785252292471,1.72084568816899E-015,0.809016994374949));
#1917=SURFACE_STYLE_FILL_AREA(#2067);
#1918=ORIENTED_EDGE('',*,*,#2068,.F.);
#1919=ORIENTED_EDGE('',*,*,#2069,.T.);
#1920=ORIENTED_EDGE('',*,*,#2070,.T.);
#1921=ORIENTED_EDGE('',*,*,#2071,.F.);
#1922=SURFACE_STYLE_FILL_AREA(#2072);
#1923=ORIENTED_EDGE('',*,*,#2055,.T.);
#1924=ORIENTED_EDGE('',*,*,#2060,.T.);
#1925=ORIENTED_EDGE('',*,*,#2073,.T.);
#1926=ORIENTED_EDGE('',*,*,#2068,.T.);
#1927=ORIENTED_EDGE('',*,*,#2074,.T.);
#1928=ORIENTED_EDGE('',*,*,#2075,.F.);
#1929=SURFACE_STYLE_FILL_AREA(#2076);
#1930=ORIENTED_EDGE('',*,*,#2045,.F.);
#1931=ORIENTED_EDGE('',*,*,#2077,.F.);
#1932=ORIENTED_EDGE('',*,*,#2069,.F.);
#1933=ORIENTED_EDGE('',*,*,#2073,.F.);
#1934=ORIENTED_EDGE('',*,*,#2059,.F.);
#1935=SURFACE_STYLE_FILL_AREA(#2078);
#1936=ORIENTED_EDGE('',*,*,#2065,.T.);
#1937=ORIENTED_EDGE('',*,*,#2079,.F.);
#1938=ORIENTED_EDGE('',*,*,#2070,.F.);
#1939=ORIENTED_EDGE('',*,*,#2080,.T.);
#1940=SURFACE_STYLE_FILL_AREA(#2081);
#1941=ORIENTED_EDGE('',*,*,#2064,.T.);
#1942=ORIENTED_EDGE('',*,*,#2082,.T.);
#1943=ORIENTED_EDGE('',*,*,#2028,.T.);
#1944=ORIENTED_EDGE('',*,*,#2083,.F.);
#1945=ORIENTED_EDGE('',*,*,#2074,.F.);
#1946=ORIENTED_EDGE('',*,*,#2071,.T.);
#1947=ORIENTED_EDGE('',*,*,#2079,.T.);
#1948=SURFACE_STYLE_FILL_AREA(#2084);
#1949=ORIENTED_EDGE('',*,*,#2066,.T.);
#1950=ORIENTED_EDGE('',*,*,#2080,.F.);
#1951=ORIENTED_EDGE('',*,*,#2085,.T.);
#1952=SURFACE_STYLE_FILL_AREA(#2086);
#1953=ORIENTED_EDGE('',*,*,#2087,.T.);
#1954=ORIENTED_EDGE('',*,*,#2088,.T.);
#1955=ORIENTED_EDGE('',*,*,#2089,.F.);
#1956=ORIENTED_EDGE('',*,*,#2090,.F.);
#1957=SURFACE_STYLE_FILL_AREA(#2091);
#1958=ORIENTED_EDGE('',*,*,#2092,.F.);
#1959=ORIENTED_EDGE('',*,*,#2089,.T.);
#1960=ORIENTED_EDGE('',*,*,#2093,.T.);
#1961=ORIENTED_EDGE('',*,*,#2094,.T.);
#1962=SURFACE_STYLE_FILL_AREA(#2095);
#1963=ORIENTED_EDGE('',*,*,#2075,.T.);
#1964=ORIENTED_EDGE('',*,*,#2096,.F.);
#1965=ORIENTED_EDGE('',*,*,#2087,.F.);
#1966=ORIENTED_EDGE('',*,*,#2097,.F.);
#1967=SURFACE_STYLE_FILL_AREA(#2098);
#1968=ORIENTED_EDGE('',*,*,#2096,.T.);
#1969=ORIENTED_EDGE('',*,*,#2083,.T.);
#1970=ORIENTED_EDGE('',*,*,#2099,.T.);
#1971=ORIENTED_EDGE('',*,*,#2093,.F.);
#1972=ORIENTED_EDGE('',*,*,#2088,.F.);
#1973=SURFACE_STYLE_FILL_AREA(#2100);
#1974=ORIENTED_EDGE('',*,*,#2090,.T.);
#1975=ORIENTED_EDGE('',*,*,#2092,.T.);
#1976=ORIENTED_EDGE('',*,*,#2101,.F.);
#1977=ORIENTED_EDGE('',*,*,#2037,.T.);
#1978=ORIENTED_EDGE('',*,*,#2056,.F.);
#1979=ORIENTED_EDGE('',*,*,#2097,.T.);
#1980=SURFACE_STYLE_FILL_AREA(#2102);
#1981=ORIENTED_EDGE('',*,*,#2099,.F.);
#1982=ORIENTED_EDGE('',*,*,#2027,.T.);
#1983=ORIENTED_EDGE('',*,*,#2033,.T.);
#1984=ORIENTED_EDGE('',*,*,#2032,.T.);
#1985=ORIENTED_EDGE('',*,*,#2101,.T.);
#1986=ORIENTED_EDGE('',*,*,#2094,.F.);
#1987=SURFACE_STYLE_FILL_AREA(#2103);
#1988=ORIENTED_EDGE('',*,*,#2035,.T.);
#1989=ORIENTED_EDGE('',*,*,#2104,.F.);
#1990=ORIENTED_EDGE('',*,*,#2052,.F.);
#1991=ORIENTED_EDGE('',*,*,#2057,.F.);
#1992=SURFACE_STYLE_FILL_AREA(#2105);
#1993=ORIENTED_EDGE('',*,*,#2044,.F.);
#1994=ORIENTED_EDGE('',*,*,#2106,.T.);
#1995=ORIENTED_EDGE('',*,*,#2025,.T.);
#1996=ORIENTED_EDGE('',*,*,#2062,.T.);
#1997=ORIENTED_EDGE('',*,*,#2085,.F.);
#1998=ORIENTED_EDGE('',*,*,#2077,.T.);
#1999=CARTESIAN_POINT('',(-0.0102683537396721,0.00649998012526289,0.000792149470692582));
#2000=DIRECTION('',(2.88657986402541E-015,1.0,-8.62816615085482E-032));
#2001=DIRECTION('',(1.0,-2.88657986402541E-015,2.43945488809239E-016));
#2002=SURFACE_STYLE_FILL_AREA(#2107);
#2003=ORIENTED_EDGE('',*,*,#2030,.T.);
#2004=ORIENTED_EDGE('',*,*,#2108,.T.);
#2005=ORIENTED_EDGE('',*,*,#2047,.T.);
#2006=ORIENTED_EDGE('',*,*,#2104,.T.);
#2007=SURFACE_STYLE_FILL_AREA(#2109);
#2008=ORIENTED_EDGE('',*,*,#2022,.T.);
#2009=ORIENTED_EDGE('',*,*,#2106,.F.);
#2010=ORIENTED_EDGE('',*,*,#2043,.F.);
#2011=ORIENTED_EDGE('',*,*,#2049,.T.);
#2012=CARTESIAN_POINT('',(3.08997619158369E-018,0.000999999999999993,-4.85185252473233E-020));
#2013=DIRECTION('',(2.88657986402541E-015,1.0,-8.62816615085483E-032));
#2014=DIRECTION('',(-2.52980506913284E-016,8.16530098755375E-031,1.0));
#2015=SURFACE_STYLE_FILL_AREA(#2110);
#2016=ORIENTED_EDGE('',*,*,#2029,.T.);
#2017=ORIENTED_EDGE('',*,*,#2082,.F.);
#2018=ORIENTED_EDGE('',*,*,#2063,.T.);
#2019=ORIENTED_EDGE('',*,*,#2108,.F.);
#2020=SURFACE_STYLE_FILL_AREA(#2111);
#2021=FILL_AREA_STYLE('',(#2112));
#2022=EDGE_CURVE('',#2113,#2114,#2115,.T.);
#2023=EDGE_CURVE('',#2113,#2116,#2117,.T.);
#2024=EDGE_CURVE('0:1612',#2116,#2118,#2119,.T.);
#2025=EDGE_CURVE('',#2114,#2118,#2120,.T.);
#2026=FILL_AREA_STYLE('',(#2121));
#2027=EDGE_CURVE('2:707',#2122,#2123,#2124,.T.);
#2028=EDGE_CURVE('2:725',#2125,#2122,#2126,.T.);
#2029=EDGE_CURVE('2:722',#2127,#2125,#2128,.T.);
#2030=EDGE_CURVE('2:719',#2129,#2127,#2130,.T.);
#2031=EDGE_CURVE('2:716',#2129,#2131,#2132,.T.);
#2032=EDGE_CURVE('2:713',#2133,#2131,#2134,.T.);
#2033=EDGE_CURVE('2:710',#2123,#2133,#2135,.T.);
#2034=FILL_AREA_STYLE('',(#2136));
#2035=EDGE_CURVE('2:264',#2137,#2129,#2138,.T.);
#2036=EDGE_CURVE('2:268',#2139,#2137,#2140,.T.);
#2037=EDGE_CURVE('0:411',#2131,#2139,#2141,.T.);
#2038=FILL_AREA_STYLE('',(#2142));
#2039=EDGE_CURVE('0:2829',#2143,#2144,#2145,.T.);
#2040=EDGE_CURVE('0:2832',#2144,#2146,#2147,.T.);
#2041=EDGE_CURVE('0:2838',#2146,#2148,#2149,.T.);
#2042=EDGE_CURVE('0:2844',#2148,#2150,#2151,.T.);
#2043=EDGE_CURVE('0:2847',#2150,#2152,#2153,.T.);
#2044=EDGE_CURVE('0:2841',#2152,#2154,#2155,.T.);
#2045=EDGE_CURVE('0:2835',#2154,#2143,#2156,.T.);
#2046=FILL_AREA_STYLE('',(#2157));
#2047=EDGE_CURVE('0:267',#2158,#2148,#2159,.T.);
#2048=EDGE_CURVE('0:1618',#2158,#2116,#2160,.T.);
#2049=EDGE_CURVE('0:2925',#2150,#2113,#2161,.T.);
#2050=FILL_AREA_STYLE('',(#2162));
#2051=EDGE_CURVE('0:2902',#2163,#2146,#2164,.T.);
#2052=EDGE_CURVE('0:405',#2163,#2148,#2165,.T.);
#2053=FILL_AREA_STYLE('',(#2166));
#2054=EDGE_CURVE('0:2885',#2144,#2167,#2168,.T.);
#2055=EDGE_CURVE('0:762',#2169,#2167,#2170,.T.);
#2056=EDGE_CURVE('0:444',#2169,#2139,#2171,.T.);
#2057=EDGE_CURVE('2:271',#2137,#2163,#2172,.T.);
#2058=FILL_AREA_STYLE('',(#2173));
#2059=EDGE_CURVE('0:2875',#2143,#2174,#2175,.T.);
#2060=EDGE_CURVE('0:765',#2167,#2174,#2176,.T.);
#2061=FILL_AREA_STYLE('',(#2177));
#2062=EDGE_CURVE('0:1609',#2118,#2178,#2179,.T.);
#2063=EDGE_CURVE('0:1624',#2180,#2158,#2181,.T.);
#2064=EDGE_CURVE('0:1627',#2182,#2180,#2183,.T.);
#2065=EDGE_CURVE('0:1621',#2184,#2182,#2185,.T.);
#2066=EDGE_CURVE('0:1615',#2178,#2184,#2186,.T.);
#2067=FILL_AREA_STYLE('',(#2187));
#2068=EDGE_CURVE('0:768',#2188,#2189,#2190,.T.);
#2069=EDGE_CURVE('0:747',#2188,#2191,#2192,.T.);
#2070=EDGE_CURVE('0:654',#2191,#2193,#2194,.T.);
#2071=EDGE_CURVE('0:636',#2189,#2193,#2195,.T.);
#2072=FILL_AREA_STYLE('',(#2196));
#2073=EDGE_CURVE('0:750',#2174,#2188,#2197,.T.);
#2074=EDGE_CURVE('0:633',#2189,#2198,#2199,.T.);
#2075=EDGE_CURVE('0:462',#2169,#2198,#2200,.T.);
#2076=FILL_AREA_STYLE('',(#2201));
#2077=EDGE_CURVE('0:2892',#2191,#2154,#2202,.T.);
#2078=FILL_AREA_STYLE('',(#2203));
#2079=EDGE_CURVE('0:1791',#2193,#2182,#2204,.T.);
#2080=EDGE_CURVE('0:1781',#2191,#2184,#2205,.T.);
#2081=FILL_AREA_STYLE('',(#2206));
#2082=EDGE_CURVE('2:305',#2180,#2125,#2207,.T.);
#2083=EDGE_CURVE('0:453',#2198,#2122,#2208,.T.);
#2084=FILL_AREA_STYLE('',(#2209));
#2085=EDGE_CURVE('0:1761',#2191,#2178,#2210,.T.);
#2086=FILL_AREA_STYLE('',(#2211));
#2087=EDGE_CURVE('0:465',#2212,#2213,#2214,.T.);
#2088=EDGE_CURVE('0:459',#2213,#2215,#2216,.T.);
#2089=EDGE_CURVE('0:468',#2217,#2215,#2218,.T.);
#2090=EDGE_CURVE('0:438',#2212,#2217,#2219,.T.);
#2091=FILL_AREA_STYLE('',(#2220));
#2092=EDGE_CURVE('0:441',#2217,#2221,#2222,.T.);
#2093=EDGE_CURVE('0:456',#2215,#2223,#2224,.T.);
#2094=EDGE_CURVE('0:435',#2223,#2221,#2225,.T.);
#2095=FILL_AREA_STYLE('',(#2226));
#2096=EDGE_CURVE('0:450',#2213,#2198,#2227,.T.);
#2097=EDGE_CURVE('0:447',#2169,#2212,#2228,.T.);
#2098=FILL_AREA_STYLE('',(#2229));
#2099=EDGE_CURVE('0:429',#2122,#2223,#2230,.T.);
#2100=FILL_AREA_STYLE('',(#2231));
#2101=EDGE_CURVE('0:432',#2131,#2221,#2232,.T.);
#2102=FILL_AREA_STYLE('',(#2233));
#2103=FILL_AREA_STYLE('',(#2234));
#2104=EDGE_CURVE('2:223',#2148,#2129,#2235,.T.);
#2105=FILL_AREA_STYLE('',(#2236));
#2106=EDGE_CURVE('0:2915',#2152,#2114,#2237,.T.);
#2107=FILL_AREA_STYLE('',(#2238));
#2108=EDGE_CURVE('2:236',#2127,#2158,#2239,.T.);
#2109=FILL_AREA_STYLE('',(#2240));
#2110=FILL_AREA_STYLE('',(#2241));
#2111=FILL_AREA_STYLE('',(#2242));
#2112=FILL_AREA_STYLE_COLOUR('',#2243);
#2113=VERTEX_POINT('',#2244);
#2114=VERTEX_POINT('',#2245);
#2115=LINE('',#2246,#2247);
#2116=VERTEX_POINT('',#2248);
#2117=B_SPLINE_CURVE_WITH_KNOTS('',3,(#2249,#2250,#2251,#2252,#2253,#2254,#2255,#2256,#2257,#2258,#2259,#2260,#2261,#2262,#2263,#2264,#2265,#2266,#2267,#2268,#2269,#2270,#2271,#2272,#2273,#2274,#2275,#2276),.UNSPECIFIED.,.F.,.F.,(4,3,3,3,3,3,3,3,3,4),(9.42477796076938,10.7210946725957,11.9784176403746,13.2520581051581,14.0207183928805,14.5198798682728,15.798025385708,17.0426687414293,18.3400649908974,18.8495559215388),.UNSPECIFIED.);
#2118=VERTEX_POINT('',#2277);
#2119=LINE('',#2278,#2279);
#2120=B_SPLINE_CURVE_WITH_KNOTS('',3,(#2280,#2281,#2282,#2283,#2284,#2285,#2286,#2287,#2288,#2289,#2290,#2291,#2292,#2293,#2294,#2295,#2296,#2297,#2298,#2299,#2300,#2301,#2302,#2303,#2304,#2305,#2306,#2307),.UNSPECIFIED.,.F.,.F.,(4,3,3,3,3,3,3,3,3,4),(9.42477796076937,10.7210946725957,11.9784176403746,13.2520581051582,14.0207183928807,14.5198798682729,15.7980253857081,17.0426687414295,18.3400649908975,18.8495559215388),.UNSPECIFIED.);
#2121=FILL_AREA_STYLE_COLOUR('',#2308);
#2122=VERTEX_POINT('',#2309);
#2123=VERTEX_POINT('',#2310);
#2124=B_SPLINE_CURVE_WITH_KNOTS('',5,(#2311,#2312,#2313,#2314,#2315,#2316),.UNSPECIFIED.,.F.,.F.,(6,6),(-20.7112650815064,-14.7168129879013),.UNSPECIFIED.);
#2125=VERTEX_POINT('',#2317);
#2126=B_SPLINE_CURVE_WITH_KNOTS('',7,(#2318,#2319,#2320,#2321,#2322,#2323,#2324,#2325),.UNSPECIFIED.,.F.,.F.,(8,8),(-27.8894766905124,0.0),.UNSPECIFIED.);
#2127=VERTEX_POINT('',#2326);
#2128=B_SPLINE_CURVE_WITH_KNOTS('',5,(#2327,#2328,#2329,#2330,#2331,#2332,#2333,#2334,#2335,#2336,#2337,#2338,#2339,#2340,#2341,#2342,#2343,#2344,#2345,#2346,#2347,#2348,#2349,#2350,#2351,#2352,#2353,#2354),.UNSPECIFIED.,.F.,.F.,(6,4,4,4,2,4,4,6),(-0.00145316805659466,-0.00122738493683974,-0.00105137766025186,-0.00074387024177675,-0.000623826310524797,-0.000503782379272843,-0.000332128866224894,-0.0),.UNSPECIFIED.);
#2129=VERTEX_POINT('',#2355);
#2130=B_SPLINE_CURVE_WITH_KNOTS('',5,(#2356,#2357,#2358,#2359,#2360,#2361,#2362,#2363,#2364,#2365,#2366,#2367),.UNSPECIFIED.,.F.,.F.,(6,2,4,6),(-0.000682046160275884,-0.000511282113616059,-0.000340518066956234,-0.0),.UNSPECIFIED.);
#2131=VERTEX_POINT('',#2368);
#2132=B_SPLINE_CURVE_WITH_KNOTS('',3,(#2369,#2370,#2371,#2372,#2373,#2374,#2375,#2376,#2377,#2378,#2379,#2380,#2381,#2382,#2383,#2384,#2385,#2386,#2387),.UNSPECIFIED.,.F.,.F.,(4,2,2,2,2,1,1,1,2,2,4),(25.1046364942775,27.1944472801244,29.2842580659714,33.4638796376653,37.6435012093591,39.7333119952061,41.823122781053,43.9129335669,47.1580980806213,49.8255857304054,52.4930733801896),.UNSPECIFIED.);
#2133=VERTEX_POINT('',#2388);
#2134=B_SPLINE_CURVE_WITH_KNOTS('',5,(#2389,#2390,#2391,#2392,#2393,#2394),.UNSPECIFIED.,.F.,.F.,(6,6),(-7.51927874676279,-6.67846111458451E-016),.UNSPECIFIED.);
#2135=B_SPLINE_CURVE_WITH_KNOTS('',5,(#2395,#2396,#2397,#2398,#2399,#2400),.UNSPECIFIED.,.F.,.F.,(6,6),(-20.7112650815064,-14.7168129879013),.UNSPECIFIED.);
#2136=FILL_AREA_STYLE_COLOUR('',#2401);
#2137=VERTEX_POINT('',#2402);
#2138=B_SPLINE_CURVE_WITH_KNOTS('',3,(#2403,#2404,#2405,#2406,#2407,#2408),.UNSPECIFIED.,.F.,.F.,(4,2,4),(-0.00118421927803268,-0.0005342695319989,-0.0),.UNSPECIFIED.);
#2139=VERTEX_POINT('',#2409);
#2140=B_SPLINE_CURVE_WITH_KNOTS('',7,(#2410,#2411,#2412,#2413,#2414,#2415,#2416,#2417),.UNSPECIFIED.,.F.,.F.,(8,8),(-50.0194024873951,-27.8894766905124),.UNSPECIFIED.);
#2141=B_SPLINE_CURVE_WITH_KNOTS('',5,(#2418,#2419,#2420,#2421,#2422,#2423),.UNSPECIFIED.,.F.,.F.,(6,6),(14.7168129879013,20.7112650815064),.UNSPECIFIED.);
#2142=FILL_AREA_STYLE_COLOUR('',#2424);
#2143=VERTEX_POINT('',#2425);
#2144=VERTEX_POINT('',#2426);
#2145=B_SPLINE_CURVE_WITH_KNOTS('',3,(#2427,#2428,#2429,#2430,#2431,#2432,#2433,#2434,#2435,#2436),.UNSPECIFIED.,.F.,.F.,(4,2,2,2,4),(-0.00131402566513726,-0.00101127666895967,-0.000731670388474607,-0.000267081502985283,-0.0),.UNSPECIFIED.);
#2146=VERTEX_POINT('',#2437);
#2147=B_SPLINE_CURVE_WITH_KNOTS('',3,(#2438,#2439,#2440,#2441,#2442,#2443,#2444,#2445,#2446,#2447,#2448,#2449),.UNSPECIFIED.,.F.,.F.,(4,2,2,2,2,4),(-0.0128777796453413,-0.00945411374620785,-0.00682085941592717,-0.0049026773987827,-0.00292704870915289,-0.0),.UNSPECIFIED.);
#2148=VERTEX_POINT('',#2450);
#2149=B_SPLINE_CURVE_WITH_KNOTS('',3,(#2451,#2452,#2453,#2454,#2455,#2456,#2457,#2458),.UNSPECIFIED.,.F.,.F.,(4,2,2,4),(-0.00398500925174759,-0.00195842012147603,-0.000889210522303783,-0.0),.UNSPECIFIED.);
#2150=VERTEX_POINT('',#2459);
#2151=LINE('',#2460,#2461);
#2152=VERTEX_POINT('',#2462);
#2153=LINE('',#2463,#2464);
#2154=VERTEX_POINT('',#2465);
#2155=LINE('',#2466,#2467);
#2156=B_SPLINE_CURVE_WITH_KNOTS('',3,(#2468,#2469,#2470,#2471),.UNSPECIFIED.,.F.,.F.,(4,4),(-0.000995923050186281,-0.0),.UNSPECIFIED.);
#2157=FILL_AREA_STYLE_COLOUR('',#2472);
#2158=VERTEX_POINT('',#2473);
#2159=B_SPLINE_CURVE_WITH_KNOTS('',5,(#2474,#2475,#2476,#2477,#2478,#2479),.UNSPECIFIED.,.F.,.F.,(6,6),(-7.51927874676279,0.0),.UNSPECIFIED.);
#2160=LINE('',#2480,#2481);
#2161=B_SPLINE_CURVE_WITH_KNOTS('',3,(#2482,#2483,#2484,#2485,#2486,#2487,#2488,#2489,#2490,#2491,#2492,#2493,#2494,#2495,#2496,#2497,#2498,#2499,#2500,#2501,#2502,#2503,#2504,#2505,#2506,#2507,#2508,#2509),.UNSPECIFIED.,.F.,.F.,(4,3,3,3,3,3,3,3,3,4),(9.42477796076938,10.7210946725957,11.9784176403746,13.2520581051581,14.0207183928805,14.5198798682728,15.798025385708,17.0426687414293,18.3400649908974,18.8495559215388),.UNSPECIFIED.);
#2162=FILL_AREA_STYLE_COLOUR('',#2510);
#2163=VERTEX_POINT('',#2511);
#2164=B_SPLINE_CURVE_WITH_KNOTS('',7,(#2512,#2513,#2514,#2515,#2516,#2517,#2518,#2519),.UNSPECIFIED.,.F.,.F.,(8,8),(-27.8894766905124,0.0),.UNSPECIFIED.);
#2165=B_SPLINE_CURVE_WITH_KNOTS('',5,(#2520,#2521,#2522,#2523,#2524,#2525),.UNSPECIFIED.,.F.,.F.,(6,6),(-20.7112650815064,-14.7168129879013),.UNSPECIFIED.);
#2166=FILL_AREA_STYLE_COLOUR('',#2526);
#2167=VERTEX_POINT('',#2527);
#2168=B_SPLINE_CURVE_WITH_KNOTS('',3,(#2528,#2529,#2530,#2531,#2532,#2533,#2534,#2535,#2536,#2537,#2538,#2539),.UNSPECIFIED.,.F.,.F.,(4,2,2,2,2,4),(14.062511639744,15.706867203743,17.351222767742,20.63993389574,23.928645023738,27.2173561517359),.UNSPECIFIED.);
#2169=VERTEX_POINT('',#2540);
#2170=B_SPLINE_CURVE_WITH_KNOTS('',7,(#2541,#2542,#2543,#2544,#2545,#2546,#2547,#2548),.UNSPECIFIED.,.F.,.F.,(8,8),(-50.0194024873951,-40.9428877792328),.UNSPECIFIED.);
#2171=B_SPLINE_CURVE_WITH_KNOTS('',5,(#2549,#2550,#2551,#2552,#2553,#2554),.UNSPECIFIED.,.F.,.F.,(6,6),(-20.620819028657,-1.83149664577948E-015),.UNSPECIFIED.);
#2172=B_SPLINE_CURVE_WITH_KNOTS('',7,(#2555,#2556,#2557,#2558,#2559,#2560,#2561,#2562),.UNSPECIFIED.,.F.,.F.,(8,8),(-50.0194024873951,-27.8894766905124),.UNSPECIFIED.);
#2173=FILL_AREA_STYLE_COLOUR('',#2563);
#2174=VERTEX_POINT('',#2564);
#2175=B_SPLINE_CURVE_WITH_KNOTS('',3,(#2565,#2566,#2567,#2568,#2569,#2570,#2571,#2572,#2573,#2574,#2575,#2576),.UNSPECIFIED.,.F.,.F.,(4,2,2,2,2,4),(14.062511639744,15.706867203743,17.351222767742,20.63993389574,23.928645023738,27.2173561517359),.UNSPECIFIED.);
#2176=B_SPLINE_CURVE_WITH_KNOTS('',3,(#2577,#2578,#2579,#2580),.UNSPECIFIED.,.F.,.F.,(4,4),(0.0,1.02927340441957),.UNSPECIFIED.);
#2177=FILL_AREA_STYLE_COLOUR('',#2581);
#2178=VERTEX_POINT('',#2582);
#2179=LINE('',#2583,#2584);
#2180=VERTEX_POINT('',#2585);
#2181=B_SPLINE_CURVE_WITH_KNOTS('',3,(#2586,#2587,#2588,#2589,#2590,#2591,#2592,#2593),.UNSPECIFIED.,.F.,.F.,(4,2,2,4),(-0.00398500925174552,-0.00195842012147614,-0.000889210522303958,-0.0),.UNSPECIFIED.);
#2182=VERTEX_POINT('',#2594);
#2183=B_SPLINE_CURVE_WITH_KNOTS('',3,(#2595,#2596,#2597,#2598,#2599,#2600,#2601,#2602,#2603,#2604,#2605,#2606),.UNSPECIFIED.,.F.,.F.,(4,2,2,2,2,4),(-0.0128777796453979,-0.0094541137462452,-0.00682085941594169,-0.0049026773987847,-0.00292704870915222,-0.0),.UNSPECIFIED.);
#2184=VERTEX_POINT('',#2607);
#2185=B_SPLINE_CURVE_WITH_KNOTS('',3,(#2608,#2609,#2610,#2611,#2612,#2613,#2614,#2615,#2616,#2617),.UNSPECIFIED.,.F.,.F.,(4,2,2,2,4),(-0.00131402566513274,-0.00101127666895676,-0.000731670388472644,-0.000267081502984883,-0.0),.UNSPECIFIED.);
#2186=B_SPLINE_CURVE_WITH_KNOTS('',3,(#2618,#2619,#2620,#2621),.UNSPECIFIED.,.F.,.F.,(4,4),(-0.000995923050186025,-0.0),.UNSPECIFIED.);
#2187=FILL_AREA_STYLE_COLOUR('',#2622);
#2188=VERTEX_POINT('',#2623);
#2189=VERTEX_POINT('',#2624);
#2190=B_SPLINE_CURVE_WITH_KNOTS('',3,(#2625,#2626,#2627,#2628,#2629),.UNSPECIFIED.,.F.,.F.,(4,1,4),(-2.0,-1.0,0.0),.UNSPECIFIED.);
#2191=VERTEX_POINT('',#2630);
#2192=B_SPLINE_CURVE_WITH_KNOTS('',3,(#2631,#2632,#2633,#2634,#2635,#2636,#2637,#2638,#2639,#2640,#2641,#2642),.UNSPECIFIED.,.F.,.F.,(4,2,2,2,2,4),(0.0,1.75781395496801,3.51562790993601,7.031255819872,10.546883729808,14.062511639744),.UNSPECIFIED.);
#2193=VERTEX_POINT('',#2643);
#2194=B_SPLINE_CURVE_WITH_KNOTS('',3,(#2644,#2645,#2646,#2647,#2648),.UNSPECIFIED.,.F.,.F.,(4,1,4),(-2.0,-1.0,0.0),.UNSPECIFIED.);
#2195=B_SPLINE_CURVE_WITH_KNOTS('',3,(#2649,#2650,#2651,#2652,#2653,#2654,#2655,#2656,#2657,#2658,#2659,#2660),.UNSPECIFIED.,.F.,.F.,(4,2,2,2,2,4),(0.0,1.75781395496801,3.51562790993601,7.031255819872,10.546883729808,14.062511639744),.UNSPECIFIED.);
#2196=FILL_AREA_STYLE_COLOUR('',#2661);
#2197=B_SPLINE_CURVE_WITH_KNOTS('',3,(#2662,#2663,#2664,#2665),.UNSPECIFIED.,.F.,.F.,(4,4),(1.02927340441957,1.23913140975379),.UNSPECIFIED.);
#2198=VERTEX_POINT('',#2666);
#2199=B_SPLINE_CURVE_WITH_KNOTS('',7,(#2667,#2668,#2669,#2670,#2671,#2672,#2673,#2674),.UNSPECIFIED.,.F.,.F.,(8,8),(-13.5541371310166,0.0),.UNSPECIFIED.);
#2200=B_SPLINE_CURVE_WITH_KNOTS('',3,(#2675,#2676,#2677,#2678),.UNSPECIFIED.,.F.,.F.,(4,4),(0.0,1.90845375429765),.UNSPECIFIED.);
#2201=FILL_AREA_STYLE_COLOUR('',#2679);
#2202=B_SPLINE_CURVE_WITH_KNOTS('',5,(#2680,#2681,#2682,#2683,#2684,#2685),.UNSPECIFIED.,.F.,.F.,(6,6),(-9.49708520975989,0.0),.UNSPECIFIED.);
#2203=FILL_AREA_STYLE_COLOUR('',#2686);
#2204=B_SPLINE_CURVE_WITH_KNOTS('',3,(#2687,#2688,#2689,#2690,#2691,#2692,#2693,#2694,#2695,#2696,#2697,#2698),.UNSPECIFIED.,.F.,.F.,(4,2,2,2,2,4),(14.062511639744,15.706867203743,17.351222767742,20.63993389574,23.928645023738,27.2173561517359),.UNSPECIFIED.);
#2205=B_SPLINE_CURVE_WITH_KNOTS('',3,(#2699,#2700,#2701,#2702,#2703,#2704,#2705,#2706,#2707,#2708,#2709,#2710),.UNSPECIFIED.,.F.,.F.,(4,2,2,2,2,4),(14.062511639744,15.706867203743,17.351222767742,20.63993389574,23.928645023738,27.2173561517359),.UNSPECIFIED.);
#2206=FILL_AREA_STYLE_COLOUR('',#2711);
#2207=B_SPLINE_CURVE_WITH_KNOTS('',7,(#2712,#2713,#2714,#2715,#2716,#2717,#2718,#2719),.UNSPECIFIED.,.F.,.F.,(8,8),(-27.8894766905124,0.0),.UNSPECIFIED.);
#2208=B_SPLINE_CURVE_WITH_KNOTS('',5,(#2720,#2721,#2722,#2723,#2724,#2725),.UNSPECIFIED.,.F.,.F.,(6,6),(-20.620819028657,0.0),.UNSPECIFIED.);
#2209=FILL_AREA_STYLE_COLOUR('',#2726);
#2210=B_SPLINE_CURVE_WITH_KNOTS('',5,(#2727,#2728,#2729,#2730,#2731,#2732),.UNSPECIFIED.,.F.,.F.,(6,6),(0.0,9.49708520975989),.UNSPECIFIED.);
#2211=FILL_AREA_STYLE_COLOUR('',#2733);
#2212=VERTEX_POINT('',#2734);
#2213=VERTEX_POINT('',#2735);
#2214=B_SPLINE_CURVE_WITH_KNOTS('',3,(#2736,#2737,#2738,#2739),.UNSPECIFIED.,.F.,.F.,(4,4),(0.0,0.489574927929299),.UNSPECIFIED.);
#2215=VERTEX_POINT('',#2740);
#2216=B_SPLINE_CURVE_WITH_KNOTS('',3,(#2741,#2742,#2743,#2744,#2745,#2746,#2747,#2748,#2749,#2750),.UNSPECIFIED.,.F.,.F.,(4,2,2,2,4),(0.0,0.21920970203301,0.438419404066019,0.657629106099029,0.876838808132039),.UNSPECIFIED.);
#2217=VERTEX_POINT('',#2751);
#2218=B_SPLINE_CURVE_WITH_KNOTS('',3,(#2752,#2753,#2754,#2755),.UNSPECIFIED.,.F.,.F.,(4,4),(0.0,0.996473358535662),.UNSPECIFIED.);
#2219=B_SPLINE_CURVE_WITH_KNOTS('',3,(#2756,#2757,#2758,#2759,#2760,#2761,#2762,#2763,#2764,#2765),.UNSPECIFIED.,.F.,.F.,(4,2,2,2,4),(0.0,0.21920970203301,0.438419404066019,0.657629106099029,0.876838808132039),.UNSPECIFIED.);
#2220=FILL_AREA_STYLE_COLOUR('',#2766);
#2221=VERTEX_POINT('',#2767);
#2222=B_SPLINE_CURVE_WITH_KNOTS('',3,(#2768,#2769,#2770,#2771,#2772,#2773,#2774,#2775,#2776,#2777,#2778,#2779,#2780,#2781,#2782,#2783,#2784,#2785,#2786,#2787),.UNSPECIFIED.,.F.,.F.,(4,2,2,2,2,2,2,2,2,4),(-10.4872965171771,-9.17638445252997,-7.86547238788283,-6.55456032323569,-5.24364825858855,-4.58819222626498,-3.93273619394142,-2.62182412929428,-1.31091206464714,0.0),.UNSPECIFIED.);
#2223=VERTEX_POINT('',#2788);
#2224=B_SPLINE_CURVE_WITH_KNOTS('',3,(#2789,#2790,#2791,#2792,#2793,#2794,#2795,#2796,#2797,#2798,#2799,#2800,#2801,#2802,#2803,#2804,#2805,#2806,#2807,#2808),.UNSPECIFIED.,.F.,.F.,(4,2,2,2,2,2,2,2,2,4),(-10.4872965171771,-9.17638445252997,-7.86547238788283,-6.55456032323569,-5.24364825858855,-4.58819222626498,-3.93273619394142,-2.62182412929428,-1.31091206464714,0.0),.UNSPECIFIED.);
#2225=B_SPLINE_CURVE_WITH_KNOTS('',3,(#2809,#2810,#2811,#2812),.UNSPECIFIED.,.F.,.F.,(4,4),(-0.996473358535662,0.0),.UNSPECIFIED.);
#2226=FILL_AREA_STYLE_COLOUR('',#2813);
#2227=B_SPLINE_CURVE_WITH_KNOTS('',3,(#2814,#2815,#2816,#2817,#2818,#2819,#2820,#2821),.UNSPECIFIED.,.F.,.F.,(4,1,1,1,1,4),(-122.48123630245,-98.7802582597442,-74.4291392069958,-48.9783796033061,-24.7249264848567,0.0),.UNSPECIFIED.);
#2228=B_SPLINE_CURVE_WITH_KNOTS('',3,(#2822,#2823,#2824,#2825,#2826,#2827,#2828,#2829),.UNSPECIFIED.,.F.,.F.,(4,1,1,1,1,4),(0.0,24.7246840261171,48.9793900381036,74.4320805320513,98.7850143833338,122.490802216128),.UNSPECIFIED.);
#2229=FILL_AREA_STYLE_COLOUR('',#2830);
#2230=B_SPLINE_CURVE_WITH_KNOTS('',3,(#2831,#2832,#2833,#2834,#2835,#2836,#2837,#2838),.UNSPECIFIED.,.F.,.F.,(4,1,1,1,1,4),(0.0,24.7249264848567,48.9783796033061,74.4291392069958,98.7802582597442,117.09494369952),.UNSPECIFIED.);
#2231=FILL_AREA_STYLE_COLOUR('',#2839);
#2232=B_SPLINE_CURVE_WITH_KNOTS('',3,(#2840,#2841,#2842,#2843,#2844,#2845,#2846,#2847),.UNSPECIFIED.,.F.,.F.,(4,1,1,1,1,4),(0.0,24.7246840261171,48.9793900381036,74.4320805320513,98.7850143833338,117.102330373489),.UNSPECIFIED.);
#2233=FILL_AREA_STYLE_COLOUR('',#2848);
#2234=FILL_AREA_STYLE_COLOUR('',#2849);
#2235=B_SPLINE_CURVE_WITH_KNOTS('',3,(#2850,#2851,#2852,#2853,#2854,#2855,#2856,#2857,#2858,#2859,#2860,#2861,#2862,#2863,#2864,#2865,#2866,#2867,#2868),.UNSPECIFIED.,.F.,.F.,(4,2,2,2,2,1,1,1,2,2,4),(25.1046364942775,27.1944472801244,29.2842580659714,33.4638796376653,37.6435012093591,39.7333119952061,41.823122781053,43.9129335669,47.1580980806213,49.8255857304054,52.4930733801896),.UNSPECIFIED.);
#2236=FILL_AREA_STYLE_COLOUR('',#2869);
#2237=B_SPLINE_CURVE_WITH_KNOTS('',3,(#2870,#2871,#2872,#2873,#2874,#2875,#2876,#2877,#2878,#2879,#2880,#2881,#2882,#2883,#2884,#2885,#2886,#2887,#2888,#2889,#2890,#2891,#2892,#2893,#2894,#2895,#2896,#2897),.UNSPECIFIED.,.F.,.F.,(4,3,3,3,3,3,3,3,3,4),(9.42477796076937,10.7210946725957,11.9784176403746,13.2520581051582,14.0207183928807,14.5198798682729,15.7980253857081,17.0426687414295,18.3400649908975,18.8495559215388),.UNSPECIFIED.);
#2238=FILL_AREA_STYLE_COLOUR('',#2898);
#2239=B_SPLINE_CURVE_WITH_KNOTS('',3,(#2899,#2900,#2901,#2902,#2903,#2904,#2905,#2906,#2907,#2908,#2909,#2910,#2911,#2912,#2913,#2914,#2915,#2916,#2917),.UNSPECIFIED.,.F.,.F.,(4,2,2,2,1,1,1,2,2,2,4),(0.0,4.10271048920506,8.20542097841012,12.3081314676152,15.3241176396381,16.4108419568202,17.4975662740024,18.5842905911846,20.7577392255489,22.9311878599132,25.1046364942775),.UNSPECIFIED.);
#2240=FILL_AREA_STYLE_COLOUR('',#2918);
#2241=FILL_AREA_STYLE_COLOUR('',#2919);
#2242=FILL_AREA_STYLE_COLOUR('',#2920);
#2243=COLOUR_RGB('',0.686274528503418,0.560784339904785,0.686274528503418);
#2244=CARTESIAN_POINT('',(-5.53882686874691E-018,-0.0015,0.003));
#2245=CARTESIAN_POINT('',(1.76346345898633E-017,0.00649998012526286,0.003));
#2246=CARTESIAN_POINT('',(6.29351042713776E-018,0.0025,0.003));
#2247=VECTOR('',#2921,1.0);
#2248=CARTESIAN_POINT('',(-0.00176335575687742,-0.0015,0.00242705098312485));
#2249=CARTESIAN_POINT('',(0.00285316954888546,-0.00150000000000001,-0.000927050983124843));
#2250=CARTESIAN_POINT('',(0.00297338695415209,-0.00150000000000001,-0.000557059854053815));
#2251=CARTESIAN_POINT('',(0.00302936653448432,-0.00150000000000001,-0.000130257359456989));
#2252=CARTESIAN_POINT('',(0.0029841574339169,-0.00150000000000001,0.000307903247138542));
#2253=CARTESIAN_POINT('',(0.00294030824183486,-0.00150000000000001,0.000732883801059152));
#2254=CARTESIAN_POINT('',(0.00279940025357335,-0.00150000000000001,0.00116546691744874));
#2255=CARTESIAN_POINT('',(0.0025721509489212,-0.00150000000000001,0.00154403351516856));
#2256=CARTESIAN_POINT('',(0.00234195241010804,-0.00150000000000001,0.00192751313800815));
#2257=CARTESIAN_POINT('',(0.00202557128340759,-0.00150000000000001,0.00225238485682588));
#2258=CARTESIAN_POINT('',(0.00167759790048209,-0.00150000000000001,0.00248709977369185));
#2259=CARTESIAN_POINT('',(0.00146759097306815,-0.0015,0.00262875359242601));
#2260=CARTESIAN_POINT('',(0.00124673011597055,-0.0015,0.0027386879704608));
#2261=CARTESIAN_POINT('',(0.00102688187430334,-0.0015,0.00281877874552567));
#2262=CARTESIAN_POINT('',(0.000884114289681327,-0.0015,0.00287078901597315));
#2263=CARTESIAN_POINT('',(0.00073976036718754,-0.0015,0.00291157917140664));
#2264=CARTESIAN_POINT('',(0.000586131015300298,-0.0015,0.00294218463610003));
#2265=CARTESIAN_POINT('',(0.000192749960989489,-0.0015,0.00302055253794208));
#2266=CARTESIAN_POINT('',(-0.00024667976182001,-0.0015,0.00302244899741369));
#2267=CARTESIAN_POINT('',(-0.000677998103618425,-0.0015,0.00292238234519199));
#2268=CARTESIAN_POINT('',(-0.00109801092766481,-0.0015,0.00282493859397738));
#2269=CARTESIAN_POINT('',(-0.0015067770074126,-0.0015,0.00263013384879895));
#2270=CARTESIAN_POINT('',(-0.0018482860227584,-0.00149999999999999,0.00236301476467583));
#2271=CARTESIAN_POINT('',(-0.00220426953693733,-0.00149999999999999,0.00208457412036627));
#2272=CARTESIAN_POINT('',(-0.00248481727716467,-0.00149999999999999,0.00173088878358091));
#2273=CARTESIAN_POINT('',(-0.00267234541885307,-0.00149999999999999,0.00136329379164398));
#2274=CARTESIAN_POINT('',(-0.00274598821492979,-0.00149999999999999,0.0012189382683273));
#2275=CARTESIAN_POINT('',(-0.00280592054165613,-0.00149999999999999,0.00107246847482244));
#2276=CARTESIAN_POINT('',(-0.00285316954888547,-0.00149999999999999,0.000927050983124842));
#2277=CARTESIAN_POINT('',(-0.00176335575687739,0.00649998012526287,0.00242705098312485));
#2278=CARTESIAN_POINT('',(-0.00176335575687741,0.000999999999999999,0.00242705098312485));
#2279=VECTOR('',#2922,1.0);
#2280=CARTESIAN_POINT('',(0.00285316954888548,0.00649998012526285,-0.000927050983124847));
#2281=CARTESIAN_POINT('',(0.00297338695415211,0.00649998012526285,-0.000557059854053815));
#2282=CARTESIAN_POINT('',(0.00302936653448435,0.00649998012526285,-0.000130257359456984));
#2283=CARTESIAN_POINT('',(0.00298415743391693,0.00649998012526285,0.000307903247138551));
#2284=CARTESIAN_POINT('',(0.00294030824183488,0.00649998012526285,0.000732883801059164));
#2285=CARTESIAN_POINT('',(0.00279940025357337,0.00649998012526285,0.00116546691744875));
#2286=CARTESIAN_POINT('',(0.00257215094892121,0.00649998012526285,0.00154403351516857));
#2287=CARTESIAN_POINT('',(0.00234195241010805,0.00649998012526285,0.00192751313800817));
#2288=CARTESIAN_POINT('',(0.00202557128340759,0.00649998012526285,0.0022523848568259));
#2289=CARTESIAN_POINT('',(0.00167759790048209,0.00649998012526285,0.00248709977369187));
#2290=CARTESIAN_POINT('',(0.00146759097306814,0.00649998012526285,0.00262875359242604));
#2291=CARTESIAN_POINT('',(0.00124673011597051,0.00649998012526285,0.00273868797046083));
#2292=CARTESIAN_POINT('',(0.00102688187430329,0.00649998012526286,0.00281877874552569));
#2293=CARTESIAN_POINT('',(0.000884114289681265,0.00649998012526286,0.00287078901597318));
#2294=CARTESIAN_POINT('',(0.000739760367187464,0.00649998012526286,0.00291157917140666));
#2295=CARTESIAN_POINT('',(0.000586131015300209,0.00649998012526286,0.00294218463610005));
#2296=CARTESIAN_POINT('',(0.000192749960989388,0.00649998012526286,0.00302055253794209));
#2297=CARTESIAN_POINT('',(-0.000246679761820118,0.00649998012526286,0.00302244899741368));
#2298=CARTESIAN_POINT('',(-0.000677998103618532,0.00649998012526286,0.00292238234519196));
#2299=CARTESIAN_POINT('',(-0.00109801092766491,0.00649998012526286,0.00282493859397733));
#2300=CARTESIAN_POINT('',(-0.00150677700741269,0.00649998012526286,0.00263013384879888));
#2301=CARTESIAN_POINT('',(-0.00184828602275847,0.00649998012526286,0.00236301476467576));
#2302=CARTESIAN_POINT('',(-0.00220426953693739,0.00649998012526287,0.00208457412036619));
#2303=CARTESIAN_POINT('',(-0.00248481727716471,0.00649998012526287,0.00173088878358082));
#2304=CARTESIAN_POINT('',(-0.00267234541885309,0.00649998012526287,0.00136329379164389));
#2305=CARTESIAN_POINT('',(-0.00274598821492979,0.00649998012526287,0.00121893826832724));
#2306=CARTESIAN_POINT('',(-0.00280592054165612,0.00649998012526287,0.00107246847482241));
#2307=CARTESIAN_POINT('',(-0.00285316954888544,0.00649998012526287,0.000927050983124844));
#2308=COLOUR_RGB('',0.686274528503418,0.560784339904785,0.686274528503418);
#2309=CARTESIAN_POINT('',(-0.00716660825586309,-0.00420570636688289,0.0307846156771315));
#2310=CARTESIAN_POINT('',(-0.00719473190112696,-0.0049479725367351,0.0307858133554421));
#2311=CARTESIAN_POINT('',(-0.00716660825586309,-0.00420570636688289,0.0307846156771315));
#2312=CARTESIAN_POINT('',(-0.0072994905407887,-0.00460906804016104,0.0307835823577737));
#2313=CARTESIAN_POINT('',(-0.00729888716320093,-0.00490376213652231,0.0307895348567787));
#2314=CARTESIAN_POINT('',(-0.00715431467255002,-0.00517862959741805,0.0307840785774338));
#2315=CARTESIAN_POINT('',(-0.00691146371542919,-0.00534535396864385,0.0307839292145021));
#2316=CARTESIAN_POINT('',(-0.00663847698446679,-0.00542261276415459,0.0307838217960583));
#2317=CARTESIAN_POINT('',(-0.00561976979369196,-0.00260804774258061,0.0199999932620668));
#2318=CARTESIAN_POINT('',(-0.00598568871043785,-0.000743236755224909,0.00730273470310101));
#2319=CARTESIAN_POINT('',(-0.00411972305572768,-0.000698853194098858,0.00981823766013853));
#2320=CARTESIAN_POINT('',(-0.00379194017416465,-0.00105225486459648,0.0131510888936838));
#2321=CARTESIAN_POINT('',(-0.00475258446073735,-0.00172475060333874,0.0170363836710648));
#2322=CARTESIAN_POINT('',(-0.00606462547807756,-0.00268014940197023,0.0209356778591099));
#2323=CARTESIAN_POINT('',(-0.00665706381783562,-0.00394395965470064,0.0243109368961411));
#2324=CARTESIAN_POINT('',(-0.00700793407120134,-0.004465720490443,0.0275561563884278));
#2325=CARTESIAN_POINT('',(-0.00716660825586309,-0.00420570636688289,0.0307846156771315));
#2326=CARTESIAN_POINT('',(-0.00507652070761147,-0.00358832165177384,0.0200000000000002));
#2327=CARTESIAN_POINT('',(-0.00507652070761147,-0.00358832165177384,0.0200000000000002));
#2328=CARTESIAN_POINT('',(-0.00509585624143627,-0.00358728605809393,0.0200000000000002));
#2329=CARTESIAN_POINT('',(-0.00511541549732465,-0.00358473133158527,0.0200000000000002));
#2330=CARTESIAN_POINT('',(-0.00513531290925121,-0.00358053766809952,0.0200000000000002));
#2331=CARTESIAN_POINT('',(-0.00515566369740925,-0.0035745830796603,0.0200000000000003));
#2332=CARTESIAN_POINT('',(-0.00519288811168338,-0.0035606343423324,0.0200000000000003));
#2333=CARTESIAN_POINT('',(-0.00521046614470273,-0.003553031899455,0.0200000000000003));
#2334=CARTESIAN_POINT('',(-0.00522944995316718,-0.00354361646182434,0.0200000000000003));
#2335=CARTESIAN_POINT('',(-0.00524997333563341,-0.00353201670780255,0.0200000000000003));
#2336=CARTESIAN_POINT('',(-0.00531084907553049,-0.00349306249604675,0.0200000000000003));
#2337=CARTESIAN_POINT('',(-0.00534934954314723,-0.00346374643187384,0.0200000000000003));
#2338=CARTESIAN_POINT('',(-0.00538672369517413,-0.00343126187518788,0.0200000000000003));
#2339=CARTESIAN_POINT('',(-0.00542206023179482,-0.00339698025695104,0.0200000000000003));
#2340=CARTESIAN_POINT('',(-0.00546708960914036,-0.00334872389471245,0.0200000000000003));
#2341=CARTESIAN_POINT('',(-0.00548175797113981,-0.00333245765836233,0.0200000000000003));
#2342=CARTESIAN_POINT('',(-0.00551399086988959,-0.00329492003469465,0.0200000000000003));
#2343=CARTESIAN_POINT('',(-0.00554967423984067,-0.00324818223003506,0.0200000000000003));
#2344=CARTESIAN_POINT('',(-0.00558406823046001,-0.00319380159057102,0.0200000000000003));
#2345=CARTESIAN_POINT('',(-0.00560032666810816,-0.00316487937752953,0.0200000000000003));
#2346=CARTESIAN_POINT('',(-0.00563609455162227,-0.00309087509398163,0.0200000000000003));
#2347=CARTESIAN_POINT('',(-0.00565151188427167,-0.00304933219467499,0.0200000000000003));
#2348=CARTESIAN_POINT('',(-0.00566208115675551,-0.00300968918148145,0.0200000000000003));
#2349=CARTESIAN_POINT('',(-0.00566858507568222,-0.0029718399388934,0.0200000000000003));
#2350=CARTESIAN_POINT('',(-0.00567803905664986,-0.00286571007982458,0.0200000000000003));
#2351=CARTESIAN_POINT('',(-0.00567224283584495,-0.00279913489594307,0.0200000000000003));
#2352=CARTESIAN_POINT('',(-0.00565813066769008,-0.00273477437664585,0.0200000000000003));
#2353=CARTESIAN_POINT('',(-0.00563941534446146,-0.00267145005410601,0.0200000000000003));
#2354=CARTESIAN_POINT('',(-0.00561980977661041,-0.0026079834876286,0.0200000000000003));
#2355=CARTESIAN_POINT('',(-0.00418067335438861,-0.00353512180582172,0.0200000000000002));
#2356=CARTESIAN_POINT('',(-0.00418067335438861,-0.00353512180582172,0.0200000000000002));
#2357=CARTESIAN_POINT('',(-0.00421381661976649,-0.00353933764529622,0.0200000000000002));
#2358=CARTESIAN_POINT('',(-0.00425222164000413,-0.00354408220322466,0.0200000000000002));
#2359=CARTESIAN_POINT('',(-0.00433778633012771,-0.00355422616311107,0.0200000000000002));
#2360=CARTESIAN_POINT('',(-0.0044373172496521,-0.00356491745140949,0.0200000000000002));
#2361=CARTESIAN_POINT('',(-0.00454373651575184,-0.00357458344670784,0.0200000000000002));
#2362=CARTESIAN_POINT('',(-0.00459778514379099,-0.00357894444378516,0.0200000000000002));
#2363=CARTESIAN_POINT('',(-0.0047594718626371,-0.00359001782706028,0.0200000000000002));
#2364=CARTESIAN_POINT('',(-0.00485290512749179,-0.0035937947882838,0.0200000000000002));
#2365=CARTESIAN_POINT('',(-0.00493497296646598,-0.00359454195440917,0.0200000000000002));
#2366=CARTESIAN_POINT('',(-0.00500856700133218,-0.00359282833882801,0.0200000000000002));
#2367=CARTESIAN_POINT('',(-0.0050765730143509,-0.00358918356856893,0.0200000000000002));
#2368=CARTESIAN_POINT('',(-0.00588882645523061,-0.00544844480145417,0.0307846134665851));
#2369=CARTESIAN_POINT('',(0.00428469960447199,-0.00150000000000001,0.00589738307024525));
#2370=CARTESIAN_POINT('',(0.0036180625681972,-0.00150005730126541,0.00618909860781572));
#2371=CARTESIAN_POINT('',(0.00298988831099907,-0.00148507358333199,0.00656768477601969));
#2372=CARTESIAN_POINT('',(0.00185117324913839,-0.00146659601653761,0.00747432976890003));
#2373=CARTESIAN_POINT('',(0.00134024211855606,-0.00146501264164118,0.00799800528683842));
#2374=CARTESIAN_POINT('',(-3.31829435224102E-005,-0.00151782450270139,0.00969626308472804));
#2375=CARTESIAN_POINT('',(-0.000750826279230086,-0.00163739129503972,0.0109710651605186));
#2376=CARTESIAN_POINT('',(-0.00200056736950518,-0.00202738437959449,0.013568740733661));
#2377=CARTESIAN_POINT('',(-0.00253049715491048,-0.00229245980491219,0.014901646922245));
#2378=CARTESIAN_POINT('',(-0.00324342386980798,-0.00275306835409522,0.0169132421090643));
#2379=CARTESIAN_POINT('',(-0.00368679775731191,-0.00307898626401665,0.0182542762158897));
#2380=CARTESIAN_POINT('',(-0.00427842200821287,-0.00361527446362105,0.0203104577709257));
#2381=CARTESIAN_POINT('',(-0.00485491781140988,-0.00423525192770802,0.0226512524453253));
#2382=CARTESIAN_POINT('',(-0.00518602604001048,-0.00466901123484138,0.0243810468691396));
#2383=CARTESIAN_POINT('',(-0.00548137140183828,-0.00508108819939746,0.0263147338822955));
#2384=CARTESIAN_POINT('',(-0.00558811107472833,-0.00524175297950896,0.0271982822930457));
#2385=CARTESIAN_POINT('',(-0.00575772802331475,-0.00545090868224846,0.0289830277231285));
#2386=CARTESIAN_POINT('',(-0.0058183466932152,-0.00549669350443394,0.0298857402677298));
#2387=CARTESIAN_POINT('',(-0.00588882645523061,-0.00544844480145417,0.0307846134665851));
#2388=CARTESIAN_POINT('',(-0.00663847698446679,-0.00542261276415459,0.0307838217960583));
#2389=CARTESIAN_POINT('',(-0.00663847698446679,-0.00542261276415459,0.0307838217960583));
#2390=CARTESIAN_POINT('',(-0.00649107394961166,-0.00546373618997394,0.0307839787461814));
#2391=CARTESIAN_POINT('',(-0.00635086224961506,-0.00548111053019353,0.030784127264207));
#2392=CARTESIAN_POINT('',(-0.00617548229080558,-0.00547919897610197,0.0307843121911589));
#2393=CARTESIAN_POINT('',(-0.0060407703636518,-0.0054674128845638,0.0307844538685091));
#2394=CARTESIAN_POINT('',(-0.00588882645523061,-0.00544844480145417,0.0307846134665851));
#2395=CARTESIAN_POINT('',(-0.00716660825586309,-0.00420570636688289,0.0307846156771315));
#2396=CARTESIAN_POINT('',(-0.0072994905407887,-0.00460906804016104,0.0307835823577737));
#2397=CARTESIAN_POINT('',(-0.00729888716320093,-0.00490376213652231,0.0307895348567787));
#2398=CARTESIAN_POINT('',(-0.00715431467255002,-0.00517862959741805,0.0307840785774338));
#2399=CARTESIAN_POINT('',(-0.00691146371542919,-0.00534535396864385,0.0307839292145021));
#2400=CARTESIAN_POINT('',(-0.00663847698446679,-0.00542261276415459,0.0307838217960583));
#2401=COLOUR_RGB('',0.686274528503418,0.560784339904785,0.686274528503418);
#2402=CARTESIAN_POINT('',(-0.00306673761902938,-0.00324831393378109,0.0200000000000001));
#2403=CARTESIAN_POINT('',(-0.00306673761902938,-0.00324831393378109,0.0200000000000001));
#2404=CARTESIAN_POINT('',(-0.00322176992661978,-0.00331795829247121,0.0200000000000001));
#2405=CARTESIAN_POINT('',(-0.00339057723134968,-0.00338781337494364,0.0200000000000001));
#2406=CARTESIAN_POINT('',(-0.00381899512938697,-0.0034891535237846,0.0200000000000002));
#2407=CARTESIAN_POINT('',(-0.004003907857701,-0.00351267279769001,0.0200000000000002));
#2408=CARTESIAN_POINT('',(-0.00418057398170391,-0.00353514663059863,0.0200000000000002));
#2409=CARTESIAN_POINT('',(-0.00488316906300304,-0.00519917670274075,0.0307846134665851));
#2410=CARTESIAN_POINT('',(-0.00488316906300304,-0.00519917670274075,0.0307846134665851));
#2411=CARTESIAN_POINT('',(-0.00482508769408614,-0.00542536551406098,0.0268668699114605));
#2412=CARTESIAN_POINT('',(-0.00403186099656797,-0.00389520729479687,0.0226475056326223));
#2413=CARTESIAN_POINT('',(-0.00285656598307769,-0.00256093941573896,0.0179410227439775));
#2414=CARTESIAN_POINT('',(-0.00131416904021251,-0.00163957081186636,0.0137233054975556));
#2415=CARTESIAN_POINT('',(0.00057406746246412,-0.00106413064370317,0.0106121939565849));
#2416=CARTESIAN_POINT('',(0.00273977166969232,-0.000778457150171694,0.00874074682485592));
#2417=CARTESIAN_POINT('',(0.00509563389159542,-0.000743236755224941,0.00794939738124614));
#2418=CARTESIAN_POINT('',(-0.00588882645523061,-0.00544844480145417,0.0307846134665851));
#2419=CARTESIAN_POINT('',(-0.00569898928536583,-0.00542462380427055,0.030784645759628));
#2420=CARTESIAN_POINT('',(-0.00549653401647451,-0.00538570239134578,0.0307846134677601));
#2421=CARTESIAN_POINT('',(-0.00529149344644415,-0.00534188208896631,0.0307844854365796));
#2422=CARTESIAN_POINT('',(-0.00508906569322188,-0.00527555465195535,0.0307847958181219));
#2423=CARTESIAN_POINT('',(-0.00488316906300304,-0.00519917670274075,0.0307846134665851));
#2424=COLOUR_RGB('',0.686274528503418,0.560784339904785,0.686274528503418);
#2425=CARTESIAN_POINT('',(0.0049400012223089,0.00651368283128538,0.00679932836949144));
#2426=CARTESIAN_POINT('',(0.00579638192937836,0.00617551760593958,0.00797803529174216));
#2427=CARTESIAN_POINT('',(0.00493969994680283,0.00651396006107324,0.0067989136993318));
#2428=CARTESIAN_POINT('',(0.00498198049941439,0.00651718929435753,0.00685710788753388));
#2429=CARTESIAN_POINT('',(0.00503992212611314,0.0065152465022118,0.00693685769496474));
#2430=CARTESIAN_POINT('',(0.00517898016121761,0.00649403423979589,0.00712825466037877));
#2431=CARTESIAN_POINT('',(0.00524704960612658,0.00647780750790408,0.00722194421368799));
#2432=CARTESIAN_POINT('',(0.00542377304263733,0.00642554094336543,0.00746518315662491));
#2433=CARTESIAN_POINT('',(0.00555034484431221,0.00638046330586748,0.00763939429609169));
#2434=CARTESIAN_POINT('',(0.00570707178670874,0.00627627760048707,0.00785511042605699));
#2435=CARTESIAN_POINT('',(0.00575564529780585,0.00623139794566973,0.00792196612854487));
#2436=CARTESIAN_POINT('',(0.00579638192937836,0.00617551760593958,0.00797803529174216));
#2437=CARTESIAN_POINT('',(0.00565809466458181,-0.000740864446903996,0.00778769920064481));
#2438=CARTESIAN_POINT('',(0.00579642036866692,0.00617553743935711,0.00797808819888398));
#2439=CARTESIAN_POINT('',(0.00612962645443353,0.00572171220545951,0.00843670703112411));
#2440=CARTESIAN_POINT('',(0.00640941654412677,0.00519149846866936,0.00882180505210699));
#2441=CARTESIAN_POINT('',(0.00676624556425445,0.00418258853330178,0.00931293806411019));
#2442=CARTESIAN_POINT('',(0.00687489425985463,0.00372106858279327,0.00946248016314729));
#2443=CARTESIAN_POINT('',(0.006962865954682,0.00291509739856857,0.0095835628134209));
#2444=CARTESIAN_POINT('',(0.00697606825787872,0.00251444211854672,0.00960173422611704));
#2445=CARTESIAN_POINT('',(0.00687244404727552,0.00162589400455167,0.0094591077361197));
#2446=CARTESIAN_POINT('',(0.00676253282939561,0.00123190006208586,0.00930782792297289));
#2447=CARTESIAN_POINT('',(0.00642483888865489,0.000373240028386176,0.0088430320882847));
#2448=CARTESIAN_POINT('',(0.00611750592561999,-0.000156858019712078,0.00842002455439862));
#2449=CARTESIAN_POINT('',(0.00565809454682442,-0.000740863802530799,0.00778769903856567));
#2450=CARTESIAN_POINT('',(0.00428469960447199,-0.00150000000000001,0.00589738307024525));
#2451=CARTESIAN_POINT('',(0.00565807265035533,-0.000740857420497865,0.00778766890066149));
#2452=CARTESIAN_POINT('',(0.00556650852263919,-0.000857196677996181,0.00766164169070929));
#2453=CARTESIAN_POINT('',(0.00545717046410993,-0.00099063721543596,0.00751115076373018));
#2454=CARTESIAN_POINT('',(0.00521183796275462,-0.00118258594965398,0.00717347954436077));
#2455=CARTESIAN_POINT('',(0.00506952411571102,-0.00128114490162639,0.00697760133818108));
#2456=CARTESIAN_POINT('',(0.00467620608192331,-0.00144040758856861,0.00643624550748042));
#2457=CARTESIAN_POINT('',(0.00445892120749001,-0.00149991372805345,0.00613717853479476));
#2458=CARTESIAN_POINT('',(0.00428469960447199,-0.00150000000000001,0.00589738307024525));
#2459=CARTESIAN_POINT('',(0.00176335575687742,-0.00150000000000001,0.00242705098312484));
#2460=CARTESIAN_POINT('',(-0.00127575110328364,-0.0015,-0.00175592075358074));
#2461=VECTOR('',#2923,1.0);
#2462=CARTESIAN_POINT('',(0.00176335575687744,0.00649998012526286,0.00242705098312484));
#2463=CARTESIAN_POINT('',(0.00176335575687742,0.000999999999999988,0.00242705098312484));
#2464=VECTOR('',#2924,1.0);
#2465=CARTESIAN_POINT('',(0.00431686241989902,0.00649998012526285,0.00594165138791043));
#2466=CARTESIAN_POINT('',(-0.00158546975346947,0.00649998012526287,-0.00218221190412929));
#2467=VECTOR('',#2925,1.0);
#2468=CARTESIAN_POINT('',(0.00431686241989902,0.00649998012526285,0.00594165138791042));
#2469=CARTESIAN_POINT('',(0.00454473388947358,0.00649998012526285,0.00625528955882404));
#2470=CARTESIAN_POINT('',(0.00474478385151703,0.00649927769718297,0.0065306347097716));
#2471=CARTESIAN_POINT('',(0.00493972247385248,0.00651396268945767,0.00679894470515567));
#2472=COLOUR_RGB('',0.686274528503418,0.560784339904785,0.686274528503418);
#2473=CARTESIAN_POINT('',(-0.00428469960447201,-0.00149999999999999,0.00589738307024525));
#2474=CARTESIAN_POINT('',(-0.00428469960447201,-0.00149999999999999,0.00589738307024525));
#2475=CARTESIAN_POINT('',(-0.00277390520731119,-0.00149999999999999,0.00589738307024526));
#2476=CARTESIAN_POINT('',(-0.00108434692486505,-0.0015,0.00589738307024523));
#2477=CARTESIAN_POINT('',(0.0010185142177346,-0.0015,0.00589738307024526));
#2478=CARTESIAN_POINT('',(0.0026429431756777,-0.00150000000000001,0.00589738307024524));
#2479=CARTESIAN_POINT('',(0.00428469960447199,-0.00150000000000001,0.00589738307024525));
#2480=CARTESIAN_POINT('',(0.00293080734525045,-0.00150000000000001,-0.00403391024238686));
#2481=VECTOR('',#2926,1.0);
#2482=CARTESIAN_POINT('',(0.00285316954888546,-0.00150000000000001,-0.000927050983124843));
#2483=CARTESIAN_POINT('',(0.00297338695415209,-0.00150000000000001,-0.000557059854053815));
#2484=CARTESIAN_POINT('',(0.00302936653448432,-0.00150000000000001,-0.000130257359456989));
#2485=CARTESIAN_POINT('',(0.0029841574339169,-0.00150000000000001,0.000307903247138542));
#2486=CARTESIAN_POINT('',(0.00294030824183486,-0.00150000000000001,0.000732883801059152));
#2487=CARTESIAN_POINT('',(0.00279940025357335,-0.00150000000000001,0.00116546691744874));
#2488=CARTESIAN_POINT('',(0.0025721509489212,-0.00150000000000001,0.00154403351516856));
#2489=CARTESIAN_POINT('',(0.00234195241010804,-0.00150000000000001,0.00192751313800815));
#2490=CARTESIAN_POINT('',(0.00202557128340759,-0.00150000000000001,0.00225238485682588));
#2491=CARTESIAN_POINT('',(0.00167759790048209,-0.00150000000000001,0.00248709977369185));
#2492=CARTESIAN_POINT('',(0.00146759097306815,-0.0015,0.00262875359242601));
#2493=CARTESIAN_POINT('',(0.00124673011597055,-0.0015,0.0027386879704608));
#2494=CARTESIAN_POINT('',(0.00102688187430334,-0.0015,0.00281877874552567));
#2495=CARTESIAN_POINT('',(0.000884114289681327,-0.0015,0.00287078901597315));
#2496=CARTESIAN_POINT('',(0.00073976036718754,-0.0015,0.00291157917140664));
#2497=CARTESIAN_POINT('',(0.000586131015300298,-0.0015,0.00294218463610003));
#2498=CARTESIAN_POINT('',(0.000192749960989489,-0.0015,0.00302055253794208));
#2499=CARTESIAN_POINT('',(-0.00024667976182001,-0.0015,0.00302244899741369));
#2500=CARTESIAN_POINT('',(-0.000677998103618425,-0.0015,0.00292238234519199));
#2501=CARTESIAN_POINT('',(-0.00109801092766481,-0.0015,0.00282493859397738));
#2502=CARTESIAN_POINT('',(-0.0015067770074126,-0.0015,0.00263013384879895));
#2503=CARTESIAN_POINT('',(-0.0018482860227584,-0.00149999999999999,0.00236301476467583));
#2504=CARTESIAN_POINT('',(-0.00220426953693733,-0.00149999999999999,0.00208457412036627));
#2505=CARTESIAN_POINT('',(-0.00248481727716467,-0.00149999999999999,0.00173088878358091));
#2506=CARTESIAN_POINT('',(-0.00267234541885307,-0.00149999999999999,0.00136329379164398));
#2507=CARTESIAN_POINT('',(-0.00274598821492979,-0.00149999999999999,0.0012189382683273));
#2508=CARTESIAN_POINT('',(-0.00280592054165613,-0.00149999999999999,0.00107246847482244));
#2509=CARTESIAN_POINT('',(-0.00285316954888547,-0.00149999999999999,0.000927050983124842));
#2510=COLOUR_RGB('',0.686274528503418,0.560784339904785,0.686274528503418);
#2511=CARTESIAN_POINT('',(0.00509563389159542,-0.000743236755224941,0.00794939738124614));
#2512=CARTESIAN_POINT('',(0.00509563389159542,-0.000743236755224941,0.00794939738124614));
#2513=CARTESIAN_POINT('',(0.00806463446887109,-0.000698853194098892,0.00695209174927612));
#2514=CARTESIAN_POINT('',(0.0113356548332448,-0.00105225486459652,0.00767025937472457));
#2515=CARTESIAN_POINT('',(0.0147339343389004,-0.00172475060333879,0.00978450849767822));
#2516=CARTESIAN_POINT('',(0.0180369405137174,-0.0026801494019703,0.0122372818270395));
#2517=CARTESIAN_POINT('',(0.0210639290999655,-0.00394395965470072,0.0138437365734298));
#2518=CARTESIAN_POINT('',(0.0240418913738022,-0.00446572049044309,0.0151802619878608));
#2519=CARTESIAN_POINT('',(0.0270633055982883,-0.00420570636688299,0.0163288188910083));
#2520=CARTESIAN_POINT('',(0.00509563389159542,-0.000743236755224941,0.00794939738124614));
#2521=CARTESIAN_POINT('',(0.00497035499332788,-0.000991408362191355,0.00763237829020216));
#2522=CARTESIAN_POINT('',(0.00481972502865229,-0.00127776933257393,0.00725068162234209));
#2523=CARTESIAN_POINT('',(0.00461850727141883,-0.00139712845201782,0.0067420607717227));
#2524=CARTESIAN_POINT('',(0.00443784885444477,-0.00150000000000001,0.00628491687866022));
#2525=CARTESIAN_POINT('',(0.00428469960447199,-0.00150000000000001,0.00589738307024525));
#2526=COLOUR_RGB('',0.686274528503418,0.560784339904785,0.686274528503418);
#2527=CARTESIAN_POINT('',(0.00458406527259146,0.00852733322850152,0.018494522393631));
#2528=CARTESIAN_POINT('',(0.00675352914550338,0.00606122334102559,0.00670097885266921));
#2529=CARTESIAN_POINT('',(0.0063977934143465,0.00607890569972638,0.00708867156655396));
#2530=CARTESIAN_POINT('',(0.00608133861665985,0.00611724479991408,0.00751135845578115));
#2531=CARTESIAN_POINT('',(0.00553504886827996,0.0062289282647025,0.00840591021473967));
#2532=CARTESIAN_POINT('',(0.00530503610017334,0.00630195466508699,0.00887695253841404));
#2533=CARTESIAN_POINT('',(0.00473415313964456,0.00655890474722081,0.0103314330500982));
#2534=CARTESIAN_POINT('',(0.00451081871510085,0.00677786807435838,0.0113487038570332));
#2535=CARTESIAN_POINT('',(0.00426820057862196,0.0072507670455541,0.0133905933328524));
#2536=CARTESIAN_POINT('',(0.00424752882373889,0.0075054895934378,0.0144179686785859));
#2537=CARTESIAN_POINT('',(0.00433162430500825,0.00801849591957587,0.0164623884993361));
#2538=CARTESIAN_POINT('',(0.00443715470603885,0.00827760726551183,0.0174808623671519));
#2539=CARTESIAN_POINT('',(0.00458406527259146,0.00852733322850152,0.018494522393631));
#2540=CARTESIAN_POINT('',(0.00744921498056155,0.00988370563610827,0.0307846134665851));
#2541=CARTESIAN_POINT('',(0.00744921498056155,0.00988370563610827,0.0307846134665851));
#2542=CARTESIAN_POINT('',(0.00705791237828521,0.0102188352568484,0.029034730579473));
#2543=CARTESIAN_POINT('',(0.00657429175909263,0.0102326930719728,0.0272522214740854));
#2544=CARTESIAN_POINT('',(0.00606737043305334,0.0100389024023127,0.0254534836591203));
#2545=CARTESIAN_POINT('',(0.0055859793426834,0.00972544509363465,0.0236537290956999));
#2546=CARTESIAN_POINT('',(0.00516346316366317,0.00934388176627735,0.0218787398078229));
#2547=CARTESIAN_POINT('',(0.00482430546033835,0.00893576653402703,0.0201520640906211));
#2548=CARTESIAN_POINT('',(0.00458406527259146,0.00852733322850152,0.018494522393631));
#2549=CARTESIAN_POINT('',(0.00744921498056155,0.00988370563610827,0.0307846134665851));
#2550=CARTESIAN_POINT('',(0.00561466735214598,0.00622432219801861,0.0307846134665851));
#2551=CARTESIAN_POINT('',(0.00360195314885431,0.00250948834132816,0.030784613466585));
#2552=CARTESIAN_POINT('',(0.00135248421444403,-0.000543381927204189,0.0307846134665852));
#2553=CARTESIAN_POINT('',(-0.00152318734969071,-0.0039526582363537,0.0307846134665849));
#2554=CARTESIAN_POINT('',(-0.00488316906300304,-0.00519917670274075,0.0307846134665851));
#2555=CARTESIAN_POINT('',(-0.00488316906300304,-0.00519917670274075,0.0307846134665851));
#2556=CARTESIAN_POINT('',(-0.00482508769408614,-0.00542536551406098,0.0268668699114605));
#2557=CARTESIAN_POINT('',(-0.00403186099656797,-0.00389520729479687,0.0226475056326223));
#2558=CARTESIAN_POINT('',(-0.00285656598307769,-0.00256093941573896,0.0179410227439775));
#2559=CARTESIAN_POINT('',(-0.00131416904021251,-0.00163957081186636,0.0137233054975556));
#2560=CARTESIAN_POINT('',(0.00057406746246412,-0.00106413064370317,0.0106121939565849));
#2561=CARTESIAN_POINT('',(0.00273977166969232,-0.000778457150171694,0.00874074682485592));
#2562=CARTESIAN_POINT('',(0.00509563389159542,-0.000743236755224941,0.00794939738124614));
#2563=COLOUR_RGB('',0.686274528503418,0.560784339904785,0.686274528503418);
#2564=CARTESIAN_POINT('',(0.00436592637036589,0.00894714105330686,0.0186237055976465));
#2565=CARTESIAN_POINT('',(0.00569881925137229,0.00649998012526285,0.00572615968222041));
#2566=CARTESIAN_POINT('',(0.00534449262703223,0.00649996184898674,0.00617323516488922));
#2567=CARTESIAN_POINT('',(0.00501715256572025,0.00650435578184809,0.0066431276980878));
#2568=CARTESIAN_POINT('',(0.00446057357373043,0.0065481414062006,0.00763921061806432));
#2569=CARTESIAN_POINT('',(0.00423501386428191,0.00658999263530147,0.00816507075924652));
#2570=CARTESIAN_POINT('',(0.00374521354234673,0.00679872118798785,0.00979687994995287));
#2571=CARTESIAN_POINT('',(0.00366380097858431,0.00705606943421959,0.0109218984340524));
#2572=CARTESIAN_POINT('',(0.00366513156500882,0.00762251377205121,0.0131307461142045));
#2573=CARTESIAN_POINT('',(0.00374986138181905,0.00792336379162373,0.0142312837920311));
#2574=CARTESIAN_POINT('',(0.00400319735588208,0.00846391699185356,0.016436051699618));
#2575=CARTESIAN_POINT('',(0.00418567368844358,0.00868949934580859,0.0175273328727315));
#2576=CARTESIAN_POINT('',(0.00436592637036589,0.00894714105330686,0.0186237055976465));
#2577=CARTESIAN_POINT('',(0.00458406527259146,0.00852733322850152,0.018494522393631));
#2578=CARTESIAN_POINT('',(0.00459281051750867,0.00860066520649271,0.0184781913811836));
#2579=CARTESIAN_POINT('',(0.004572000817816,0.00887353621446808,0.0185312998029006));
#2580=CARTESIAN_POINT('',(0.00436592637036589,0.00894714105330686,0.0186237055976465));
#2581=COLOUR_RGB('',0.686274528503418,0.560784339904785,0.686274528503418);
#2582=CARTESIAN_POINT('',(-0.00431686241989898,0.00649998012526288,0.00594165138791045));
#2583=CARTESIAN_POINT('',(-0.00196215921146042,0.00649998012526287,0.00270068046374014));
#2584=VECTOR('',#2927,1.0);
#2585=CARTESIAN_POINT('',(-0.0056580946645818,-0.000740864446903964,0.00778769920064483));
#2586=CARTESIAN_POINT('',(-0.00565807265035532,-0.000740857420497833,0.00778766890066152));
#2587=CARTESIAN_POINT('',(-0.00556650852263922,-0.000857196677996114,0.00766164169070936));
#2588=CARTESIAN_POINT('',(-0.00545717046410993,-0.000990637215435916,0.00751115076373023));
#2589=CARTESIAN_POINT('',(-0.00521183796275452,-0.00118258594965402,0.00717347954436067));
#2590=CARTESIAN_POINT('',(-0.00506952411563844,-0.00128114490162641,0.00697760133823357));
#2591=CARTESIAN_POINT('',(-0.00467620608185091,-0.00144040758856856,0.00643624550753314));
#2592=CARTESIAN_POINT('',(-0.00445892120749006,-0.00149991372805343,0.0061371785347948));
#2593=CARTESIAN_POINT('',(-0.00428469960447201,-0.00149999999999999,0.00589738307024525));
#2594=CARTESIAN_POINT('',(-0.00579638192937829,0.00617551760593961,0.00797803529174217));
#2595=CARTESIAN_POINT('',(-0.00579642036866685,0.00617553743935714,0.00797808819888397));
#2596=CARTESIAN_POINT('',(-0.0061296264544334,0.00572171220545963,0.00843670703112402));
#2597=CARTESIAN_POINT('',(-0.00640941654412867,0.0051914984686695,0.0088218050521055));
#2598=CARTESIAN_POINT('',(-0.00676624556425693,0.00418258853330033,0.00931293806410947));
#2599=CARTESIAN_POINT('',(-0.00687489425864914,0.00372106858279183,0.00946248016402344));
#2600=CARTESIAN_POINT('',(-0.00696286595347616,0.00291509739857042,0.00958356281429657));
#2601=CARTESIAN_POINT('',(-0.00697606825787882,0.00251444211854841,0.00960173422611737));
#2602=CARTESIAN_POINT('',(-0.00687244404727551,0.00162589400455234,0.00945910773611987));
#2603=CARTESIAN_POINT('',(-0.00676253282939585,0.00123190006208655,0.00930782792297327));
#2604=CARTESIAN_POINT('',(-0.00642483888865482,0.00037324002838609,0.00884303208828465));
#2605=CARTESIAN_POINT('',(-0.00611750592561987,-0.000156858019712175,0.00842002455439851));
#2606=CARTESIAN_POINT('',(-0.00565809454682441,-0.000740863802530767,0.0077876990385657));
#2607=CARTESIAN_POINT('',(-0.00494000122230884,0.0065136828312854,0.00679932836949145));
#2608=CARTESIAN_POINT('',(-0.00493969994680277,0.00651396006107327,0.00679891369933181));
#2609=CARTESIAN_POINT('',(-0.00498198049941443,0.00651718929435757,0.00685710788753404));
#2610=CARTESIAN_POINT('',(-0.00503992212611321,0.00651524650221181,0.00693685769496493));
#2611=CARTESIAN_POINT('',(-0.00517898016121751,0.00649403423979593,0.00712825466037872));
#2612=CARTESIAN_POINT('',(-0.00524704960612646,0.00647780750790412,0.00722194421368792));
#2613=CARTESIAN_POINT('',(-0.00542377304263721,0.00642554094336548,0.00746518315662485));
#2614=CARTESIAN_POINT('',(-0.00555034484431211,0.00638046330586753,0.00763939429609165));
#2615=CARTESIAN_POINT('',(-0.00570707178670876,0.00627627760048704,0.00785511042605712));
#2616=CARTESIAN_POINT('',(-0.00575564529780585,0.00623139794566967,0.00792196612854496));
#2617=CARTESIAN_POINT('',(-0.00579638192937829,0.00617551760593961,0.00797803529174217));
#2618=CARTESIAN_POINT('',(-0.00431686241989897,0.00649998012526288,0.00594165138791044));
#2619=CARTESIAN_POINT('',(-0.00454473388947366,0.00649998012526288,0.00625528955882424));
#2620=CARTESIAN_POINT('',(-0.00474478385151702,0.006499277697183,0.00653063470977167));
#2621=CARTESIAN_POINT('',(-0.00493972247385242,0.0065139626894577,0.00679894470515567));
#2622=COLOUR_RGB('',0.686274528503418,0.560784339904785,0.686274528503418);
#2623=CARTESIAN_POINT('',(0.00421698651486765,0.00895352411730973,0.0186838306941227));
#2624=CARTESIAN_POINT('',(0.00333301397584796,0.00845167912787093,0.0189193631989025));
#2625=CARTESIAN_POINT('',(0.00421698651486765,0.00895352411730973,0.0186838306941227));
#2626=CARTESIAN_POINT('',(0.00404840916212898,0.00893900657529454,0.018738645026681));
#2627=CARTESIAN_POINT('',(0.00373535451013388,0.00878639024374482,0.0188262699882592));
#2628=CARTESIAN_POINT('',(0.0034551687328919,0.00857537783761388,0.0188916303168221));
#2629=CARTESIAN_POINT('',(0.00333301397584796,0.00845167912787093,0.0189193631989025));
#2630=CARTESIAN_POINT('',(-0.00368486948257714,0.00649998012526287,0.00718937983851662));
#2631=CARTESIAN_POINT('',(0.00421698651486765,0.00895352411730973,0.0186838306941227));
#2632=CARTESIAN_POINT('',(0.00400329514501298,0.00881795922320325,0.01812839066915));
#2633=CARTESIAN_POINT('',(0.00378865929965167,0.00870005726747897,0.0175691931123898));
#2634=CARTESIAN_POINT('',(0.0033546494212714,0.00844943153475245,0.0164561858075163));
#2635=CARTESIAN_POINT('',(0.00313576934825203,0.00831678438143127,0.0159018120888978));
#2636=CARTESIAN_POINT('',(0.00246078851115125,0.00788881581696807,0.0142550153297211));
#2637=CARTESIAN_POINT('',(0.00199591521626877,0.007557757526744,0.0131725666978016));
#2638=CARTESIAN_POINT('',(0.000889706562414508,0.0069529953671767,0.0110850811079829));
#2639=CARTESIAN_POINT('',(0.000222219694884547,0.00669740757925898,0.0100716507866675));
#2640=CARTESIAN_POINT('',(-0.00154480057120207,0.00648368848289283,0.00838696744499513));
#2641=CARTESIAN_POINT('',(-0.00260207608134582,0.00650164687330069,0.00774672318266804));
#2642=CARTESIAN_POINT('',(-0.00368486948257714,0.00649998012526287,0.00718937983851662));
#2643=CARTESIAN_POINT('',(-0.00428605432542001,0.00606122334102562,0.00849370424624215));
#2644=CARTESIAN_POINT('',(-0.00368486948257714,0.00649998012526287,0.00718937983851662));
#2645=CARTESIAN_POINT('',(-0.0037924885102001,0.00649998012526287,0.00742275260953734));
#2646=CARTESIAN_POINT('',(-0.00400449453991055,0.00639585128629865,0.00788236846288355));
#2647=CARTESIAN_POINT('',(-0.00419687964810537,0.00620520827581614,0.00830040370821247));
#2648=CARTESIAN_POINT('',(-0.00428605432542001,0.00606122334102562,0.00849370424624215));
#2649=CARTESIAN_POINT('',(0.00333301397584796,0.00845167912787093,0.0189193631989025));
#2650=CARTESIAN_POINT('',(0.00312676890860931,0.00830691411654541,0.0184181104849321));
#2651=CARTESIAN_POINT('',(0.00291479274940931,0.00816049695593956,0.0179188135317171));
#2652=CARTESIAN_POINT('',(0.00247661519984722,0.00786950857666957,0.0169266948949423));
#2653=CARTESIAN_POINT('',(0.00225041738148809,0.00772477412671723,0.0164333327422482));
#2654=CARTESIAN_POINT('',(0.00154194218027885,0.00730022189529591,0.0149656256296273));
#2655=CARTESIAN_POINT('',(0.00103218319557672,0.00702888876803553,0.0139996730039724));
#2656=CARTESIAN_POINT('',(-0.000131841770773681,0.00655491767094449,0.0121393819664215));
#2657=CARTESIAN_POINT('',(-0.000789045603516138,0.00635200181703984,0.011241418590648));
#2658=CARTESIAN_POINT('',(-0.00234751933739322,0.00608292322860683,0.00964667102345676));
#2659=CARTESIAN_POINT('',(-0.00326050492777978,0.00602222799152883,0.00895871862925916));
#2660=CARTESIAN_POINT('',(-0.00428605432542001,0.00606122334102562,0.00849370424624215));
#2661=COLOUR_RGB('',0.686274528503418,0.560784339904785,0.686274528503418);
#2662=CARTESIAN_POINT('',(0.00436592637036589,0.00894714105330686,0.0186237055976465));
#2663=CARTESIAN_POINT('',(0.00432432060260522,0.00895918495928422,0.0186421211851341));
#2664=CARTESIAN_POINT('',(0.0042751076175358,0.00896246182076201,0.0186622356420723));
#2665=CARTESIAN_POINT('',(0.00421698651486765,0.00895352411730973,0.0186838306941227));
#2666=CARTESIAN_POINT('',(0.00721204803982985,0.0100599861445687,0.0307846134665851));
#2667=CARTESIAN_POINT('',(0.00333301397584796,0.00845167912787093,0.0189193631989025));
#2668=CARTESIAN_POINT('',(0.00405732583542527,0.00895936742728571,0.0206799757593489));
#2669=CARTESIAN_POINT('',(0.0047347605028967,0.00945747180635449,0.0224818801235656));
#2670=CARTESIAN_POINT('',(0.00536756889206592,0.00989681641205174,0.0242845216324018));
#2671=CARTESIAN_POINT('',(0.00594296373787282,0.0102200466772644,0.0260527503139655));
#2672=CARTESIAN_POINT('',(0.00643625896106044,0.0103685911269613,0.0277554148261479));
#2673=CARTESIAN_POINT('',(0.00683517008849198,0.0103032889105449,0.0293552909670315));
#2674=CARTESIAN_POINT('',(0.00721204803982985,0.0100599861445687,0.0307846134665851));
#2675=CARTESIAN_POINT('',(0.00744921498056155,0.00988370563610827,0.0307846134665851));
#2676=CARTESIAN_POINT('',(0.0075445187365196,0.0100738086242996,0.0307846134665846));
#2677=CARTESIAN_POINT('',(0.0073501173535071,0.0101914451768139,0.0307846134665851));
#2678=CARTESIAN_POINT('',(0.00721204803982985,0.0100599861445687,0.0307846134665851));
#2679=COLOUR_RGB('',0.686274528503418,0.560784339904785,0.686274528503418);
#2680=CARTESIAN_POINT('',(-0.00368486948257714,0.00649998012526287,0.00718937983851662));
#2681=CARTESIAN_POINT('',(-0.00135807651394853,0.00649998012526287,0.00682655766189134));
#2682=CARTESIAN_POINT('',(0.000331548341994591,0.00649998012526287,0.00656309057385265));
#2683=CARTESIAN_POINT('',(0.00338885099998843,0.00649998012526284,0.00608635834200764));
#2684=CARTESIAN_POINT('',(0.00443828385742814,0.00649998012526286,0.00592271786402272));
#2685=CARTESIAN_POINT('',(0.00569881925137229,0.00649998012526285,0.00572615968222041));
#2686=COLOUR_RGB('',0.686274528503418,0.560784339904785,0.686274528503418);
#2687=CARTESIAN_POINT('',(-0.00428605432542001,0.00606122334102562,0.00849370424624215));
#2688=CARTESIAN_POINT('',(-0.00476470039371412,0.00607890569972641,0.00827518309823209));
#2689=CARTESIAN_POINT('',(-0.00526448942450284,0.00611724479991412,0.00810483413285002));
#2690=CARTESIAN_POINT('',(-0.00628407152012583,0.00622892826470254,0.00786171340373427));
#2691=CARTESIAN_POINT('',(-0.0068031372457753,0.00630195466508702,0.00778851834488063));
#2692=CARTESIAN_POINT('',(-0.00836284295083933,0.00655890474722084,0.00769503558132544));
#2693=CARTESIAN_POINT('',(-0.00939933911322467,0.00677786807435842,0.00779698588877456));
#2694=CARTESIAN_POINT('',(-0.0114162645320725,0.00725076704555414,0.00819722087776839));
#2695=CARTESIAN_POINT('',(-0.0123997444728758,0.00750548959343785,0.00849503731201709));
#2696=CARTESIAN_POINT('',(-0.0143181163325808,0.00801849591957592,0.00920677733571807));
#2697=CARTESIAN_POINT('',(-0.0152541318539018,0.00827760726551188,0.00962186844476734));
#2698=CARTESIAN_POINT('',(-0.0161727819656746,0.00852733322850158,0.0100748268711004));
#2699=CARTESIAN_POINT('',(-0.00368486948257714,0.00649998012526287,0.00718937983851662));
#2700=CARTESIAN_POINT('',(-0.0042195564821257,0.00649996184898676,0.00699054911545419));
#2701=CARTESIAN_POINT('',(-0.00476760447966778,0.00650435578184811,0.00682443499538723));
#2702=CARTESIAN_POINT('',(-0.00588692799871869,0.00654814140620063,0.00660290346830169));
#2703=CARTESIAN_POINT('',(-0.00645675249611578,0.0065899926353015,0.00655088315710674));
#2704=CARTESIAN_POINT('',(-0.00816005188361566,0.00679872118798788,0.00658931214075231));
#2705=CARTESIAN_POINT('',(-0.00925516590962929,0.00705606943421963,0.00685953402205048));
#2706=CARTESIAN_POINT('',(-0.0113554937155237,0.00762251377205125,0.00754337095609266));
#2707=CARTESIAN_POINT('',(-0.0123759842921244,0.00792336379162377,0.0079640386458929));
#2708=CARTESIAN_POINT('',(-0.0143945580562813,0.00846391699185361,0.00888628622693436));
#2709=CARTESIAN_POINT('',(-0.0153760398392484,0.00868949934580864,0.00939705596022012));
#2710=CARTESIAN_POINT('',(-0.0163630511215715,0.00894714105330692,0.00990728425210992));
#2711=COLOUR_RGB('',0.686274528503418,0.560784339904785,0.686274528503418);
#2712=CARTESIAN_POINT('',(-0.00598568871043785,-0.000743236755224909,0.00730273470310101));
#2713=CARTESIAN_POINT('',(-0.00411972305572768,-0.000698853194098858,0.00981823766013853));
#2714=CARTESIAN_POINT('',(-0.00379194017416465,-0.00105225486459648,0.0131510888936838));
#2715=CARTESIAN_POINT('',(-0.00475258446073735,-0.00172475060333874,0.0170363836710648));
#2716=CARTESIAN_POINT('',(-0.00606462547807756,-0.00268014940197023,0.0209356778591099));
#2717=CARTESIAN_POINT('',(-0.00665706381783562,-0.00394395965470064,0.0243109368961411));
#2718=CARTESIAN_POINT('',(-0.00700793407120134,-0.004465720490443,0.0275561563884278));
#2719=CARTESIAN_POINT('',(-0.00716660825586309,-0.00420570636688289,0.0307846156771315));
#2720=CARTESIAN_POINT('',(0.00721204803982985,0.0100599861445687,0.0307846134665851));
#2721=CARTESIAN_POINT('',(0.00431717713378097,0.00730370696758528,0.030784613902732));
#2722=CARTESIAN_POINT('',(0.00128855804106437,0.0044764352821917,0.0307846143546979));
#2723=CARTESIAN_POINT('',(-0.00237781619692923,0.00132975274794119,0.0307846148806265));
#2724=CARTESIAN_POINT('',(-0.00643621021864712,-0.00198939228134872,0.0307846154501828));
#2725=CARTESIAN_POINT('',(-0.00716660825586309,-0.00420570636688289,0.0307846156771315));
#2726=COLOUR_RGB('',0.686274528503418,0.560784339904785,0.686274528503418);
#2727=CARTESIAN_POINT('',(-0.00368486948257714,0.00649998012526287,0.00718937983851662));
#2728=CARTESIAN_POINT('',(-0.00426133428095122,0.00649998012526288,0.00605127925664571));
#2729=CARTESIAN_POINT('',(-0.00474125821127275,0.00649998012526286,0.00510377698782842));
#2730=CARTESIAN_POINT('',(-0.00613941598516468,0.00649998012526289,0.00234342773406329));
#2731=CARTESIAN_POINT('',(-0.00691211087067793,0.00649998012526288,0.000817914812386756));
#2732=CARTESIAN_POINT('',(-0.00797619383571217,0.00649998012526288,-0.00128287858398391));
#2733=COLOUR_RGB('',0.686274528503418,0.560784339904785,0.686274528503418);
#2734=CARTESIAN_POINT('',(0.00235736123428544,-0.000577767982632625,0.151512651387868));
#2735=CARTESIAN_POINT('',(0.00228600755412453,-0.000287236158251864,0.151511181964824));
#2736=CARTESIAN_POINT('',(0.00235736123428544,-0.000577767982632625,0.151512651387868));
#2737=CARTESIAN_POINT('',(0.0025643375217418,-0.00051000172707891,0.151512651387868));
#2738=CARTESIAN_POINT('',(0.00250089530788378,-0.000250499978215445,0.151511181964824));
#2739=CARTESIAN_POINT('',(0.00228600755412453,-0.000287236158251864,0.151511181964824));
#2740=CARTESIAN_POINT('',(0.00167391840993224,-0.000392018664877578,0.152015548468352));
#2741=CARTESIAN_POINT('',(0.00228600755412453,-0.000287236158251864,0.151511181964824));
#2742=CARTESIAN_POINT('',(0.0022675407677143,-0.000290715361719339,0.151581129393222));
#2743=CARTESIAN_POINT('',(0.00224233939420331,-0.00029534062200673,0.151649590005234));
#2744=CARTESIAN_POINT('',(0.0021727743879634,-0.000307751292406012,0.151776181721179));
#2745=CARTESIAN_POINT('',(0.00212782905913933,-0.000315632129082469,0.151834022454189));
#2746=CARTESIAN_POINT('',(0.00201798262628536,-0.000334571829460818,0.151927010808949));
#2747=CARTESIAN_POINT('',(0.00195356438170843,-0.000345530121155154,0.15196137723291));
#2748=CARTESIAN_POINT('',(0.00181703174693367,-0.000368440720399027,0.152004608098234));
#2749=CARTESIAN_POINT('',(0.00174537545155591,-0.000380321533844307,0.152014184335207));
#2750=CARTESIAN_POINT('',(0.00167391840993224,-0.000392018664877578,0.152015548468352));
#2751=CARTESIAN_POINT('',(0.00174493127223379,-0.000760656375290905,0.152017000739657));
#2752=CARTESIAN_POINT('',(0.00174493127223379,-0.000760656375290905,0.152017000739657));
#2753=CARTESIAN_POINT('',(0.00174777816734086,-0.000748231341855441,0.152361245909975));
#2754=CARTESIAN_POINT('',(0.00168065711879292,-0.000392423230828445,0.152362025601666));
#2755=CARTESIAN_POINT('',(0.00167391840993224,-0.000392018664877578,0.152015548468352));
#2756=CARTESIAN_POINT('',(0.00235736123428544,-0.000577767982632625,0.151512651387868));
#2757=CARTESIAN_POINT('',(0.00233777224051272,-0.000581953656837899,0.151583455155821));
#2758=CARTESIAN_POINT('',(0.00231140272335651,-0.000588400068261418,0.151652596376305));
#2759=CARTESIAN_POINT('',(0.00223979196269472,-0.00060775336183546,0.151779859656317));
#2760=CARTESIAN_POINT('',(0.00219401326834884,-0.000620845833716889,0.151837605609884));
#2761=CARTESIAN_POINT('',(0.00208375419546398,-0.000653791227676641,0.151929827360908));
#2762=CARTESIAN_POINT('',(0.00201983675986303,-0.000673486272660617,0.151963625232878));
#2763=CARTESIAN_POINT('',(0.00188526013150245,-0.000715738433310836,0.152006178412931));
#2764=CARTESIAN_POINT('',(0.00181497082766174,-0.000738154628913175,0.152015618942242));
#2765=CARTESIAN_POINT('',(0.00174493127223379,-0.000760656375290905,0.152017000739657));
#2766=COLOUR_RGB('',0.686274528503418,0.560784339904785,0.686274528503418);
#2767=CARTESIAN_POINT('',(-0.00538526675116549,-0.00199135280464643,0.146251629976698));
#2768=CARTESIAN_POINT('',(0.00174493127223379,-0.000760656375290905,0.152017000739657));
#2769=CARTESIAN_POINT('',(0.00132572911770955,-0.000895691349283917,0.152025281269126));
#2770=CARTESIAN_POINT('',(0.000905281481723881,-0.00102854340174112,0.152016879560009));
#2771=CARTESIAN_POINT('',(6.35603850174589E-005,-0.00128113723624391,0.151954644752189));
#2772=CARTESIAN_POINT('',(-0.000357910494219055,-0.0014010790256946,0.15190085478951));
#2773=CARTESIAN_POINT('',(-0.00119433010017089,-0.001619020233487,0.151730450658062));
#2774=CARTESIAN_POINT('',(-0.00160962219764269,-0.00171696306683114,0.151613518776892));
#2775=CARTESIAN_POINT('',(-0.00241483547509949,-0.00187916854064859,0.151294742899987));
#2776=CARTESIAN_POINT('',(-0.00280447427613107,-0.00194287579588828,0.151091978429685));
#2777=CARTESIAN_POINT('',(-0.00334261541309202,-0.00200583721416791,0.150713020498112));
#2778=CARTESIAN_POINT('',(-0.00351394366016615,-0.00202153180854786,0.15057465547924));
#2779=CARTESIAN_POINT('',(-0.00383590547267055,-0.00204277933501674,0.150274812188166));
#2780=CARTESIAN_POINT('',(-0.00398640416083843,-0.00204835994115212,0.150113385075806));
#2781=CARTESIAN_POINT('',(-0.00440243784443018,-0.00205324668760636,0.149599669439781));
#2782=CARTESIAN_POINT('',(-0.00463022077536396,-0.0020405537490701,0.149218309455055));
#2783=CARTESIAN_POINT('',(-0.00498775860448138,-0.0020108351464563,0.148414024153921));
#2784=CARTESIAN_POINT('',(-0.00511875319124786,-0.00199477919754776,0.147990821959855));
#2785=CARTESIAN_POINT('',(-0.00530396770387707,-0.00197978847286923,0.147129300589953));
#2786=CARTESIAN_POINT('',(-0.00535942866068751,-0.00197438853796306,0.14669086854115));
#2787=CARTESIAN_POINT('',(-0.00538526675116549,-0.00199135280464643,0.146251629976698));
#2788=CARTESIAN_POINT('',(-0.00536596020371417,-0.00146414507167819,0.146251629976698));
#2789=CARTESIAN_POINT('',(0.00167391840993224,-0.000392018664877578,0.152015548468352));
#2790=CARTESIAN_POINT('',(0.00124623910140468,-0.00046238240104274,0.152023866610646));
#2791=CARTESIAN_POINT('',(0.0008178797764178,-0.000529870650251445,0.152013875674234));
#2792=CARTESIAN_POINT('',(-3.64190535614033E-005,-0.000660219766647552,0.151946173400043));
#2793=CARTESIAN_POINT('',(-0.000462379451165162,-0.000723145344522617,0.151888534557293));
#2794=CARTESIAN_POINT('',(-0.00130124522540293,-0.00084498890151161,0.151707783304894));
#2795=CARTESIAN_POINT('',(-0.00171449949633939,-0.000903954413797081,0.151584444386341));
#2796=CARTESIAN_POINT('',(-0.00250779211385741,-0.00101685703465709,0.151253613352326));
#2797=CARTESIAN_POINT('',(-0.00288746928369655,-0.0010707420187441,0.151045493667444));
#2798=CARTESIAN_POINT('',(-0.00340748835675965,-0.00114570332036649,0.150662113033454));
#2799=CARTESIAN_POINT('',(-0.00357237299823439,-0.00116968547334944,0.150522895588791));
#2800=CARTESIAN_POINT('',(-0.00388156532615584,-0.00121530788550345,0.150222597348019));
#2801=CARTESIAN_POINT('',(-0.00402574845299368,-0.00123694248259563,0.150061600927234));
#2802=CARTESIAN_POINT('',(-0.00442381106506954,-0.00129793565830301,0.149550882059185));
#2803=CARTESIAN_POINT('',(-0.00464140045892118,-0.00133333764662958,0.149173994767254));
#2804=CARTESIAN_POINT('',(-0.00498377903490481,-0.00139279162120826,0.148379503761754));
#2805=CARTESIAN_POINT('',(-0.00510912775294881,-0.00141693307205034,0.14796316608125));
#2806=CARTESIAN_POINT('',(-0.00528735235382073,-0.00145191667837632,0.147115783367665));
#2807=CARTESIAN_POINT('',(-0.00534096328397361,-0.00146877642414935,0.14667832000614));
#2808=CARTESIAN_POINT('',(-0.00536596020371417,-0.00146414507167819,0.146251629976698));
#2809=CARTESIAN_POINT('',(-0.00536596020371417,-0.00146414507167819,0.146251629976698));
#2810=CARTESIAN_POINT('',(-0.0059466702196674,-0.00162764387814203,0.146251630016894));
#2811=CARTESIAN_POINT('',(-0.00585931970435837,-0.00184185357280483,0.146251629955031));
#2812=CARTESIAN_POINT('',(-0.00538526675116549,-0.00199135280464643,0.146251629976698));
#2813=COLOUR_RGB('',0.686274528503418,0.560784339904785,0.686274528503418);
#2814=CARTESIAN_POINT('',(0.00228600755412453,-0.000287236158251864,0.151511181964824));
#2815=CARTESIAN_POINT('',(0.00406238260987126,5.14913957018922E-005,0.143796263325683));
#2816=CARTESIAN_POINT('',(0.00716343336134453,0.000783144951762408,0.128169500716006));
#2817=CARTESIAN_POINT('',(0.0102320316437371,0.00200609344331977,0.103888317324599));
#2818=CARTESIAN_POINT('',(0.012077301270675,0.00351939350263883,0.079362447442465));
#2819=CARTESIAN_POINT('',(0.0115993135739942,0.00598015836856472,0.0545824548552914));
#2820=CARTESIAN_POINT('',(0.00902236135405101,0.00854494788771521,0.0387832045233391));
#2821=CARTESIAN_POINT('',(0.00721204803982985,0.0100599861445687,0.0307846134665851));
#2822=CARTESIAN_POINT('',(0.00744921498056155,0.00988370563610827,0.0307846134665851));
#2823=CARTESIAN_POINT('',(0.00923084511101548,0.00833807132607148,0.0387831431917712));
#2824=CARTESIAN_POINT('',(0.0117605232894216,0.00572561234885332,0.0545833724682019));
#2825=CARTESIAN_POINT('',(0.0121963077389459,0.00324741817877855,0.0793627346573578));
#2826=CARTESIAN_POINT('',(0.0103330405744744,0.00172492293465434,0.103888116563633));
#2827=CARTESIAN_POINT('',(0.00725260282357649,0.000497850667058849,0.128171100587734));
#2828=CARTESIAN_POINT('',(0.00414000837523048,-0.000237331113125792,0.143797007444058));
#2829=CARTESIAN_POINT('',(0.00235736123428544,-0.000577767982632625,0.151512651387868));
#2830=COLOUR_RGB('',0.686274528503418,0.560784339904785,0.686274528503418);
#2831=CARTESIAN_POINT('',(-0.00716660825586309,-0.00420570636688289,0.0307846156771315));
#2832=CARTESIAN_POINT('',(-0.00759015804791172,-0.00366280655627943,0.0387832065807605));
#2833=CARTESIAN_POINT('',(-0.00815525001515803,-0.00277962024146265,0.054582456610257));
#2834=CARTESIAN_POINT('',(-0.00805964058102265,-0.00210732441254143,0.0793624487230812));
#2835=CARTESIAN_POINT('',(-0.00736091862638366,-0.00180571006660535,0.103888318135715));
#2836=CARTESIAN_POINT('',(-0.00647970802952128,-0.00158460661640087,0.126390174899154));
#2837=CARTESIAN_POINT('',(-0.00572477381853443,-0.00149482113317543,0.140289866639689));
#2838=CARTESIAN_POINT('',(-0.00536596020371417,-0.00146414507167819,0.146251629976698));
#2839=COLOUR_RGB('',0.686274528503418,0.560784339904785,0.686274528503418);
#2840=CARTESIAN_POINT('',(-0.00588882645523061,-0.00544844480145417,0.0307846134665851));
#2841=CARTESIAN_POINT('',(-0.00672829651117809,-0.00504969080898743,0.0387831431917712));
#2842=CARTESIAN_POINT('',(-0.00792017561983263,-0.00434786739031414,0.0545833724682019));
#2843=CARTESIAN_POINT('',(-0.00759298312903529,-0.00364918250283255,0.0793627346573579));
#2844=CARTESIAN_POINT('',(-0.00724342048346939,-0.00296718100849894,0.103888116563633));
#2845=CARTESIAN_POINT('',(-0.00648181268958504,-0.0024611402909156,0.126391129671759));
#2846=CARTESIAN_POINT('',(-0.00574750435058225,-0.00213195987204429,0.140289836751947));
#2847=CARTESIAN_POINT('',(-0.00538526675116549,-0.00199135280464643,0.146251629976698));
#2848=COLOUR_RGB('',0.686274528503418,0.560784339904785,0.686274528503418);
#2849=COLOUR_RGB('',0.686274528503418,0.560784339904785,0.686274528503418);
#2850=CARTESIAN_POINT('',(0.00428469960447199,-0.00150000000000001,0.00589738307024525));
#2851=CARTESIAN_POINT('',(0.0036180625681972,-0.00150005730126541,0.00618909860781572));
#2852=CARTESIAN_POINT('',(0.00298988831099907,-0.00148507358333199,0.00656768477601969));
#2853=CARTESIAN_POINT('',(0.00185117324913839,-0.00146659601653761,0.00747432976890003));
#2854=CARTESIAN_POINT('',(0.00134024211855606,-0.00146501264164118,0.00799800528683842));
#2855=CARTESIAN_POINT('',(-3.31829435224102E-005,-0.00151782450270139,0.00969626308472804));
#2856=CARTESIAN_POINT('',(-0.000750826279230086,-0.00163739129503972,0.0109710651605186));
#2857=CARTESIAN_POINT('',(-0.00200056736950518,-0.00202738437959449,0.013568740733661));
#2858=CARTESIAN_POINT('',(-0.00253049715491048,-0.00229245980491219,0.014901646922245));
#2859=CARTESIAN_POINT('',(-0.00324342386980798,-0.00275306835409522,0.0169132421090643));
#2860=CARTESIAN_POINT('',(-0.00368679775731191,-0.00307898626401665,0.0182542762158897));
#2861=CARTESIAN_POINT('',(-0.00427842200821287,-0.00361527446362105,0.0203104577709257));
#2862=CARTESIAN_POINT('',(-0.00485491781140988,-0.00423525192770802,0.0226512524453253));
#2863=CARTESIAN_POINT('',(-0.00518602604001048,-0.00466901123484138,0.0243810468691396));
#2864=CARTESIAN_POINT('',(-0.00548137140183828,-0.00508108819939746,0.0263147338822955));
#2865=CARTESIAN_POINT('',(-0.00558811107472833,-0.00524175297950896,0.0271982822930457));
#2866=CARTESIAN_POINT('',(-0.00575772802331475,-0.00545090868224846,0.0289830277231285));
#2867=CARTESIAN_POINT('',(-0.0058183466932152,-0.00549669350443394,0.0298857402677298));
#2868=CARTESIAN_POINT('',(-0.00588882645523061,-0.00544844480145417,0.0307846134665851));
#2869=COLOUR_RGB('',0.686274528503418,0.560784339904785,0.686274528503418);
#2870=CARTESIAN_POINT('',(0.00285316954888548,0.00649998012526285,-0.000927050983124847));
#2871=CARTESIAN_POINT('',(0.00297338695415211,0.00649998012526285,-0.000557059854053815));
#2872=CARTESIAN_POINT('',(0.00302936653448435,0.00649998012526285,-0.000130257359456984));
#2873=CARTESIAN_POINT('',(0.00298415743391693,0.00649998012526285,0.000307903247138551));
#2874=CARTESIAN_POINT('',(0.00294030824183488,0.00649998012526285,0.000732883801059164));
#2875=CARTESIAN_POINT('',(0.00279940025357337,0.00649998012526285,0.00116546691744875));
#2876=CARTESIAN_POINT('',(0.00257215094892121,0.00649998012526285,0.00154403351516857));
#2877=CARTESIAN_POINT('',(0.00234195241010805,0.00649998012526285,0.00192751313800817));
#2878=CARTESIAN_POINT('',(0.00202557128340759,0.00649998012526285,0.0022523848568259));
#2879=CARTESIAN_POINT('',(0.00167759790048209,0.00649998012526285,0.00248709977369187));
#2880=CARTESIAN_POINT('',(0.00146759097306814,0.00649998012526285,0.00262875359242604));
#2881=CARTESIAN_POINT('',(0.00124673011597051,0.00649998012526285,0.00273868797046083));
#2882=CARTESIAN_POINT('',(0.00102688187430329,0.00649998012526286,0.00281877874552569));
#2883=CARTESIAN_POINT('',(0.000884114289681265,0.00649998012526286,0.00287078901597318));
#2884=CARTESIAN_POINT('',(0.000739760367187464,0.00649998012526286,0.00291157917140666));
#2885=CARTESIAN_POINT('',(0.000586131015300209,0.00649998012526286,0.00294218463610005));
#2886=CARTESIAN_POINT('',(0.000192749960989388,0.00649998012526286,0.00302055253794209));
#2887=CARTESIAN_POINT('',(-0.000246679761820118,0.00649998012526286,0.00302244899741368));
#2888=CARTESIAN_POINT('',(-0.000677998103618532,0.00649998012526286,0.00292238234519196));
#2889=CARTESIAN_POINT('',(-0.00109801092766491,0.00649998012526286,0.00282493859397733));
#2890=CARTESIAN_POINT('',(-0.00150677700741269,0.00649998012526286,0.00263013384879888));
#2891=CARTESIAN_POINT('',(-0.00184828602275847,0.00649998012526286,0.00236301476467576));
#2892=CARTESIAN_POINT('',(-0.00220426953693739,0.00649998012526287,0.00208457412036619));
#2893=CARTESIAN_POINT('',(-0.00248481727716471,0.00649998012526287,0.00173088878358082));
#2894=CARTESIAN_POINT('',(-0.00267234541885309,0.00649998012526287,0.00136329379164389));
#2895=CARTESIAN_POINT('',(-0.00274598821492979,0.00649998012526287,0.00121893826832724));
#2896=CARTESIAN_POINT('',(-0.00280592054165612,0.00649998012526287,0.00107246847482241));
#2897=CARTESIAN_POINT('',(-0.00285316954888544,0.00649998012526287,0.000927050983124844));
#2898=COLOUR_RGB('',0.686274528503418,0.560784339904785,0.686274528503418);
#2899=CARTESIAN_POINT('',(-0.00663847698446679,-0.00542261276415459,0.0307838217960583));
#2900=CARTESIAN_POINT('',(-0.00654515742434021,-0.00550775169821194,0.0294132232847952));
#2901=CARTESIAN_POINT('',(-0.00646506351462208,-0.00537009345719045,0.0280357489432315));
#2902=CARTESIAN_POINT('',(-0.00615176900021374,-0.00491564783411257,0.0253434224231316));
#2903=CARTESIAN_POINT('',(-0.00593481985642894,-0.00460360671553897,0.024019708728138));
#2904=CARTESIAN_POINT('',(-0.0054106040454511,-0.00395331737297882,0.0214012031710059));
#2905=CARTESIAN_POINT('',(-0.00510628473016971,-0.00361066039253181,0.0201036860216548));
#2906=CARTESIAN_POINT('',(-0.0045575634830564,-0.00304543204385204,0.0178556148957626));
#2907=CARTESIAN_POINT('',(-0.00422915951119028,-0.00272752823301633,0.0165468910404549));
#2908=CARTESIAN_POINT('',(-0.00384662076521767,-0.0023756176302197,0.0149197419343097));
#2909=CARTESIAN_POINT('',(-0.00359481246535856,-0.00214710783894444,0.0137676041759677));
#2910=CARTESIAN_POINT('',(-0.00345173006303037,-0.00201600177258559,0.0130174175613331));
#2911=CARTESIAN_POINT('',(-0.00325710655627998,-0.00183091453878648,0.0118741388058738));
#2912=CARTESIAN_POINT('',(-0.00315476276761729,-0.00172690955537181,0.0111038826616466));
#2913=CARTESIAN_POINT('',(-0.00308233156512046,-0.00157193382551807,0.00954952048725681));
#2914=CARTESIAN_POINT('',(-0.00311343254855078,-0.00152342642491427,0.00876140116043336));
#2915=CARTESIAN_POINT('',(-0.00345632029548954,-0.00148550194890583,0.00723460947035129));
#2916=CARTESIAN_POINT('',(-0.00378901090910947,-0.00149907419327955,0.00650447421921278));
#2917=CARTESIAN_POINT('',(-0.00428469960447201,-0.00149999999999999,0.00589738307024525));
#2918=COLOUR_RGB('',0.686274528503418,0.560784339904785,0.686274528503418);
#2919=COLOUR_RGB('',0.686274528503418,0.560784339904785,0.686274528503418);
#2920=COLOUR_RGB('',0.686274528503418,0.560784339904785,0.686274528503418);
#2921=DIRECTION('',(2.88657986402541E-015,1.0,-8.62816615085482E-032));
#2922=DIRECTION('',(2.88657986402541E-015,1.0,-8.62816615085482E-032));
#2923=DIRECTION('',(-0.587785252292473,1.66533453693773E-015,-0.809016994374947));
#2924=DIRECTION('',(2.88657986402541E-015,1.0,-8.62816615085482E-032));
#2925=DIRECTION('',(0.587785252292473,-1.66533453693773E-015,0.809016994374947));
#2926=DIRECTION('',(0.587785252292471,-1.72084568816899E-015,-0.809016994374949));
#2927=DIRECTION('',(-0.587785252292471,1.72084568816899E-015,0.809016994374949));
#2928=PRESENTATION_LAYER_ASSIGNMENT('9','Layer0',(#103));
ENDSEC;
END-ISO-10303-21;
