Node_ID	X(mm)	Y(mm)	Z(mm)
1	19.935728539	14.505388201	27.000000000
2	17.749526931	13.051135872	27.000000000
3	15.455596982	11.798149561	27.000000000
4	13.158773593	10.623583800	27.000000000
5	10.894706015	9.487587747	27.000000000
6	8.689443619	8.366473890	27.000000000
7	6.561641777	7.252621171	27.000000000
8	4.531088273	6.137750152	27.000000000
9	2.628079760	4.998020521	27.000000000
10	0.888076510	3.808482113	27.000000000
11	-0.673800122	2.582513945	27.000000000
12	-2.048654001	1.341268890	27.000000000
13	-3.222202411	0.099561343	27.000000000
14	-4.185365509	-1.121587510	27.000000000
15	-4.936987196	-2.294807460	27.000000000
16	-5.476902406	-3.392749160	27.000000000
17	-5.798532223	-4.388514863	27.000000000
18	-5.884792642	-5.247274439	27.000000000
19	-5.777027313	-5.914874811	27.000000000
20	-5.595913405	-6.366265168	27.000000000
21	-5.437585028	-6.612787901	27.000000000
22	-5.376708779	-6.689535149	27.000000000
23	-5.310880354	-6.764901375	27.000000000
24	-5.091604844	-6.968711437	27.000000000
25	-4.674577126	-7.239071780	27.000000000
26	-4.038697876	-7.511489112	27.000000000
27	-3.174856920	-7.691147446	27.000000000
28	-2.105934734	-7.701466744	27.000000000
29	-0.868822746	-7.524601397	27.000000000
30	0.503343275	-7.147101537	27.000000000
31	1.977476568	-6.555028833	27.000000000
32	3.518417899	-5.736064867	27.000000000
33	5.090312009	-4.683278621	27.000000000
34	6.672720519	-3.414627520	27.000000000
35	8.242938839	-1.941564031	27.000000000
36	9.781165908	-0.277853811	27.000000000
37	11.276105073	1.556181880	27.000000000
38	12.751658810	3.516271395	27.000000000
39	14.211052571	5.579467419	27.000000000
40	15.667429156	7.718727941	27.000000000
41	17.132849677	9.910461307	27.000000000
42	18.589152642	12.154726939	27.000000000
43	19.935728539	14.505388201	27.000000000
1	20.970694022	13.949389053	29.550000000
2	18.709505660	12.575939122	29.550000000
3	16.367266948	11.376362347	29.550000000
4	14.032858451	10.237045513	29.550000000
5	11.740764257	9.117413010	29.550000000
6	9.516663497	7.994541728	29.550000000
7	7.374762006	6.870547160	29.550000000
8	5.329545510	5.747813903	29.550000000
9	3.404529535	4.613802294	29.550000000
10	1.634566408	3.441496970	29.550000000
11	0.029455313	2.248404806	29.550000000
12	-1.406751094	1.057460382	29.550000000
13	-2.662963879	-0.118864620	29.550000000
14	-3.726979550	-1.268744870	29.550000000
15	-4.591741815	-2.374185743	29.550000000
16	-5.250457748	-3.415818865	29.550000000
17	-5.693455367	-4.372418364	29.550000000
18	-5.902528632	-5.216553733	29.550000000
19	-5.894883853	-5.897428838	29.550000000
20	-5.769774941	-6.370741633	29.550000000
21	-5.630125470	-6.630379700	29.550000000
22	-5.572143895	-6.710201130	29.550000000
23	-5.507500122	-6.788140374	29.550000000
24	-5.284116057	-6.992470434	29.550000000
25	-4.848888865	-7.244092521	29.550000000
26	-4.188762271	-7.477186578	29.550000000
27	-3.306678091	-7.619319609	29.550000000
28	-2.224440783	-7.622714525	29.550000000
29	-0.969430309	-7.464688489	29.550000000
30	0.430590800	-7.126088383	29.550000000
31	1.945280294	-6.587089886	29.550000000
32	3.539686794	-5.827669376	29.550000000
33	5.177710263	-4.836437995	29.550000000
34	6.837549091	-3.629068086	29.550000000
35	8.492938766	-2.212422176	29.550000000
36	10.115577022	-0.592369809	29.550000000
37	11.688996790	1.212543229	29.550000000
38	13.241620680	3.150027378	29.550000000
39	14.785257034	5.189102831	29.550000000
40	16.338176657	7.297810071	29.550000000
41	17.914390714	9.449830465	29.550000000
42	19.493034672	11.647330112	29.550000000
43	20.970694022	13.949389053	29.550000000
1	22.009663735	13.530052516	32.100000000
2	19.677101582	12.206272664	32.100000000
3	17.284557394	11.029015967	32.100000000
4	14.907983622	9.896613367	32.100000000
5	12.579666928	8.772113615	32.100000000
6	10.321982686	7.640121304	32.100000000
7	8.148260328	6.505353681	32.100000000
8	6.072864501	5.371033676	32.100000000
9	4.115559263	4.231287797	32.100000000
10	2.305207706	3.067361581	32.100000000
11	0.650119954	1.896233728	32.100000000
12	-0.847037640	0.740290660	32.100000000
13	-2.179129599	-0.386562281	32.100000000
14	-3.334637330	-1.476312302	32.100000000
15	-4.302609685	-2.519266790	32.100000000
16	-5.070686274	-3.504822010	32.100000000
17	-5.625024019	-4.418723194	32.100000000
18	-5.946137907	-5.240089441	32.100000000
19	-6.033774880	-5.924661915	32.100000000
20	-5.960023931	-6.414956290	32.100000000
21	-5.837177776	-6.687181551	32.100000000
22	-5.781608106	-6.770322069	32.100000000
23	-5.717612010	-6.850857789	32.100000000
24	-5.489522089	-7.056933632	32.100000000
25	-5.039887151	-7.298872305	32.100000000
26	-4.359866601	-7.507289831	32.100000000
27	-3.459248125	-7.622746138	32.100000000
28	-2.359561057	-7.612157526	32.100000000
29	-1.084560564	-7.450148995	32.100000000
30	0.340345003	-7.116207825	32.100000000
31	1.887378756	-6.591666404	32.100000000
32	3.525095546	-5.858358074	32.100000000
33	5.221165257	-4.905702190	32.100000000
34	6.951301975	-3.741501742	32.100000000
35	8.686894615	-2.367477667	32.100000000
36	10.395174977	-0.783631232	32.100000000
37	12.055777312	0.994110643	32.100000000
38	13.692928716	2.913161926	32.100000000
39	15.331405329	4.929757326	32.100000000
40	16.994614672	7.006222585	32.100000000
41	18.691822016	9.118259793	32.100000000
42	20.397879982	11.271626799	32.100000000
43	22.009663735	13.530052516	32.100000000
1	23.050056962	13.233324154	34.650000000
2	20.648053321	11.931324997	34.650000000
3	18.203331084	10.748814798	34.650000000
4	15.781112513	9.598029069	34.650000000
5	13.410370401	8.449565958	34.650000000
6	11.107251853	7.301738873	34.650000000
7	8.886221769	6.157441880	34.650000000
8	6.766189820	5.011564376	34.650000000
9	4.767529610	3.857572865	34.650000000
10	2.907205146	2.696280170	34.650000000
11	1.194761470	1.540551676	34.650000000
12	-0.365601934	0.409247248	34.650000000
13	-1.768945959	-0.682337015	34.650000000
14	-3.007288998	-1.724459201	34.650000000
15	-4.067675926	-2.713413318	34.650000000
16	-4.934154953	-3.646400702	34.650000000
17	-5.589154497	-4.516756184	34.650000000
18	-6.011596645	-5.310185799	34.650000000
19	-6.189438290	-5.990533504	34.650000000
20	-6.163082408	-6.494276419	34.650000000
21	-6.055245898	-6.778759203	34.650000000
22	-6.001698649	-6.865429127	34.650000000
23	-5.937851139	-6.948561911	34.650000000
24	-5.704533268	-7.157448746	34.650000000
25	-5.243295704	-7.398134704	34.650000000
26	-4.545803785	-7.595272950	34.650000000
27	-3.625649949	-7.693724669	34.650000000
28	-2.505286140	-7.662328658	34.650000000
29	-1.208829052	-7.475380758	34.650000000
30	0.238621138	-7.115255283	34.650000000
31	1.811880126	-6.570449582	34.650000000
32	3.485415191	-5.832721299	34.650000000
33	5.233329494	-4.896862708	34.650000000
34	7.027712722	-3.757916178	34.650000000
35	8.838776008	-2.412616729	34.650000000
36	10.633042596	-0.857871763	34.650000000
37	12.388114832	0.893224569	34.650000000
38	14.115086607	2.797461269	34.650000000
39	15.856551341	4.792243397	34.650000000
40	17.640996615	6.833258264	34.650000000
41	19.466853308	8.903813142	34.650000000
42	21.303472078	11.014948960	34.650000000
43	23.050056962	13.233324154	34.650000000
1	24.095877629	13.019930767	37.200000000
2	21.618687626	11.729661884	37.200000000
3	19.114814825	10.531885843	37.200000000
4	16.639484856	9.354072336	37.200000000
5	14.218092146	8.175263307	37.200000000
6	11.862215818	7.004124353	37.200000000
7	9.586144955	5.844455628	37.200000000
8	7.411511714	4.686131239	37.200000000
9	5.364451910	3.512456448	37.200000000
10	3.448318664	2.347932418	37.200000000
11	1.674833227	1.200508231	37.200000000
12	0.050587664	0.084742825	37.200000000
13	-1.420133916	-0.983617607	37.200000000
14	-2.732840401	-1.991235795	37.200000000
15	-3.874058268	-2.937628308	37.200000000
16	-4.826413525	-3.825367139	37.200000000
17	-5.570352106	-4.654383073	37.200000000
18	-6.083944000	-5.416854030	37.200000000
19	-6.348133352	-6.085678549	37.200000000
20	-6.370034167	-6.600002520	37.200000000
21	-6.278092175	-6.897040379	37.200000000
22	-6.226245643	-6.987353711	37.200000000
23	-6.162136094	-7.072992426	37.200000000
24	-5.922524959	-7.284404552	37.200000000
25	-5.448159589	-7.522865343	37.200000000
26	-4.731831196	-7.707706341	37.200000000
27	-3.790459028	-7.785340078	37.200000000
28	-2.648105301	-7.723881836	37.200000000
29	-1.330222501	-7.498566565	37.200000000
30	0.138116524	-7.096001844	37.200000000
31	1.734526749	-6.513051192	37.200000000
32	3.439938499	-5.753324751	37.200000000
33	5.235125506	-4.818743628	37.200000000
34	7.088213855	-3.690715447	37.200000000
35	8.970055121	-2.363358706	37.200000000
36	10.849851435	-0.833854170	37.200000000
37	12.705924809	0.886353896	37.200000000
38	14.527145244	2.775184539	37.200000000
39	16.378055905	4.744733964	37.200000000
40	18.290032664	6.744897921	37.200000000
41	20.247569486	8.770889390	37.200000000
42	22.214929124	10.839649422	37.200000000
43	24.095877629	13.019930767	37.200000000
1	25.140976370	12.856010465	39.750000000
2	22.581448696	11.578306346	39.750000000
3	20.011340345	10.365102852	39.750000000
4	17.475745485	9.160734404	39.750000000
5	14.996464281	7.952646831	39.750000000
6	12.582847270	6.755089913	39.750000000
7	10.248098899	5.574785788	39.750000000
8	8.013756966	4.402150243	39.750000000
9	5.912684079	3.208153358	39.750000000
10	3.937651048	2.036502982	39.750000000
11	2.102319196	0.891281907	39.750000000
12	0.415511088	-0.216696616	39.750000000
13	-1.118163893	-1.272072325	39.750000000
14	-2.496591441	-2.258162676	39.750000000
15	-3.707140033	-3.174790504	39.750000000
16	-4.732834581	-4.026911897	39.750000000
17	-5.553952682	-4.819048868	39.750000000
18	-6.148772381	-5.549222227	39.750000000
19	-6.494675324	-6.199729829	39.750000000
20	-6.569920056	-6.720676611	39.750000000
21	-6.496670976	-7.030306367	39.750000000
22	-6.446334575	-7.124297156	39.750000000
23	-6.381624313	-7.212310054	39.750000000
24	-6.134492473	-7.425287421	39.750000000
25	-5.644729739	-7.657813823	39.750000000
26	-4.908114257	-7.825990522	39.750000000
27	-3.944758767	-7.877613259	39.750000000
28	-2.780396707	-7.780218203	39.750000000
29	-1.441786019	-7.510229576	39.750000000
30	0.046168873	-7.058262966	39.750000000
31	1.663936954	-6.428836046	39.750000000
32	3.398687109	-5.636874924	39.750000000
33	5.236725062	-4.690841468	39.750000000
34	7.143281025	-3.561704236	39.750000000
35	9.091549079	-2.243809513	39.750000000
36	11.054974833	-0.736459734	39.750000000
37	13.014032142	0.949670951	39.750000000
38	14.936671337	2.816370859	39.750000000
39	16.904342586	4.752388031	39.750000000
40	18.945581411	6.706638955	39.750000000
41	21.033146366	8.686207081	39.750000000
42	23.128103376	10.712962206	39.750000000
43	25.140976370	12.856010465	39.750000000
1	26.155716455	12.719060825	42.300000000
2	23.510794754	11.458320852	42.300000000
3	20.871402253	10.233018711	42.300000000
4	18.272425195	9.005704330	42.300000000
5	15.732112258	7.772094750	42.300000000
6	13.258924208	6.549296189	42.300000000
7	10.865074550	5.346858367	42.300000000
8	8.570744640	4.158359092	42.300000000
9	6.412859393	2.947073433	42.300000000
10	4.378867669	1.767041107	42.300000000
11	2.483654263	0.620137291	42.300000000
12	0.737850841	-0.485696751	42.300000000
13	-0.852992658	-1.536161969	42.300000000
14	-2.288020617	-2.512189884	42.300000000
15	-3.556697806	-3.411153870	42.300000000
16	-4.643797020	-4.237536180	42.300000000
17	-5.530685626	-4.998246553	42.300000000
18	-6.196610652	-5.696143153	42.300000000
19	-6.617574658	-6.322637059	42.300000000
20	-6.751794648	-6.844147228	42.300000000
21	-6.700689726	-7.165404139	42.300000000
22	-6.651875648	-7.263020443	42.300000000
23	-6.586382537	-7.353283696	42.300000000
24	-6.330958240	-7.566881283	42.300000000
25	-5.824734636	-7.790704183	42.300000000
26	-5.067791615	-7.939868472	42.300000000
27	-4.082997424	-7.963847655	42.300000000
28	-2.897500020	-7.829706456	42.300000000
29	-1.539143955	-7.514860369	42.300000000
30	-0.032592216	-7.013122499	42.300000000
31	1.605276167	-6.335354201	42.300000000
32	3.367215292	-5.506262260	42.300000000
33	5.243389610	-4.538955932	42.300000000
34	7.198251064	-3.399653668	42.300000000
35	9.208333694	-2.084978293	42.300000000
36	11.251419812	-0.596826280	42.300000000
37	13.310226770	1.054630548	42.300000000
38	15.340081405	2.889474667	42.300000000
39	17.427863729	4.782970618	42.300000000
40	19.593670896	6.689383902	42.300000000
41	21.803618019	8.624163224	42.300000000
42	24.017994942	10.611894108	42.300000000
43	26.155716455	12.719060825	42.300000000
1	27.103242349	12.580642189	44.850000000
2	24.374869628	11.343336230	44.850000000
3	21.667544139	10.112164465	44.850000000
4	19.006261596	8.868483700	44.850000000
5	16.405910225	7.615892445	44.850000000
6	13.874801550	6.372822167	44.850000000
7	11.424669390	5.150640577	44.850000000
8	9.074088179	3.946671478	44.850000000
9	6.859969019	2.724002267	44.850000000
10	4.770025870	1.537088411	44.850000000
11	2.819564956	0.387240167	44.850000000
12	1.020477719	-0.719450987	44.850000000
13	-0.620397656	-1.770223849	44.850000000
14	-2.102449887	-2.744911908	44.850000000
15	-3.418310386	-3.636119110	44.850000000
16	-4.555477509	-4.445433234	44.850000000
17	-5.497105213	-5.180184213	44.850000000
18	-6.223694005	-5.846949061	44.850000000
19	-6.710920963	-6.445558261	44.850000000
20	-6.906835137	-6.959997931	44.850000000
21	-6.880767614	-7.290650488	44.850000000
22	-6.833602452	-7.391691333	44.850000000
23	-6.767341785	-7.484065115	44.850000000
24	-6.503618853	-7.697577565	44.850000000
25	-5.981418240	-7.911444112	44.850000000
26	-5.205654442	-8.041946922	44.850000000
27	-4.201216324	-8.040620300	44.850000000
28	-2.996196698	-7.874011017	44.850000000
29	-1.619261029	-7.519911894	44.850000000
30	-0.094947612	-6.974100718	44.850000000
31	1.561967377	-6.252097786	44.850000000
32	3.348718570	-5.386196706	44.850000000
33	5.257759472	-4.392195869	44.850000000
34	7.255436578	-3.238065367	44.850000000
35	9.321772247	-1.923498437	44.850000000
36	11.438178929	-0.452689329	44.850000000
37	13.589115104	1.164675977	44.850000000
38	15.727506149	2.956690701	44.850000000
39	17.931779966	4.800563785	44.850000000
40	20.211248399	6.660214857	44.850000000
41	22.530690592	8.554331648	44.850000000
42	24.851791843	10.507509840	44.850000000
43	27.103242349	12.580642189	44.850000000
1	27.948034577	12.412356628	47.400000000
2	25.143071336	11.205308391	47.400000000
3	22.373149227	9.976421858	47.400000000
4	19.654286632	8.725281937	47.400000000
5	16.998399911	7.462612895	47.400000000
6	14.414066185	6.207264851	47.400000000
7	11.913107726	4.971235505	47.400000000
8	9.512786248	3.755030948	47.400000000
9	7.246231629	2.528719676	47.400000000
10	5.105882047	1.338882404	47.400000000
11	3.106871942	0.187442425	47.400000000
12	1.261803229	-0.920372623	47.400000000
13	-0.421089563	-1.973537780	47.400000000
14	-1.940577593	-2.952100625	47.400000000
15	-3.293201520	-3.842298188	47.400000000
16	-4.469838397	-4.641057150	47.400000000
17	-5.455695873	-5.354633115	47.400000000
18	-6.232367757	-5.992353624	47.400000000
19	-6.775414311	-6.561596073	47.400000000
20	-7.030548661	-7.061661158	47.400000000
21	-7.030428784	-7.398531361	47.400000000
22	-6.985036473	-7.502630494	47.400000000
23	-6.918159463	-7.596911141	47.400000000
24	-6.646903200	-7.809958223	47.400000000
25	-6.110618557	-8.014321721	47.400000000
26	-5.318780401	-8.129224650	47.400000000
27	-4.297380449	-8.108493791	47.400000000
28	-3.074887460	-7.917952585	47.400000000
29	-1.680551183	-7.534885840	47.400000000
30	-0.139093522	-6.955581745	47.400000000
31	1.535951953	-6.198366272	47.400000000
32	3.344840207	-5.300632401	47.400000000
33	5.281258061	-4.279691666	47.400000000
34	7.315871181	-3.110702392	47.400000000
35	9.431682997	-1.796213164	47.400000000
36	11.612751350	-0.342144055	47.400000000
37	13.844739987	1.242193348	47.400000000
38	16.086514092	2.981979529	47.400000000
39	18.396303896	4.772936438	47.400000000
40	20.773727527	6.589322894	47.400000000
41	23.186107124	8.448149982	47.400000000
42	25.598012327	10.371599608	47.400000000
43	27.948034577	12.412356628	47.400000000
1	28.663802743	12.190775364	49.950000000
2	25.793042891	11.019738593	49.950000000
3	22.968841580	9.802131738	49.950000000
4	20.199754073	8.553835950	49.950000000
5	17.495305633	7.291554051	49.950000000
6	14.864604229	6.033904475	49.950000000
7	12.319957544	4.792611215	49.950000000
8	9.877741897	3.570476554	49.950000000
9	7.565101111	2.348953559	49.950000000
10	5.381589734	1.161930500	49.950000000
11	3.341910635	0.012470914	49.950000000
12	1.458944489	-1.094300446	49.950000000
13	-0.257762953	-2.149020311	49.950000000
14	-1.805758140	-3.132966584	49.950000000
15	-3.185753587	-4.025351443	49.950000000
16	-4.392275622	-4.817522402	49.950000000
17	-5.412547897	-5.513746610	49.950000000
18	-6.228857397	-6.125370415	49.950000000
19	-6.816484471	-6.666298833	49.950000000
20	-7.123085004	-7.147295293	49.950000000
21	-7.147146880	-7.487140285	49.950000000
22	-7.103550555	-7.593784982	49.950000000
23	-7.036306552	-7.689708479	49.950000000
24	-6.759002560	-7.902375003	49.950000000
25	-6.211603639	-8.099378338	49.950000000
26	-5.407233102	-8.203948642	49.950000000
27	-4.372090505	-8.172147738	49.950000000
28	-3.134478148	-7.968834720	49.950000000
29	-1.724021921	-7.569911476	49.950000000
30	-0.165997177	-6.970787341	49.950000000
31	1.526316100	-6.190814733	49.950000000
32	3.354636131	-5.270147698	49.950000000
33	5.313365848	-4.227285545	49.950000000
34	7.378867763	-3.047536715	49.950000000
35	9.536352000	-1.735678580	49.950000000
36	11.771631971	-0.298860866	49.950000000
37	14.071229433	1.253678141	49.950000000
38	16.404116050	2.936613164	49.950000000
39	18.802679024	4.675772927	49.950000000
40	21.259581357	6.453722766	49.950000000
41	23.746568089	8.282495959	49.950000000
42	26.231766883	10.180301405	49.950000000
43	28.663802743	12.190775364	49.950000000
1	29.239740797	11.902221148	52.500000000
2	26.316464900	10.770669007	52.500000000
3	23.448017637	9.572979849	52.500000000
4	20.637492810	8.338042505	52.500000000
5	17.892756088	7.087038106	52.500000000
6	15.223641566	5.837795601	52.500000000
7	12.643076732	4.601344842	52.500000000
8	10.166838716	3.382136382	52.500000000
9	7.815994706	2.173466789	52.500000000
10	5.597292570	0.995871590	52.500000000
11	3.525025971	-0.146478983	52.500000000
12	1.612114947	-1.248162636	52.500000000
13	-0.130792882	-2.301217037	52.500000000
14	-1.699779953	-3.288615978	52.500000000
15	-3.099417991	-4.182905042	52.500000000
16	-4.327658969	-4.969929548	52.500000000
17	-5.373469768	-5.651688906	52.500000000
18	-6.219426521	-6.241003482	52.500000000
19	-6.840405359	-6.757024384	52.500000000
20	-7.187127932	-7.218287086	52.500000000
21	-7.231328059	-7.558674233	52.500000000
22	-7.189467542	-7.667289727	52.500000000
23	-7.122199406	-7.764595679	52.500000000
24	-6.840910448	-7.977568177	52.500000000
25	-6.285955277	-8.170750288	52.500000000
26	-5.472866839	-8.271501545	52.500000000
27	-4.427388034	-8.237749694	52.500000000
28	-3.177244046	-8.033281972	52.500000000
29	-1.752214217	-7.632075772	52.500000000
30	-0.178362097	-7.027664648	52.500000000
31	1.530438366	-6.238986939	52.500000000
32	3.376037784	-5.307156938	52.500000000
33	5.353251487	-4.251786155	52.500000000
34	7.444086260	-3.068440035	52.500000000
35	9.635247956	-1.763553001	52.500000000
36	11.913681572	-0.345231925	52.500000000
37	14.266535905	1.177063640	52.500000000
38	16.672586468	2.805534964	52.500000000
39	19.140289723	4.497953587	52.500000000
40	21.657882124	6.242535005	52.500000000
41	24.201592868	8.045325508	52.500000000
42	26.743008584	9.920154898	52.500000000
43	29.239740797	11.902221148	52.500000000
1	29.686454058	11.546493003	55.050000000
2	26.724395686	10.454817495	55.050000000
3	23.821829235	9.284054766	55.050000000
4	20.978645505	8.071724636	55.050000000
5	18.201844327	6.841772180	55.050000000
6	15.502076106	5.610860197	55.050000000
7	12.892782166	4.389377517	55.050000000
8	10.389248666	3.183107936	55.050000000
9	8.008261370	1.993933981	55.050000000
10	5.761878466	0.832176124	55.050000000
11	3.664172614	-0.297291463	55.050000000
12	1.728058629	-1.388731851	55.050000000
13	-0.035000297	-2.435213665	55.050000000
14	-1.619789888	-3.421245087	55.050000000
15	-3.033812597	-4.314066728	55.050000000
16	-4.277648648	-5.095124412	55.050000000
17	-5.341533655	-5.764507795	55.050000000
18	-6.208093907	-6.336059473	55.050000000
19	-6.851902812	-6.832570850	55.050000000
20	-7.226000690	-7.277537377	55.050000000
21	-7.284953895	-7.617268115	55.050000000
22	-7.244700676	-7.727307671	55.050000000
23	-7.177807945	-7.825793281	55.050000000
24	-6.894858590	-8.040263649	55.050000000
25	-6.335935512	-8.233873320	55.050000000
26	-5.517715190	-8.337270327	55.050000000
27	-4.465162636	-8.309612274	55.050000000
28	-3.205225470	-8.113718252	55.050000000
29	-1.767596906	-7.721648457	55.050000000
30	-0.179079871	-7.124759487	55.050000000
31	1.545427932	-6.340772108	55.050000000
32	3.407089827	-5.410737619	55.050000000
33	5.400792318	-4.355060084	55.050000000
34	7.512767879	-3.177155383	55.050000000
35	9.730659909	-1.884673837	55.050000000
36	12.042148386	-0.486552218	55.050000000
37	14.434773090	1.007448156	55.050000000
38	16.893602467	2.590553691	55.050000000
39	19.411047866	4.243998194	55.050000000
40	21.972680199	5.959538422	55.050000000
41	24.557935663	7.738510330	55.050000000
42	27.141064455	9.591190882	55.050000000
43	29.686454058	11.546493003	55.050000000
1	30.041529928	11.140693870	57.600000000
2	27.052302120	10.085763606	57.600000000
3	24.123830957	8.945892967	57.600000000
4	21.255024886	7.762315543	57.600000000
5	18.452750981	6.560056765	57.600000000
6	15.728320557	5.354777247	57.600000000
7	13.095478616	4.156516507	57.600000000
8	10.569185673	2.971948735	57.600000000
9	8.164561814	1.806433635	57.600000000
10	5.896085381	0.665490245	57.600000000
11	3.777833211	-0.445844179	57.600000000
12	1.822780360	-1.521747808	57.600000000
13	0.042854490	-2.555865830	57.600000000
14	-1.555931409	-3.533578731	57.600000000
15	-2.982483085	-4.419131428	57.600000000
16	-4.238672197	-5.191559625	57.600000000
17	-5.315369399	-5.849934787	57.600000000
18	-6.195234228	-6.408684237	57.600000000
19	-6.852821388	-6.892450975	57.600000000
20	-7.242177539	-7.327478122	57.600000000
21	-7.310082493	-7.666573320	57.600000000
22	-7.271211462	-7.777596433	57.600000000
23	-7.205036439	-7.877131383	57.600000000
24	-6.922485958	-8.094415070	57.600000000
25	-6.362567187	-8.292419473	57.600000000
26	-5.541984574	-8.403429465	57.600000000
27	-4.484960839	-8.386991691	57.600000000
28	-3.217744472	-8.205199346	57.600000000
29	-1.769777577	-7.828772298	57.600000000
30	-0.168263858	-7.247487921	57.600000000
31	1.571051214	-6.478000322	57.600000000
32	3.448505971	-5.561131240	57.600000000
33	5.458787661	-4.517614756	57.600000000
34	7.590024728	-3.354563801	57.600000000
35	9.830252188	-2.080261089	57.600000000
36	12.167480945	-0.704149827	57.600000000
37	14.589356828	0.763872519	57.600000000
38	17.082895471	2.314020689	57.600000000
39	19.634350991	3.937039485	57.600000000
40	22.228068031	5.626383222	57.600000000
41	24.844771537	7.381435235	57.600000000
42	27.460008883	9.210839437	57.600000000
43	30.041529928	11.140693870	57.600000000
1	30.368451053	10.719061287	60.150000000
2	27.358260711	9.696381826	60.150000000
3	24.408094369	8.587592436	60.150000000
4	21.517268846	7.434236319	60.150000000
5	18.692987185	6.261272143	60.150000000
6	15.946753460	5.084328607	60.150000000
7	13.292533718	3.913168074	60.150000000
8	10.745335543	2.754480777	60.150000000
9	8.320316367	1.613612585	60.150000000
10	6.032179451	0.495677193	60.150000000
11	3.895105408	-0.594438234	60.150000000
12	1.922183818	-1.651049383	60.150000000
13	0.125524771	-2.668040552	60.150000000
14	-1.488725972	-3.630703436	60.150000000
15	-2.929168777	-4.502956005	60.150000000
16	-4.197629171	-5.263449516	60.150000000
17	-5.284974553	-5.911297161	60.150000000
18	-6.173984657	-6.461173867	60.150000000
19	-6.839474432	-6.938109526	60.150000000
20	-7.235674898	-7.369249914	60.150000000
21	-7.307908596	-7.708452833	60.150000000
22	-7.270180422	-7.820221679	60.150000000
23	-7.204895298	-7.920754982	60.150000000
24	-6.923884984	-8.141701412	60.150000000
25	-6.364550216	-8.346417868	60.150000000
26	-5.542899797	-8.467037533	60.150000000
27	-4.482695435	-8.462755367	60.150000000
28	-3.209776893	-8.295224865	60.150000000
29	-1.753320837	-7.934650467	60.150000000
30	-0.140523180	-7.370343059	60.150000000
31	1.612584789	-6.618740279	60.150000000
32	3.505806278	-5.720687328	60.150000000
33	5.533672089	-4.697128125	60.150000000
34	7.684247735	-3.555176639	60.150000000
35	9.945483365	-2.303065183	60.150000000
36	12.305266163	-0.950147413	60.150000000
37	14.751105641	0.493782098	60.150000000
38	17.269915694	2.018989518	60.150000000
39	19.847614160	3.616669923	60.150000000
40	22.468358994	5.280543538	60.150000000
41	25.112877848	7.010108407	60.150000000
42	27.756884276	8.814104917	60.150000000
43	30.368451053	10.719061287	60.150000000
1	30.695001935	10.297229462	62.700000000
2	27.666046043	9.306824319	62.700000000
3	24.696297431	8.229354889	62.700000000
4	21.785539065	7.106484634	62.700000000
5	18.941274400	5.963151375	62.700000000
6	16.175206381	4.814904917	62.700000000
7	13.501447378	3.671366028	62.700000000
8	10.935109345	2.539086495	62.700000000
9	8.491450844	1.423241765	62.700000000
10	6.185264519	0.328798267	62.700000000
11	4.030819192	-0.739504435	62.700000000
12	2.041299937	-1.776116663	62.700000000
13	0.228913806	-2.775042642	62.700000000
14	-1.399999364	-3.721629248	62.700000000
15	-2.853652854	-4.579606656	62.700000000
16	-4.133651660	-5.327526796	62.700000000
17	-5.230841524	-5.964587856	62.700000000
18	-6.128127792	-6.505693824	62.700000000
19	-6.800560058	-6.976202601	62.700000000
20	-7.202532585	-7.403879992	62.700000000
21	-7.278612138	-7.743074021	62.700000000
22	-7.241962109	-7.855496757	62.700000000
23	-7.177573582	-7.956940572	62.700000000
24	-6.898260488	-8.181378742	62.700000000
25	-6.339876047	-8.392669852	62.700000000
26	-5.517683221	-8.522690758	62.700000000
27	-4.455004644	-8.530314517	62.700000000
28	-3.177275943	-8.376832865	62.700000000
29	-1.713379746	-8.032041791	62.700000000
30	-0.090452459	-7.484863552	62.700000000
31	1.675229556	-6.751528782	62.700000000
32	3.582994487	-5.872961679	62.700000000
33	5.627141359	-4.870137481	62.700000000
34	7.795631857	-3.750058645	62.700000000
35	10.076299158	-2.520846184	62.700000000
36	12.456896283	-1.191735901	62.700000000
37	14.924799048	0.227587309	62.700000000
38	17.466783910	1.727512058	62.700000000
39	20.068641399	3.299366476	62.700000000
40	22.714425293	4.937032788	62.700000000
41	25.384818393	6.640221953	62.700000000
42	28.055582100	8.417968663	62.700000000
43	30.695001935	10.297229462	62.700000000
1	31.018165218	9.874478098	65.250000000
2	27.972810648	8.916706078	65.250000000
3	24.985824593	7.870963596	65.250000000
4	22.057443800	6.779019582	65.250000000
5	19.195458699	5.665783447	65.250000000
6	16.411759193	4.546718999	65.250000000
7	13.720591150	3.431301821	65.250000000
8	11.137158913	2.325942726	65.250000000
9	8.676809827	1.235644575	65.250000000
10	6.354414784	0.165223658	65.250000000
11	4.184320133	-0.880731220	65.250000000
12	2.179796765	-1.896809525	65.250000000
13	0.353140034	-2.877140693	65.250000000
14	-1.289120493	-3.807141763	65.250000000
15	-2.754807345	-4.650385646	65.250000000
16	-4.045307505	-5.385337452	65.250000000
17	-5.151453509	-6.011276220	65.250000000
18	-6.056287874	-6.543320613	65.250000000
19	-6.735106844	-7.007138952	65.250000000
20	-7.142490869	-7.431097321	65.250000000
21	-7.222278048	-7.770051603	65.250000000
22	-7.186697914	-7.883036145	65.250000000
23	-7.123222768	-7.985296815	65.250000000
24	-6.845754502	-8.212989245	65.250000000
25	-6.288691570	-8.430581090	65.250000000
26	-5.466550087	-8.569767037	65.250000000
27	-4.402195765	-8.589148781	65.250000000
28	-3.120637504	-8.449699250	65.250000000
29	-1.650438013	-8.120829452	65.250000000
30	-0.018653325	-7.591067174	65.250000000
31	1.758200706	-6.876397488	65.250000000
32	3.678973913	-6.017779238	65.250000000
33	5.737746328	-5.036224179	65.250000000
34	7.922384188	-3.938617674	65.250000000
35	10.220612117	-2.732962656	65.250000000
36	12.620058013	-1.428369856	65.250000000
37	15.107974321	-0.034409275	65.250000000
38	17.671010941	1.439435546	65.250000000
39	20.294843496	2.984628868	65.250000000
40	22.963435003	4.595216306	65.250000000
41	25.657438080	6.271119591	65.250000000
42	28.352678335	8.021660233	65.250000000
43	31.018165218	9.874478098	65.250000000
1	31.207939982	9.413888236	67.800000000
2	28.158780599	8.490332511	67.800000000
3	25.166929045	7.478387000	67.800000000
4	22.233069522	6.419720737	67.800000000
5	19.365241386	5.339105624	67.800000000
6	16.575472428	4.251850442	67.800000000
7	13.878085298	3.167244960	67.800000000
8	11.288316490	2.091536407	67.800000000
9	8.821541754	1.029537603	67.800000000
10	6.492651226	-0.014099356	67.800000000
11	4.316010861	-1.034947564	67.800000000
12	2.304922810	-2.027749739	67.800000000
13	0.471718396	-2.986774334	67.800000000
14	-1.176964978	-3.897477235	67.800000000
15	-2.648557430	-4.723410641	67.800000000
16	-3.944183303	-5.443126484	67.800000000
17	-5.054667483	-6.056036941	67.800000000
18	-5.963232325	-6.577435068	67.800000000
19	-6.645491720	-7.033190553	67.800000000
20	-7.056355170	-7.452104974	67.800000000
21	-7.139265003	-7.789575090	67.800000000
22	-7.104844842	-7.902668676	67.800000000
23	-7.042506714	-8.005331924	67.800000000
24	-6.767935539	-8.235347195	67.800000000
25	-6.214331128	-8.458265150	67.800000000
26	-5.395423729	-8.605813334	67.800000000
27	-4.333565442	-8.636468651	67.800000000
28	-3.053274013	-8.511031675	67.800000000
29	-1.582711954	-8.198645428	67.800000000
30	0.051229243	-7.687491463	67.800000000
31	1.831853975	-6.993246671	67.800000000
32	3.757556742	-6.156749741	67.800000000
33	5.822246029	-5.199008183	67.800000000
34	8.013745504	-4.126775681	67.800000000
35	10.319725032	-2.947916306	67.800000000
36	12.727742314	-1.671389715	67.800000000
37	15.224983390	-0.306624321	67.800000000
38	17.798030333	1.137051645	67.800000000
39	20.432506877	2.651259431	67.800000000
40	23.112354574	4.230215248	67.800000000
41	25.818277487	5.874027015	67.800000000
42	28.526266517	7.592225294	67.800000000
43	31.207939982	9.413888236	67.800000000
1	31.225999829	8.905762173	70.350000000
2	28.188417089	8.018567342	70.350000000
3	25.206853814	7.043070158	70.350000000
4	22.282418119	6.020614589	70.350000000
5	19.423346449	4.975709726	70.350000000
6	16.641738697	3.923436858	70.350000000
7	13.951919277	2.872863705	70.350000000
8	11.369080194	1.830053146	70.350000000
9	8.908547414	0.799617470	70.350000000
10	6.585155104	-0.213965620	70.350000000
11	4.413215635	-1.206439308	70.350000000
12	2.405993189	-2.172711671	70.350000000
13	0.575789781	-3.107204712	70.350000000
14	-1.070696082	-3.995468109	70.350000000
15	-2.540494926	-4.801212141	70.350000000
16	-3.834475836	-5.503188448	70.350000000
17	-4.943498017	-6.100944876	70.350000000
18	-5.851033910	-6.609862562	70.350000000
19	-6.533117508	-7.055863549	70.350000000
20	-6.945201296	-7.468002191	70.350000000
21	-7.030663493	-7.802415526	70.350000000
22	-6.997520356	-7.915061160	70.350000000
23	-6.936570621	-8.017608334	70.350000000
24	-6.666087591	-8.248698779	70.350000000
25	-6.118453404	-8.475529660	70.350000000
26	-5.306601907	-8.630174656	70.350000000
27	-4.252304958	-8.671184884	70.350000000
28	-2.979511214	-8.559386194	70.350000000
29	-1.515878737	-8.263828623	70.350000000
30	0.111987370	-7.772446082	70.350000000
31	1.887316225	-7.100574017	70.350000000
32	3.808093800	-6.288747427	70.350000000
33	5.868091641	-5.357850609	70.350000000
34	8.055154526	-4.314482769	70.350000000
35	10.356963310	-3.166342108	70.350000000
36	12.761071493	-1.922202434	70.350000000
37	15.254666481	-0.591314108	70.350000000
38	17.824332385	0.817186981	70.350000000
39	20.455714320	2.295111062	70.350000000
40	23.132811911	3.836862670	70.350000000
41	25.836471142	5.442722408	70.350000000
42	28.542955053	7.122364951	70.350000000
43	31.225999829	8.905762173	70.350000000
1	31.126895721	8.368581529	72.900000000
2	28.111835926	7.518967356	72.900000000
3	25.151364961	6.581483801	72.900000000
4	22.246986973	5.597005019	72.900000000
5	19.407094239	4.589693676	72.900000000
6	16.643809366	3.574356314	72.900000000
7	13.971403329	2.559817121	72.900000000
8	11.404968488	1.551942111	72.900000000
9	8.959724676	0.555138169	72.900000000
10	6.650396587	-0.426297787	72.900000000
11	4.491191217	-1.388284683	72.900000000
12	2.495286009	-2.325905032	72.900000000
13	0.674908130	-3.233746009	72.900000000
14	-0.963205122	-4.097510948	72.900000000
15	-2.425680180	-4.881199213	72.900000000
16	-3.713149891	-5.563821381	72.900000000
17	-4.816544889	-6.145048514	72.900000000
18	-5.719639145	-6.640281025	72.900000000
19	-6.398955963	-7.075388674	72.900000000
20	-6.810642003	-7.479550674	72.900000000
21	-6.898227243	-7.809800430	72.900000000
22	-6.866425408	-7.921598377	72.900000000
23	-6.807022135	-8.023651737	72.900000000
24	-6.541422021	-8.254882950	72.900000000
25	-6.001489614	-8.484531349	72.900000000
26	-5.199366116	-8.645252881	72.900000000
27	-4.156198002	-8.695822355	72.900000000
28	-2.895310988	-8.597237124	72.900000000
29	-1.443785186	-8.318583186	72.900000000
30	0.172148321	-7.847620074	72.900000000
31	1.935720535	-7.199319584	72.900000000
32	3.844546092	-6.413781356	72.900000000
33	5.892284023	-5.511676852	72.900000000
34	8.066845200	-4.499434556	72.900000000
35	10.355968067	-3.384567986	72.900000000
36	12.747249077	-2.175641223	72.900000000
37	15.227925498	-0.881701846	72.900000000
38	17.784633615	0.488331533	72.900000000
39	20.403092351	1.926479481	72.900000000
40	23.067415916	3.427346261	72.900000000
41	25.758655276	4.991375550	72.900000000
42	28.453418131	6.628342181	72.900000000
43	31.126895721	8.368581529	72.900000000
1	30.966045617	7.821414443	75.450000000
2	27.979933207	7.009612811	75.450000000
3	25.046918989	6.110567009	75.450000000
4	22.168875044	5.164610238	75.450000000
5	19.354319682	4.195516482	75.450000000
6	16.615366404	3.217794252	75.450000000
7	13.966198627	2.240016021	75.450000000
8	11.421776252	1.267846243	75.450000000
9	8.997179437	0.305486489	75.450000000
10	6.706992044	-0.642949135	75.450000000
11	4.565285506	-1.573557341	75.450000000
12	2.585122048	-2.481599494	75.450000000
13	0.778627614	-3.361834425	75.450000000
14	-0.847430005	-4.200165298	75.450000000
15	-2.299274331	-4.960959407	75.450000000
16	-3.577322260	-5.623509093	75.450000000
17	-4.672601122	-6.187592795	75.450000000
18	-5.569215724	-6.668584250	75.450000000
19	-6.244215412	-7.092237629	75.450000000
20	-6.654523049	-7.487783486	75.450000000
21	-6.743944551	-7.813242827	75.450000000
22	-6.713503077	-7.923958472	75.450000000
23	-6.655718775	-8.025290571	75.450000000
24	-6.395413796	-8.256075528	75.450000000
25	-5.864134123	-8.487811219	75.450000000
26	-5.073243907	-8.653878888	75.450000000
27	-4.043244318	-8.713368595	75.450000000
28	-2.796812587	-8.627538648	75.450000000
29	-1.360412407	-8.365591366	75.450000000
30	0.240149429	-7.915160707	75.450000000
31	1.988154565	-7.290846836	75.450000000
32	3.880874445	-6.532237896	75.450000000
33	5.911870692	-5.659736123	75.450000000
34	8.069146647	-4.679590870	75.450000000
35	10.340525934	-3.599121532	75.450000000
36	12.713676110	-2.426670092	75.450000000
37	15.175913322	-1.171068901	75.450000000
38	17.713956027	0.158993292	75.450000000
39	20.313628040	1.555757908	75.450000000
40	22.959191058	3.014033889	75.450000000
41	25.631936155	4.534421768	75.450000000
42	28.308853677	6.126772383	75.450000000
43	30.966045617	7.821414443	75.450000000
1	30.777963002	7.276613249	78.000000000
2	27.824341390	6.502172610	78.000000000
3	24.922318037	5.641213572	78.000000000
4	22.074107065	4.733498816	78.000000000
5	19.288330334	3.802397847	78.000000000
6	16.577071771	2.862112909	78.000000000
7	13.954406879	1.920964438	78.000000000
8	11.435144658	0.984415670	78.000000000
9	9.034206810	0.056465922	78.000000000
10	6.766019206	-0.858952535	78.000000000
11	4.644501254	-1.758113483	78.000000000
12	2.682584339	-2.636458012	78.000000000
13	0.892278685	-3.488918877	78.000000000
14	-0.719622882	-4.301625447	78.000000000
15	-2.158947588	-5.039356860	78.000000000
16	-3.425912214	-5.681696867	78.000000000
17	-4.511655035	-6.228519478	78.000000000
18	-5.400624417	-6.695144245	78.000000000
19	-6.070408888	-7.107174249	78.000000000
20	-6.478743501	-7.493845947	78.000000000
21	-6.569780782	-7.814202966	78.000000000
22	-6.540685785	-7.923706233	78.000000000
23	-6.484537255	-8.024184811	78.000000000
24	-6.229697882	-8.254160452	78.000000000
25	-5.707527335	-8.487492113	78.000000000
26	-4.928633948	-8.658366743	78.000000000
27	-3.912870196	-8.726244911	78.000000000
28	-2.682257306	-8.652699934	78.000000000
29	-1.262626506	-8.407097984	78.000000000
30	0.320664515	-7.976975370	78.000000000
31	2.050974985	-7.376553806	78.000000000
32	3.925253449	-6.644866680	78.000000000
33	5.936976806	-5.802021923	78.000000000
34	8.074255405	-4.854086666	78.000000000
35	10.325013358	-3.808182557	78.000000000
36	12.677005405	-2.672424626	78.000000000
37	15.117643278	-1.455425678	78.000000000
38	17.633744965	-0.165640308	78.000000000
39	20.211257096	1.189396400	78.000000000
40	22.834607237	2.604697692	78.000000000
41	25.485344697	4.081014954	78.000000000
42	28.140859747	5.628260192	78.000000000
43	30.777963002	7.276613249	78.000000000
1	30.568146195	6.737024669	80.550000000
2	27.649967653	5.999268189	80.550000000
3	24.781889145	5.175805108	80.550000000
4	21.966443495	4.305800214	80.550000000
5	19.212334195	3.412210084	80.550000000
6	16.531596996	2.508926541	80.550000000
7	13.938181966	1.604019590	80.550000000
8	11.446731588	0.702753307	80.550000000
9	9.071993524	-0.191071425	80.550000000
10	6.828221383	-1.073702036	80.550000000
11	4.729168846	-1.941587479	80.550000000
12	2.787623399	-2.790348204	80.550000000
13	1.015467443	-3.615091844	80.550000000
14	-0.580490720	-4.402187839	80.550000000
15	-2.005691758	-5.116862515	80.550000000
16	-3.260163664	-5.739005494	80.550000000
17	-4.335165115	-6.268579802	80.550000000
18	-5.215495347	-6.720829527	80.550000000
19	-5.879287705	-7.121178046	80.550000000
20	-6.285109504	-7.498826269	80.550000000
21	-6.377523909	-7.813845229	80.550000000
22	-6.349745730	-7.922025936	80.550000000
23	-6.295233662	-8.021534717	80.550000000
24	-6.045977057	-8.250376377	80.550000000
25	-5.533271436	-8.484853270	80.550000000
26	-4.766990389	-8.660025693	80.550000000
27	-3.766337623	-8.735774895	80.550000000
28	-2.552674009	-8.674037484	80.550000000
29	-1.151186615	-8.444381975	80.550000000
30	0.413233958	-8.034264202	80.550000000
31	2.124043159	-7.457511643	80.550000000
32	3.977883531	-6.752563420	80.550000000
33	5.968163468	-5.939225649	80.550000000
34	8.083112630	-5.023381774	80.550000000
35	10.310768550	-4.011953430	80.550000000
36	12.638986965	-2.912825611	80.550000000
37	15.055289787	-1.734389520	80.550000000
38	17.546609743	-0.484863663	80.550000000
39	20.099032191	0.828440263	80.550000000
40	22.697166645	2.200737020	80.550000000
41	25.322836071	3.632920949	80.550000000
42	27.953844859	5.134948983	80.550000000
43	30.568146195	6.737024669	80.550000000
1	30.324390431	6.199729631	83.100000000
2	27.445431677	5.498025450	83.100000000
3	24.615061998	4.711548577	83.100000000
4	21.836108772	3.878824336	83.100000000
5	19.117334244	3.022376647	83.100000000
6	16.470704812	2.155776627	83.100000000
7	13.910024278	1.286842207	83.100000000
8	11.449749158	0.420639021	83.100000000
9	9.104433517	-0.439226989	83.100000000
10	6.888140372	-1.289180689	83.100000000
11	4.814439912	-2.125843755	83.100000000
12	2.895958691	-2.945015083	83.100000000
13	1.144435122	-3.741977299	83.100000000
14	-0.433324349	-4.503346552	83.100000000
15	-1.842385077	-5.194839586	83.100000000
16	-3.082593578	-5.796681639	83.100000000
17	-4.145337545	-6.308924184	83.100000000
18	-5.015776352	-6.746712555	83.100000000
19	-5.672598708	-7.135252345	83.100000000
20	-6.075233612	-7.503654281	83.100000000
21	-6.168748130	-7.813020550	83.100000000
22	-6.142266612	-7.919740067	83.100000000
23	-6.089407213	-8.018138388	83.100000000
24	-5.845916970	-8.245466216	83.100000000
25	-5.343161806	-8.480575791	83.100000000
26	-4.590300406	-8.659477444	83.100000000
27	-3.605886266	-8.742529165	83.100000000
28	-2.410614259	-8.692085823	83.100000000
29	-1.029013276	-8.477964299	83.100000000
30	0.514515317	-8.087563892	83.100000000
31	2.203547571	-7.534304858	83.100000000
32	4.034441307	-6.855986725	83.100000000
33	6.000554795	-6.072100135	83.100000000
34	8.090253038	-5.188343313	83.100000000
35	10.291703816	-4.211435355	83.100000000
36	12.592881564	-3.149027359	83.100000000
37	14.981436757	-2.009285545	83.100000000
38	17.444435907	-0.800189011	83.100000000
39	19.968122790	0.471175257	83.100000000
40	22.537309015	1.800221279	83.100000000
41	25.134111393	3.187976666	83.100000000
42	27.736768399	4.644421580	83.100000000
43	30.324390431	6.199729631	83.100000000
1	30.032143706	5.660853607	85.650000000
2	27.197187284	4.994678642	85.650000000
3	24.409279045	4.244827407	85.650000000
4	21.671514524	3.449130862	85.650000000
5	18.992690608	2.629646568	85.650000000
6	16.384679868	1.799607271	85.650000000
7	13.861114818	0.966573214	85.650000000
8	11.436241836	0.135410337	85.650000000
9	9.124396981	-0.690467724	85.650000000
10	6.939429458	-1.507661359	85.650000000
11	4.894703323	-2.312962399	85.650000000
12	3.002662431	-3.102347161	85.650000000
13	1.274880427	-3.871273228	85.650000000
14	-0.281860176	-4.606609947	85.650000000
15	-1.672260955	-5.274618616	85.650000000
16	-2.895993496	-5.855900269	85.650000000
17	-3.944584963	-6.350596365	85.650000000
18	-4.803568289	-6.773725090	85.650000000
19	-5.452204636	-7.150225845	85.650000000
20	-5.850834131	-7.509044400	85.650000000
21	-5.945146544	-7.812338281	85.650000000
22	-5.919954539	-7.917422722	85.650000000
23	-5.868784940	-8.014540334	85.650000000
24	-5.631326654	-8.239904822	85.650000000
25	-5.139166952	-8.475054179	85.650000000
26	-4.400769471	-8.657039217	85.650000000
27	-3.434033939	-8.746758449	85.650000000
28	-2.258981558	-8.707049248	85.650000000
29	-0.899465308	-8.508035000	85.650000000
30	0.620631728	-8.137094740	85.650000000
31	2.285039871	-7.607236163	85.650000000
32	4.089859498	-6.955566963	85.650000000
33	6.028417571	-6.201233920	85.650000000
34	8.089234883	-5.349747786	85.650000000
35	10.260630835	-4.407621608	85.650000000
36	12.530720936	-3.382267537	85.650000000
37	14.887306932	-2.281621087	85.650000000
38	17.317612739	-1.113416573	85.650000000
39	19.808064709	0.115487345	85.650000000
40	22.343701565	1.400702848	85.650000000
41	24.906959955	2.743379659	85.650000000
42	27.476539356	4.153494069	85.650000000
43	30.032143706	5.660853607	85.650000000
1	29.687830298	5.119943841	88.200000000
2	26.901787806	4.488764178	88.200000000
3	24.161222210	3.775172420	88.200000000
4	21.469473482	3.016239441	88.200000000
5	18.835346224	2.233527029	88.200000000
6	16.270592689	1.439914717	88.200000000
7	13.788647672	0.642701079	88.200000000
8	11.403522218	-0.153448234	88.200000000
9	9.129309185	-0.945309023	88.200000000
10	6.979620030	-1.729655322	88.200000000
11	4.967589508	-2.503446958	88.200000000
12	3.105456506	-3.262837078	88.200000000
13	1.404608869	-4.003459110	88.200000000
14	-0.128212793	-4.712451929	88.200000000
15	-1.497357278	-5.356678344	88.200000000
16	-2.702332669	-5.917147231	88.200000000
17	-3.734819075	-6.394086008	88.200000000
18	-4.580738317	-6.802353200	88.200000000
19	-5.219943516	-7.166570560	88.200000000
20	-5.613735841	-7.515449684	88.200000000
21	-5.708544417	-7.812235759	88.200000000
22	-5.684632410	-7.915505521	88.200000000
23	-5.635189092	-8.011162245	88.200000000
24	-5.404034295	-8.234083698	88.200000000
25	-4.923140766	-8.468638077	88.200000000
26	-4.200299369	-8.653016341	88.200000000
27	-3.252751481	-8.748727453	88.200000000
28	-2.099835279	-8.719161494	88.200000000
29	-0.764707432	-8.534811640	88.200000000
30	0.729299271	-8.183074910	88.200000000
31	2.366105039	-7.676538924	88.200000000
32	4.141580632	-7.051562422	88.200000000
33	6.049041355	-6.326918021	88.200000000
34	8.077185097	-5.507926078	88.200000000
35	10.214505095	-4.600889350	88.200000000
36	12.449281180	-3.612975299	88.200000000
37	14.769490017	-2.551882335	88.200000000
38	17.162537562	-1.425094137	88.200000000
39	19.615058116	-0.239237265	88.200000000
40	22.112343873	1.001497387	88.200000000
41	24.637178727	2.298370008	88.200000000
42	27.168751971	3.661324191	88.200000000
43	29.687830298	5.119943841	88.200000000
1	29.300984575	4.580721452	90.750000000
2	26.567866314	3.983788613	90.750000000
3	23.878638256	3.305848427	90.750000000
4	21.236859763	2.583164269	90.750000000
5	18.651320134	1.836777077	90.750000000
6	16.133628900	1.079201930	90.750000000
7	13.697001124	0.317474092	90.750000000
8	11.355191738	-0.443939965	90.750000000
9	9.122029671	-1.202001400	90.750000000
10	7.010869065	-1.953655150	90.750000000
11	5.034596478	-2.696026289	90.750000000
12	3.205227786	-3.425443951	90.750000000
13	1.533947993	-4.137717906	90.750000000
14	0.027444867	-4.820279369	90.750000000
15	-1.318288839	-5.440640556	90.750000000
16	-2.502613399	-5.980234363	90.750000000
17	-3.517375554	-6.439363806	90.750000000
18	-4.348897795	-6.832697837	90.750000000
19	-4.977638730	-7.184497589	90.750000000
20	-5.365898442	-7.523184592	90.750000000
21	-5.460934027	-7.813121572	90.750000000
22	-5.438280905	-7.914429583	90.750000000
23	-5.390577795	-8.008474614	90.750000000
24	-5.165904904	-8.228533876	90.750000000
25	-4.696772648	-8.461913860	90.750000000
26	-3.990326717	-8.648031853	90.750000000
27	-3.063150281	-8.749067474	90.750000000
28	-1.933894477	-8.729022940	90.750000000
29	-0.625005916	-8.558815615	90.750000000
30	0.840758270	-8.225895393	90.750000000
31	2.447539836	-7.742428148	90.750000000
32	4.191007191	-7.143978839	90.750000000
33	6.064480069	-6.448916911	90.750000000
34	8.056850777	-5.662370627	90.750000000
35	10.156804619	-4.790430084	90.750000000
36	12.352805072	-3.840014851	90.750000000
37	14.633023236	-2.818582301	90.750000000
38	16.985067617	-1.733362442	90.750000000
39	19.395801292	-0.590748164	90.750000000
40	21.850791349	0.605263807	90.750000000
41	24.333190677	1.856032625	90.750000000
42	26.822700115	3.171443882	90.750000000
43	29.300984575	4.580721452	90.750000000
1	28.887139112	4.048424286	93.300000000
2	26.209565075	3.484724945	93.300000000
3	23.574301776	2.841519142	93.300000000
4	20.985104384	2.154235467	93.300000000
5	18.450728267	1.443380020	93.300000000
6	15.982623663	0.721098778	93.300000000
7	13.593770636	-0.005834519	93.300000000
8	11.297654203	-0.733149353	93.300000000
9	9.107825670	-1.457986746	93.300000000
10	7.037369045	-2.177458360	93.300000000
11	5.098910325	-2.888850439	93.300000000
12	3.304230285	-3.588665193	93.300000000
13	1.664299678	-4.272887169	93.300000000
14	0.185745653	-4.929256382	93.300000000
15	-1.135110421	-5.525965911	93.300000000
16	-2.297495815	-6.044879640	93.300000000
17	-3.293433135	-6.486366445	93.300000000
18	-4.109650602	-6.864883203	93.300000000
19	-4.727216003	-7.204300528	93.300000000
20	-5.109451291	-7.532704269	93.300000000
21	-5.204503870	-7.815593493	93.300000000
22	-5.183081910	-7.914844820	93.300000000
23	-5.137113260	-8.007177114	93.300000000
24	-4.918995811	-8.224075273	93.300000000
25	-4.461889735	-8.455834402	93.300000000
26	-3.772325364	-8.643150252	93.300000000
27	-2.866236202	-8.748910757	93.300000000
28	-1.761592505	-8.737768605	93.300000000
29	-0.480129622	-8.581104418	93.300000000
30	0.955984219	-8.266452055	93.300000000
31	2.531136836	-7.805565424	93.300000000
32	4.240820336	-7.233191810	93.300000000
33	6.078370485	-6.567273482	93.300000000
34	8.032885868	-5.812747751	93.300000000
35	10.093256525	-4.975493028	93.300000000
36	12.248143228	-4.062181619	93.300000000
37	14.485925006	-3.080029488	93.300000000
38	16.794427087	-2.036013401	93.300000000
39	19.160755246	-0.936293550	93.300000000
40	21.570765228	0.215323660	93.300000000
41	24.007991702	1.420286857	93.300000000
42	26.452657870	2.688405418	93.300000000
43	28.887139112	4.048424286	93.300000000
1	28.460347650	3.527263772	95.850000000
2	25.839651501	2.995568268	95.850000000
3	23.259715173	2.385918481	95.850000000
4	20.724467604	1.732899879	95.850000000
5	18.242615397	1.056481119	95.850000000
6	15.825438232	0.368440920	95.850000000
7	13.485672154	-0.324703577	95.850000000
8	11.236524908	-1.018872635	95.850000000
9	9.091263117	-1.711380767	95.850000000
10	7.062694015	-2.399500588	95.850000000
11	5.163176751	-3.080674259	95.850000000
12	3.404250528	-3.751572371	95.850000000
13	1.796665532	-4.408350355	95.850000000
14	0.346982004	-5.039064137	95.850000000
15	-0.948165089	-5.612602808	95.850000000
16	-2.087882678	-6.111262630	95.850000000
17	-3.064373634	-6.535470902	95.850000000
18	-3.864770088	-6.899458382	95.850000000
19	-4.470744679	-7.226684978	95.850000000
20	-4.846642959	-7.544872918	95.850000000
21	-4.941547933	-7.820650016	95.850000000
22	-4.921322307	-7.917797383	95.850000000
23	-4.877064270	-8.008361371	95.850000000
24	-4.665482208	-8.221911970	95.850000000
25	-4.220459851	-8.451731896	95.850000000
26	-3.547942271	-8.639815384	95.850000000
27	-2.663229125	-8.749776371	95.850000000
28	-1.583624506	-8.746938016	95.850000000
29	-0.330162012	-8.603168603	95.850000000
30	1.075580959	-8.306110455	95.850000000
31	2.618254288	-7.867120656	95.850000000
32	4.293196916	-7.320122048	95.850000000
33	6.093769498	-6.682615553	95.850000000
34	8.009283548	-5.959351028	95.850000000
35	10.028841145	-5.155998841	95.850000000
36	12.141308561	-4.278987819	95.850000000
37	14.335280612	-3.335295326	95.850000000
38	16.598807563	-2.331648478	95.850000000
39	18.919245580	-1.273978387	95.850000000
40	21.282745991	-0.165906302	95.850000000
41	23.673230044	0.994097879	95.850000000
42	26.071444467	2.215755280	95.850000000
43	28.460347650	3.527263772	95.850000000
1	28.028549856	3.018830059	98.400000000
2	25.465248824	2.517798115	98.400000000
3	22.941198924	1.940383257	98.400000000
4	20.460481844	1.320332585	98.400000000
5	18.031742858	0.677082941	98.400000000
6	15.666083019	0.022052516	98.400000000
7	13.375989167	-0.638490783	98.400000000
8	11.174388378	-1.300651309	98.400000000
9	9.074259592	-1.961909820	98.400000000
10	7.088130699	-2.619693743	98.400000000
11	5.228091516	-3.271595198	98.400000000
12	3.505436889	-3.914447805	98.400000000
13	1.930693669	-4.544573362	98.400000000
14	0.510350995	-5.150347336	98.400000000
15	-0.758658572	-5.701359738	98.400000000
16	-1.875333933	-6.180334579	98.400000000
17	-2.832060242	-6.587750164	98.400000000
18	-3.616367699	-6.937601859	98.400000000
19	-4.210521631	-7.252929975	98.400000000
20	-4.579881299	-7.561070610	98.400000000
21	-4.674488177	-7.829759994	98.400000000
22	-4.655412451	-7.924784495	98.400000000
23	-4.612823999	-8.013550068	98.400000000
24	-4.407688784	-8.223626945	98.400000000
25	-3.974672153	-8.451257399	98.400000000
26	-3.319164102	-8.639739844	98.400000000
27	-2.455849156	-8.753423980	98.400000000
28	-1.401382988	-8.758314909	98.400000000
29	-0.176111222	-8.626783039	98.400000000
30	1.198975134	-8.346594389	98.400000000
31	2.708796740	-7.928719917	98.400000000
32	4.348558556	-7.406258453	98.400000000
33	6.111654598	-6.796267304	98.400000000
34	7.987612454	-6.103313383	98.400000000
35	9.965749850	-5.332863661	98.400000000
36	12.035143140	-4.491108948	98.400000000
37	14.184607196	-3.584792814	98.400000000
38	16.402421976	-2.620398463	98.400000000
39	18.676198056	-1.603633693	98.400000000
40	20.992385231	-0.537941092	98.400000000
41	23.335291485	0.578283342	98.400000000
42	25.686182631	1.754663820	98.400000000
43	28.028549856	3.018830059	98.400000000
1	27.595732403	2.523378719	100.950000000
2	25.089839795	2.051616783	100.950000000
3	22.621738422	1.505045898	100.950000000
4	20.195643235	0.916585615	100.950000000
5	17.820127544	0.305150472	100.950000000
6	15.506108031	-0.318192924	100.950000000
7	13.265819681	-0.947417478	100.950000000
8	11.111908043	-1.578804212	100.950000000
9	9.057063928	-2.209992496	100.950000000
10	7.113535674	-2.838557727	100.950000000
11	5.293143598	-3.462235504	100.950000000
12	3.606937545	-4.078016401	100.950000000
13	2.065220187	-4.682383089	100.950000000
14	0.674405775	-5.264030072	100.950000000
15	-0.568291686	-5.793247487	100.950000000
16	-1.661774003	-6.253180989	100.950000000
17	-2.598608670	-6.644353622	100.950000000
18	-3.366715575	-6.980519700	100.950000000
19	-3.948938975	-7.284292905	100.950000000
20	-4.311633289	-7.582610587	100.950000000
21	-4.405815508	-7.844286575	100.950000000
22	-4.387841699	-7.937187769	100.950000000
23	-4.346875359	-8.024142606	100.950000000
24	-4.148062646	-8.230663177	100.950000000
25	-3.726894108	-8.455903940	100.950000000
26	-3.088235208	-8.644462099	100.950000000
27	-2.246176427	-8.761425580	100.950000000
28	-1.216745577	-8.773485663	100.950000000
29	-0.019617863	-8.653523488	100.950000000
30	1.324793598	-8.389441666	100.950000000
31	2.801686000	-7.991838572	100.950000000
32	4.406148406	-7.492996427	100.950000000
33	6.131615280	-6.909529603	100.950000000
34	7.967831512	-6.245827609	100.950000000
35	9.904332111	-5.507159811	100.950000000
36	11.930406071	-4.699485834	100.950000000
37	14.035090443	-3.829321475	100.950000000
38	16.206897223	-2.902912823	100.950000000
39	18.433692920	-1.925750871	100.950000000
40	20.702225920	-0.901106162	100.950000000
41	22.997187936	0.172692692	100.950000000
42	25.300355720	1.305167235	100.950000000
43	27.595732403	2.523378719	100.950000000
1	27.165845723	2.041878269	103.500000000
2	24.716879416	1.597923122	103.500000000
3	22.304297129	1.080727407	103.500000000
4	19.932429964	0.522397245	103.500000000
5	17.609771306	-0.058664062	103.500000000
6	15.347050420	-0.651731685	103.500000000
7	13.156250549	-1.251010652	103.500000000
8	11.049737511	-1.852951078	103.500000000
9	9.039916151	-2.455343139	103.500000000
10	7.138757504	-3.055903067	103.500000000
11	5.357814481	-3.652502838	103.500000000
12	3.707893350	-4.242283023	103.500000000
13	2.199073630	-4.821880658	103.500000000
14	0.837691251	-5.380304385	103.500000000
15	-0.378774562	-5.888537994	103.500000000
16	-1.449137705	-6.330142082	103.500000000
17	-2.366145898	-6.705680029	103.500000000
18	-3.118098389	-7.028661939	103.500000000
19	-3.688401905	-7.321272057	103.500000000
20	-4.044387662	-7.610035010	103.500000000
21	-4.138056056	-7.864816802	103.500000000
22	-4.121139315	-7.955613253	103.500000000
23	-4.081744714	-8.040764549	103.500000000
24	-3.889098812	-8.243694225	103.500000000
25	-3.479542445	-8.466398573	103.500000000
26	-2.857448517	-8.654754872	103.500000000
27	-2.036337996	-8.774582763	103.500000000
28	-1.031635435	-8.793256232	103.500000000
29	0.137632133	-8.684171742	103.500000000
30	1.451617129	-8.435382902	103.500000000
31	2.895797566	-8.057136335	103.500000000
32	4.465164649	-7.580913088	103.500000000
33	6.153198027	-7.022883960	103.500000000
34	7.949859298	-6.387267695	103.500000000
35	9.844900545	-5.679143225	103.500000000
36	11.827823888	-4.904246960	103.500000000
37	13.887888469	-4.068873953	103.500000000
38	16.013838336	-3.179040997	103.500000000
39	18.193794861	-2.240029303	103.500000000
40	20.414802404	-1.254944205	103.500000000
41	22.661930438	-0.222053011	103.500000000
42	24.917455294	0.868058871	103.500000000
43	27.165845723	2.041878269	103.500000000
1	26.746130385	1.577372917	106.050000000
2	24.352856051	1.159657644	106.050000000
3	21.994617108	0.670251678	106.050000000
4	19.675847186	0.140467682	106.050000000
5	17.404955796	-0.411788669	106.050000000
6	15.192485711	-0.976122648	106.050000000
7	13.050172472	-1.546961585	106.050000000
8	10.990107831	-2.120916364	106.050000000
9	9.024416703	-2.695919976	106.050000000
10	7.164798698	-3.269821821	106.050000000
11	5.422545073	-3.840623220	106.050000000
12	3.808223388	-4.405607589	106.050000000
13	2.331694255	-4.961559373	106.050000000
14	0.999215939	-5.497798092	106.050000000
15	-0.191482684	-5.985987142	106.050000000
16	-1.239137593	-6.410086399	106.050000000
17	-2.136673656	-6.770692399	106.050000000
18	-2.872756534	-7.081070744	106.050000000
19	-3.431335831	-7.362978821	106.050000000
20	-3.780691927	-7.642527630	106.050000000
21	-3.873796635	-7.890607179	106.050000000
22	-3.857886957	-7.979345103	106.050000000
23	-3.819999521	-8.062724919	106.050000000
24	-3.633298184	-8.262083648	106.050000000
25	-3.234985665	-8.482160008	106.050000000
26	-2.628978241	-8.670081957	106.050000000
27	-1.828255380	-8.792388061	106.050000000
28	-0.847666202	-8.817125161	106.050000000
29	0.294384499	-8.718204031	106.050000000
30	1.578598193	-8.483840244	106.050000000
31	2.990734099	-8.123950410	106.050000000
32	4.525701186	-7.669236575	106.050000000
33	6.177026805	-7.135429329	106.050000000
34	7.934885422	-6.526583842	106.050000000
35	9.789242570	-5.847596480	106.050000000
36	11.729810529	-5.103989649	106.050000000
37	13.746066952	-4.301846142	106.050000000
38	15.826984381	-3.446962887	106.050000000
39	17.960934405	-2.544420118	106.050000000
40	20.135251098	-1.597166453	106.050000000
41	22.335371984	-0.603415142	106.050000000
42	24.544057796	0.446136764	106.050000000
43	26.746130385	1.577372917	106.050000000
1	26.346884348	1.133829031	108.600000000
2	24.007067873	0.740708634	108.600000000
3	21.701005659	0.277405183	108.600000000
4	19.433224673	-0.225533398	108.600000000
5	17.212051488	-0.750680397	108.600000000
6	15.047848381	-1.287956475	108.600000000
7	12.952112414	-1.831999887	108.600000000
8	10.936672006	-2.379572886	108.600000000
9	9.013383188	-2.928742731	108.600000000
10	7.193684993	-3.477484254	108.600000000
11	5.488617474	-4.023920734	108.600000000
12	3.908518887	-4.565470927	108.600000000
13	2.463039629	-5.099059616	108.600000000
14	1.158365471	-5.614313817	108.600000000
15	-0.007540139	-6.083550975	108.600000000
16	-1.033345510	-6.491104115	108.600000000
17	-1.912147541	-6.837593909	108.600000000
18	-2.632961655	-7.136045926	108.600000000
19	-3.180254193	-7.407804971	108.600000000
20	-3.523213900	-7.678581003	108.600000000
21	-3.615746370	-7.920250158	108.600000000
22	-3.600786064	-8.007013988	108.600000000
23	-3.564325095	-8.088688466	108.600000000
24	-3.383270466	-8.284579891	108.600000000
25	-2.995674035	-8.502036691	108.600000000
26	-2.405030724	-8.689389515	108.600000000
27	-1.623809403	-8.813870661	108.600000000
28	-0.666315179	-8.844176797	108.600000000
29	0.449637869	-8.754719285	108.600000000
30	1.705276354	-8.533878409	108.600000000
31	3.086633965	-8.191263332	108.600000000
32	4.588549085	-7.756831038	108.600000000
33	6.204596384	-7.245882975	108.600000000
34	7.925155038	-6.662319006	108.600000000
35	9.740395982	-6.010862271	108.600000000
36	11.640234174	-5.296832269	108.600000000
37	13.614357692	-4.526110301	108.600000000
38	15.651959327	-3.704285132	108.600000000
39	17.741651445	-2.836246967	108.600000000
40	19.871046541	-1.924797725	108.600000000
41	22.025935041	-0.968103914	108.600000000
42	24.189541027	0.043023141	108.600000000
43	26.346884348	1.133829031	108.600000000
1	25.978918729	0.713422179	111.150000000
2	23.689258355	0.343235475	111.150000000
3	21.432151243	-0.095707206	111.150000000
4	19.212211705	-0.573579272	111.150000000
5	17.037688668	-1.073406289	111.150000000
6	14.918775010	-1.585405548	111.150000000
7	12.866744014	-2.104413312	111.150000000
8	10.893177006	-2.627333164	111.150000000
9	9.009677719	-3.152358168	111.150000000
10	7.227440620	-3.677580162	111.150000000
11	5.557270074	-4.201236629	111.150000000
12	4.009289165	-4.720873170	111.150000000
13	2.592951019	-5.233546083	111.150000000
14	1.314375473	-5.729177642	111.150000000
15	0.171745121	-6.180699459	111.150000000
16	-0.833548091	-6.572787750	111.150000000
17	-1.694763768	-6.906081659	111.150000000
18	-2.401245213	-7.193379983	111.150000000
19	-2.937942827	-7.455640060	111.150000000
20	-3.274898075	-7.718195725	111.150000000
21	-3.366899199	-7.953851147	111.150000000
22	-3.352833008	-8.038763903	111.150000000
23	-3.317712926	-8.118840760	111.150000000
24	-3.141956435	-8.311483975	111.150000000
25	-2.764405897	-8.526481442	111.150000000
26	-2.188163088	-8.713285549	111.150000000
27	-1.425220840	-8.839774244	111.150000000
28	-0.489377820	-8.875249989	111.150000000
29	0.602101823	-8.794594956	111.150000000
30	1.830935548	-8.586351490	111.150000000
31	3.183417234	-8.259852797	111.150000000
32	4.654323093	-7.844362933	111.150000000
33	6.237270690	-7.354770289	111.150000000
34	7.922831429	-6.794829693	111.150000000
35	9.701369164	-6.169102649	111.150000000
36	11.562989427	-5.482719184	111.150000000
37	13.497577819	-4.741372173	111.150000000
38	15.494534004	-3.950455783	111.150000000
39	17.542696186	-3.114682271	111.150000000
40	19.629938016	-2.236716689	111.150000000
41	21.742380919	-1.314683181	111.150000000
42	23.863683430	-0.339502719	111.150000000
43	25.978918729	0.713422179	111.150000000
1	25.651501371	0.314665211	113.700000000
2	23.407707431	-0.034216845	113.700000000
3	21.195362153	-0.450561156	113.700000000
4	19.019161694	-0.905196552	113.700000000
5	16.887285085	-1.381561295	113.700000000
6	14.809770831	-1.870144321	113.700000000
7	12.797687763	-2.365964382	113.700000000
8	10.862391304	-2.866055673	113.700000000
9	9.015254440	-3.368728606	113.700000000
10	7.267248088	-3.872184145	113.700000000
11	5.628961186	-4.374766353	113.700000000
12	4.110320239	-4.874138761	113.700000000
13	2.720598352	-5.367479851	113.700000000
14	1.465858273	-5.844988829	113.700000000
15	0.344486071	-6.280157735	113.700000000
16	-0.642071797	-6.657970130	113.700000000
17	-1.487224940	-6.979079981	113.700000000
18	-2.180618043	-7.256080597	113.700000000
19	-2.707645702	-7.509579728	113.700000000
20	-3.039129953	-7.764573566	113.700000000
21	-3.130673517	-7.994712365	113.700000000
22	-3.117440728	-8.077936515	113.700000000
23	-3.083566095	-8.156558738	113.700000000
24	-2.912707156	-8.346271956	113.700000000
25	-2.544402653	-8.559106243	113.700000000
26	-1.981379922	-8.745527255	113.700000000
27	-1.235191599	-8.873991218	113.700000000
28	-0.319171175	-8.914344707	113.700000000
29	0.749919755	-8.841895541	113.700000000
30	1.954246336	-8.645336615	113.700000000
31	3.280339765	-8.333758188	113.700000000
32	4.722917513	-7.935797248	113.700000000
33	6.275632614	-7.465954345	113.700000000
34	7.929231914	-6.927850640	113.700000000
35	9.674255273	-6.325898905	113.700000000
36	11.500982105	-5.665054579	113.700000000
37	13.399478054	-4.950837056	113.700000000
38	15.359331456	-4.188460971	113.700000000
39	17.369586402	-3.382473743	113.700000000
40	19.418354927	-2.535412730	113.700000000
41	21.492061080	-1.645359823	113.700000000
42	23.574761005	-0.703330659	113.700000000
43	25.651501371	0.314665211	113.700000000
1	25.372736425	-0.065199978	116.250000000
2	23.169599822	-0.394458217	116.250000000
3	20.996920970	-0.790067986	116.250000000
4	18.859471781	-1.223424685	116.250000000
5	16.765370815	-1.678326057	116.250000000
6	14.724520515	-2.145500789	116.250000000
7	12.747808634	-2.620131160	116.250000000
8	10.846390219	-3.099369557	116.250000000
9	9.031433619	-3.581634972	116.250000000
10	7.313711544	-4.065229085	116.250000000
11	5.703622050	-4.548594877	116.250000000
12	4.210917894	-5.029505152	116.250000000
13	2.844713245	-5.505250807	116.250000000
14	1.611026213	-5.966288582	116.250000000
15	0.508431449	-6.386607843	116.250000000
16	-0.461575342	-6.751455874	116.250000000
17	-1.292538970	-7.061496809	116.250000000
18	-1.974375685	-7.329144062	116.250000000
19	-2.492880040	-7.574701532	116.250000000
20	-2.819572652	-7.822878627	116.250000000
21	-2.910784258	-8.048084251	116.250000000
22	-2.898328989	-8.129796555	116.250000000
23	-2.865597607	-8.207141220	116.250000000
24	-2.699176640	-8.394325507	116.250000000
25	-2.339176718	-8.605385430	116.250000000
26	-1.787973452	-8.791674625	116.250000000
27	-1.056719924	-8.922151282	116.250000000
28	-0.158329588	-8.967134491	116.250000000
29	0.890886266	-8.902302767	116.250000000
30	2.073491139	-8.716481541	116.250000000
31	3.376224579	-8.418551452	116.250000000
32	4.793744912	-8.036597531	116.250000000
33	6.319730660	-7.584765078	116.250000000
34	7.945083440	-7.066553939	116.250000000
35	9.660498218	-6.486242350	116.250000000
36	11.456407436	-5.848627511	116.250000000
37	13.323035178	-5.159072209	116.250000000
38	15.250135854	-4.422628186	116.250000000
39	17.226934879	-3.643692189	116.250000000
40	19.241754734	-2.824682423	116.250000000
41	21.281287512	-1.963634394	116.250000000
42	23.329942253	-1.051632968	116.250000000
43	25.372736425	-0.065199978	116.250000000
1	25.152126274	-0.424210143	118.800000000
2	22.983445794	-0.735718741	118.800000000
3	20.844354975	-1.112665868	118.800000000
4	18.739699584	-1.526917714	118.800000000
5	16.677552005	-1.962574414	118.800000000
6	14.667702065	-2.410570282	118.800000000
7	12.720884995	-2.866230665	118.800000000
8	10.848086115	-3.326812632	118.800000000
9	9.060300175	-3.790833853	118.800000000
10	7.368131842	-4.256687603	118.800000000
11	5.781817371	-4.722907160	118.800000000
12	4.310962643	-5.187364260	118.800000000
13	2.964547899	-5.647451290	118.800000000
14	1.748561520	-6.093858818	118.800000000
15	0.661752837	-6.501002304	118.800000000
16	-0.294336148	-6.854345777	118.800000000
17	-1.113367634	-7.154559363	118.800000000
18	-1.785496321	-7.413905247	118.800000000
19	-2.296868504	-7.652435125	118.800000000
20	-2.619617231	-7.894628689	118.800000000
21	-2.710682490	-8.115578069	118.800000000
22	-2.698941710	-8.196031477	118.800000000
23	-2.667228824	-8.272307034	118.800000000
24	-2.504685788	-8.457424760	118.800000000
25	-2.151860212	-8.667149076	118.800000000
26	-1.610807659	-8.853583608	118.800000000
27	-0.892328255	-8.986103202	118.800000000
28	-0.008966790	-9.035420208	118.800000000
29	1.023357256	-8.977526145	118.800000000
30	2.187552090	-8.801364528	118.800000000
31	3.470535312	-8.515649122	118.800000000
32	4.866905400	-8.147997481	118.800000000
33	6.370352406	-7.712229866	118.800000000
34	7.971908356	-7.211738735	118.800000000
35	9.662398520	-6.650683832	118.800000000
36	11.432383347	-6.033722374	118.800000000
37	13.272219388	-5.366079430	118.800000000
38	15.171799846	-4.652662250	118.800000000
39	17.120501920	-3.897732521	118.800000000
40	19.106825321	-3.103598790	118.800000000
41	21.117689979	-2.268246042	118.800000000
42	23.137806857	-1.382801002	118.800000000
43	25.152126274	-0.424210143	118.800000000
1	25.002238602	-0.752215119	121.350000000
2	22.860673807	-1.048057484	121.350000000
3	20.747949173	-1.408599587	121.350000000
4	18.668994713	-1.806097017	121.350000000
5	16.631860820	-2.224903737	121.350000000
6	14.646256137	-2.656128953	121.350000000
7	12.722798871	-3.095221613	121.350000000
8	10.872341512	-3.539529569	121.350000000
9	9.105742190	-3.987658680	121.350000000
10	7.433473154	-4.438083307	121.350000000
11	5.865643124	-4.889417082	121.350000000
12	4.411742960	-5.339619267	121.350000000
13	3.080648417	-5.786171030	121.350000000
14	1.878337601	-6.219971917	121.350000000
15	0.803722936	-6.615783747	121.350000000
16	-0.141608896	-6.959232070	121.350000000
17	-0.951417385	-7.250986389	121.350000000
18	-1.616059821	-7.503187943	121.350000000
19	-2.121984723	-7.735690283	121.350000000
20	-2.441852409	-7.972809549	121.350000000
21	-2.533071699	-8.190269901	121.350000000
22	-2.521981952	-8.269730406	121.350000000
23	-2.491145834	-8.345186129	121.350000000
24	-2.331814811	-8.528782285	121.350000000
25	-1.984816133	-8.737677130	121.350000000
26	-1.451933068	-8.924573785	121.350000000
27	-0.743668261	-9.059173501	121.350000000
28	0.127744383	-9.112497387	121.350000000
29	1.146713162	-9.060789438	121.350000000
30	2.296433139	-8.893097711	121.350000000
31	3.563966951	-8.618017307	121.350000000
32	4.943850495	-8.262791346	121.350000000
33	6.429767427	-7.840946737	121.350000000
34	8.012851265	-7.355783661	121.350000000
35	9.684027939	-6.811360898	121.350000000
36	11.433955720	-6.212215574	121.350000000
37	13.253092415	-5.563456164	121.350000000
38	15.131437275	-4.869866213	121.350000000
39	17.058484338	-4.135591098	121.350000000
40	19.022872238	-3.362843721	121.350000000
41	21.011703943	-2.549560794	121.350000000
42	23.009938684	-1.686895448	121.350000000
43	25.002238602	-0.752215119	121.350000000
1	24.935284082	-1.039556833	123.900000000
2	22.812420518	-1.321650623	123.900000000
3	20.717761147	-1.667885075	123.900000000
4	18.656342439	-2.050829939	123.900000000
5	16.636225914	-2.455047295	123.900000000
6	14.667078028	-2.871792956	123.900000000
7	12.759441924	-3.296621163	123.900000000
8	10.924080119	-3.726957597	123.900000000
9	9.171756691	-4.161486653	123.900000000
10	7.512852542	-4.598754028	123.900000000
11	5.957388406	-5.037444580	123.900000000
12	4.514777032	-5.475593885	123.900000000
13	3.193824075	-5.910759271	123.900000000
14	2.000521464	-6.334021658	123.900000000
15	0.933935111	-6.720394193	123.900000000
16	-0.004303880	-7.055598046	123.900000000
17	-0.808029557	-7.340295502	123.900000000
18	-1.467762127	-7.586545884	123.900000000
19	-1.970195286	-7.814076419	123.900000000
20	-2.288412427	-8.047125195	123.900000000
21	-2.380112977	-8.261974914	123.900000000
22	-2.369610728	-8.340751555	123.900000000
23	-2.339501468	-8.415676529	123.900000000
24	-2.182667116	-8.598411880	123.900000000
25	-1.840016679	-8.807151535	123.900000000
26	-1.313096459	-8.995022312	123.900000000
27	-0.612165576	-9.131944047	123.900000000
28	0.250795031	-9.189143773	123.900000000
29	1.260453776	-9.143037453	123.900000000
30	2.400226206	-8.982747931	123.900000000
31	3.657275601	-8.716794689	123.900000000
32	5.026063881	-8.372152655	123.900000000
33	6.500246853	-7.962101410	123.900000000
34	8.071025476	-7.489864167	123.900000000
35	9.729391424	-6.959416813	123.900000000
36	11.466065124	-6.375196909	123.900000000
37	13.271569142	-5.742219318	123.900000000
38	15.135970612	-5.065166343	123.900000000
39	17.048840319	-4.348088305	123.900000000
40	18.998912597	-3.593119219	123.900000000
41	20.973424495	-2.798153287	123.900000000
42	22.957526747	-1.954359026	123.900000000
43	24.935284082	-1.039556833	123.900000000
1	24.955866656	-1.293656755	126.450000000
2	22.842723026	-1.563312855	126.450000000
3	20.757273678	-1.896824817	126.450000000
4	18.704681501	-2.266964233	126.450000000
5	16.693051948	-2.658435349	126.450000000
6	14.732049727	-3.062603841	126.450000000
7	12.832187195	-3.475109080	126.450000000
8	11.004182513	-3.893442855	126.450000000
9	9.258751194	-4.316361035	126.450000000
10	7.606226974	-4.742473922	126.450000000
11	6.056585256	-5.170531197	126.450000000
12	4.619200769	-5.598635647	126.450000000
13	3.302846740	-6.024409811	126.450000000
14	2.113553649	-6.439078873	126.450000000
15	1.050531324	-6.817794014	126.450000000
16	0.115457591	-7.146301943	126.450000000
17	-0.685550164	-7.425257928	126.450000000
18	-1.343131032	-7.666694529	126.450000000
19	-1.844156827	-7.890309466	126.450000000
20	-2.161987211	-8.120380357	126.450000000
21	-2.254448228	-8.333574006	126.450000000
22	-2.244465624	-8.411998938	126.450000000
23	-2.214950457	-8.486708349	126.450000000
24	-2.059965261	-8.669372440	126.450000000
25	-1.720239685	-8.878888243	126.450000000
26	-1.197070574	-9.068589510	126.450000000
27	-0.500513959	-9.208472996	126.450000000
28	0.357650268	-9.269835397	126.450000000
29	1.362280334	-9.229148024	126.450000000
30	2.496933034	-9.075550079	126.450000000
31	3.748810062	-8.817518691	126.450000000
32	5.112275396	-8.481885296	126.450000000
33	6.580933281	-8.081750081	126.450000000
34	8.146014581	-7.620274458	126.450000000
35	9.798538470	-7.101369596	126.450000000
36	11.529248480	-6.529393725	126.450000000
37	13.328692395	-5.909291746	126.450000000
38	15.186963823	-5.245666667	126.450000000
39	17.093666936	-4.542493581	126.450000000
40	19.037584766	-3.801839606	126.450000000
41	21.006034515	-3.021550413	126.450000000
42	22.984295119	-2.192776251	126.450000000
43	24.955866656	-1.293656755	126.450000000
1	25.057345626	-1.539669073	129.000000000
2	22.945177545	-1.797940738	129.000000000
3	20.860348347	-2.120165575	129.000000000
4	18.808148924	-2.479143053	129.000000000
5	16.796751148	-2.859622269	129.000000000
6	14.835852839	-3.253028946	129.000000000
7	12.935976679	-3.655063066	129.000000000
8	11.107840253	-4.063271150	129.000000000
9	9.362154734	-4.476475474	129.000000000
10	7.709249832	-4.893346375	129.000000000
11	6.159097345	-5.312693973	129.000000000
12	4.721073199	-5.732680655	129.000000000
13	3.403954814	-6.150983637	129.000000000
14	2.213830024	-6.558920997	129.000000000
15	1.150040974	-6.931665039	129.000000000
16	0.214319621	-7.254933662	129.000000000
17	-0.587236181	-7.529386711	129.000000000
18	-1.245339492	-7.767091652	129.000000000
19	-1.746973605	-7.987813634	129.000000000
20	-2.065637304	-8.215971067	129.000000000
21	-2.159140839	-8.428432877	129.000000000
22	-2.149625978	-8.506827616	129.000000000
23	-2.120597926	-8.581636562	129.000000000
24	-1.966906517	-8.765058550	129.000000000
25	-1.628805408	-8.976385263	129.000000000
26	-1.107301306	-9.168915693	129.000000000
27	-0.412280841	-9.312558694	129.000000000
28	0.444625586	-9.378525534	129.000000000
29	1.448391369	-9.343213110	129.000000000
30	2.582628904	-9.195716321	129.000000000
31	3.834511868	-8.944511789	129.000000000
32	5.198281041	-8.616422185	129.000000000
33	6.667464462	-8.224435131	129.000000000
34	8.233286201	-7.771666594	129.000000000
35	9.886755688	-7.261982054	129.000000000
36	11.618601437	-6.699680622	129.000000000
37	13.419357791	-6.089660294	129.000000000
38	15.279103858	-5.436464299	129.000000000
39	17.187433600	-4.744007241	129.000000000
40	19.133130162	-4.014291083	129.000000000
41	21.103532779	-3.245086593	129.000000000
42	23.083976178	-2.427453103	129.000000000
43	25.057345626	-1.539669073	129.000000000
1	25.229474998	-1.780909587	131.550000000
2	23.110385569	-2.029733401	131.550000000
3	21.018437472	-2.342916263	131.550000000
4	18.959042970	-2.693127243	131.550000000
5	16.940455928	-3.065068074	131.550000000
6	14.972436277	-3.450175974	131.550000000
7	13.065552771	-3.844184326	131.550000000
8	11.230561190	-4.244679850	131.550000000
9	9.478207765	-4.650542143	131.550000000
10	7.818856610	-5.060494422	131.550000000
11	6.262512961	-5.473400540	131.550000000
12	4.818588440	-5.887473806	131.550000000
13	3.495896595	-6.300435619	131.550000000
14	2.300599622	-6.703658765	131.550000000
15	1.232162097	-7.072252206	131.550000000
16	0.292376032	-7.391863097	131.550000000
17	-0.512655394	-7.663159613	131.550000000
18	-1.173681178	-7.898281339	131.550000000
19	-1.677743967	-8.117122169	131.550000000
20	-1.998386947	-8.344315074	131.550000000
21	-2.093239208	-8.556867154	131.550000000
22	-2.084129279	-8.635523843	131.550000000
23	-2.055440988	-8.710697517	131.550000000
24	-1.902350276	-8.895465618	131.550000000
25	-1.564465445	-9.109171204	131.550000000
26	-1.042547551	-9.304922452	131.550000000
27	-0.346368166	-9.452447468	131.550000000
28	0.512535412	-9.522786791	131.550000000
29	1.519189380	-9.492198606	131.550000000
30	2.657203125	-9.349711163	131.550000000
31	3.913683299	-9.103833536	131.550000000
32	5.282737054	-8.781465993	131.550000000
33	6.757798252	-8.395531134	131.550000000
34	8.330052709	-7.949113880	131.550000000
35	9.990467831	-7.446050875	131.550000000
36	11.729723589	-6.890599572	131.550000000
37	13.538307067	-6.287632317	131.550000000
38	15.406246684	-5.641650835	131.550000000
39	17.323087841	-4.956525047	131.550000000
40	19.277570749	-4.234197448	131.550000000
41	21.257004452	-3.472346885	131.550000000
42	23.246713421	-2.661887081	131.550000000
43	25.229474998	-1.780909587	131.550000000
1	25.401262041	-1.925499458	133.478550147
2	23.272715179	-2.169418219	133.478550147
3	21.171207499	-2.477930487	133.478550147
4	19.102260859	-2.823631973	133.478550147
5	17.074211144	-3.191194896	133.478550147
6	15.096886833	-3.572065291	133.478550147
7	13.180913294	-3.961994288	133.478550147
8	11.337097101	-4.358591268	133.478550147
9	9.576231790	-4.760767461	133.478550147
10	7.908727532	-5.167276481	133.478550147
11	6.344633346	-5.577011730	133.478550147
12	4.893405023	-5.988215815	133.478550147
13	3.563898726	-6.398634009	133.478550147
14	2.362337614	-6.799654642	133.478550147
15	1.288277903	-7.166323740	133.478550147
16	0.343565427	-7.484234621	133.478550147
17	-0.465679922	-7.754058878	133.478550147
18	-1.130218296	-7.987987656	133.478550147
19	-1.637123124	-8.206006879	133.478550147
20	-1.959975314	-8.432911843	133.478550147
21	-2.056148634	-8.645926845	133.478550147
22	-2.047292331	-8.724942812	133.478550147
23	-2.018723000	-8.800517473	133.478550147
24	-1.865480427	-8.986444409	133.478550147
25	-1.526706715	-9.201840592	133.478550147
26	-1.003101110	-9.399664303	133.478550147
27	-0.304405867	-9.549529851	133.478550147
28	0.557872906	-9.622370065	133.478550147
29	1.568776811	-9.594362652	133.478550147
30	2.711904215	-9.454502194	133.478550147
31	3.974311784	-9.211322585	133.478550147
32	5.350010251	-8.891780667	133.478550147
33	6.832359935	-8.508777051	133.478550147
34	8.412503044	-8.065383014	133.478550147
35	10.081359454	-7.565423361	133.478550147
36	11.829555394	-7.013133611	133.478550147
37	13.647524513	-6.413377709	133.478550147
38	15.525238831	-5.770639857	133.478550147
39	17.452188121	-5.088771702	133.478550147
40	19.417060050	-4.369688942	133.478550147
41	21.407119652	-3.611025670	133.478550147
42	23.407660240	-2.803618440	133.478550147
43	25.401262041	-1.925499458	133.478550147
1	25.590062582	-1.991455922	135.385970696
2	23.450801576	-2.232548059	135.385970696
3	21.338452089	-2.538165884	135.385970696
4	19.258673884	-2.880969231	135.385970696
5	17.219903250	-3.245668089	135.385970696
6	15.232050799	-3.623751476	135.385970696
7	13.305808588	-4.010997999	135.385970696
8	11.452043067	-4.405042844	135.385970696
9	9.681601495	-4.804818619	135.385970696
10	8.004946476	-5.209102172	135.385970696
11	6.432174798	-5.616801954	135.385970696
12	4.972790299	-6.026180266	135.385970696
13	3.635693763	-6.434994739	135.385970696
14	2.427145700	-6.834574709	135.385970696
15	1.346793372	-7.199924757	135.385970696
16	0.396562321	-7.516661862	135.385970696
17	-0.417397024	-7.785486722	135.385970696
18	-1.085848398	-8.018636565	135.385970696
19	-1.595898442	-8.236150921	135.385970696
20	-1.921201786	-8.462933027	135.385970696
21	-2.018841591	-8.676525834	135.385970696
22	-2.010203918	-8.755953317	135.385970696
23	-1.981662769	-8.831954757	135.385970696
24	-1.827890652	-9.018946169	135.385970696
25	-1.487651961	-9.235658546	135.385970696
26	-0.961705370	-9.434951606	135.385970696
27	-0.259812470	-9.586399187	135.385970696
28	0.606528702	-9.660900232	135.385970696
29	1.622375228	-9.634611278	135.385970696
30	2.771329166	-9.496504216	135.385970696
31	4.040406025	-9.255082598	135.385970696
32	5.423521177	-8.937291959	135.385970696
33	6.913978683	-8.556080133	135.385970696
34	8.502875304	-8.114514473	135.385970696
35	10.181080161	-7.616413407	135.385970696
36	11.939160871	-7.065992538	135.385970696
37	13.767491722	-6.468108018	135.385970696
38	15.655984429	-5.827236605	135.385970696
39	17.594069346	-5.147225485	135.385970696
40	19.570378901	-4.429987372	135.385970696
41	21.572136122	-3.673161638	135.385970696
42	23.584609749	-2.867591884	135.385970696
43	25.590062582	-1.991455922	135.385970696
1	25.747655921	-1.954429023	137.251363546
2	23.601181820	-2.193716704	137.251363546
3	21.481448716	-2.497200022	137.251363546
4	19.394249014	-2.837718408	137.251363546
5	17.348107110	-3.200074573	137.251363546
6	15.353001050	-3.575830448	137.251363546
7	13.419672803	-3.960800888	137.251363546
8	11.559032447	-4.352652877	137.251363546
9	9.781962542	-4.750330932	137.251363546
10	8.098961315	-5.152632067	137.251363546
11	6.520154925	-5.558468033	137.251363546
12	5.055078857	-5.966117592	137.251363546
13	3.712661496	-6.373345160	137.251363546
14	2.499151515	-6.771326959	137.251363546
15	1.414282722	-7.135091640	137.251363546
16	0.460090141	-7.450416275	137.251363546
17	-0.357239204	-7.718074695	137.251363546
18	-1.028477885	-7.950340965	137.251363546
19	-1.540780297	-8.167251123	137.251363546
20	-1.867910455	-8.393726940	137.251363546
21	-1.966692153	-8.607631087	137.251363546
22	-1.958217574	-8.687341176	137.251363546
23	-1.929656794	-8.763613449	137.251363546
24	-1.775356683	-8.951173071	137.251363546
25	-1.433935640	-9.168456255	137.251363546
26	-0.906282209	-9.368377402	137.251363546
27	-0.202185024	-9.520614595	137.251363546
28	0.666886519	-9.596167880	137.251363546
29	1.686052156	-9.571246913	137.251363546
30	2.838963003	-9.434761342	137.251363546
31	4.112601238	-9.195021135	137.251363546
32	5.500776484	-8.878810849	137.251363546
33	6.996781955	-8.499263827	137.251363546
34	8.591685016	-8.059445727	137.251363546
35	10.276319779	-7.563164899	137.251363546
36	12.041209818	-7.014607091	137.251363546
37	13.876685129	-6.418610376	137.251363546
38	15.772616222	-5.779646056	137.251363546
39	17.718394747	-5.101563508	137.251363546
40	19.702620160	-4.386287294	137.251363546
41	21.712501220	-3.631502420	137.251363546
42	23.733313388	-2.828127530	137.251363546
43	25.747655921	-1.954429023	137.251363546
1	25.799769644	-1.825350982	139.054291065
2	23.656438088	-2.061940865	139.054291065
3	21.539642404	-2.362343752	139.054291065
4	19.455238975	-2.699599546	139.054291065
5	17.411775459	-3.058607528	139.054291065
6	15.419237984	-3.431010921	139.054291065
7	13.488361419	-3.812662392	139.054291065
8	11.630045828	-4.201266222	139.054291065
9	9.855154731	-4.595768937	139.054291065
10	8.174170823	-4.994984668	139.054291065
11	6.597198116	-5.397815402	139.054291065
12	5.133755882	-5.802552347	139.054291065
13	3.792752949	-6.206959667	139.054291065
14	2.580336798	-6.601929950	139.054291065
15	1.496314075	-6.962639085	139.054291065
16	0.542865036	-7.275249288	139.054291065
17	-0.273789516	-7.540685284	139.054291065
18	-0.944456619	-7.771236952	139.054291065
19	-1.456380552	-7.986830732	139.054291065
20	-1.783512186	-8.212235666	139.054291065
21	-1.882680186	-8.425551722	139.054291065
22	-1.874301281	-8.505142056	139.054291065
23	-1.845810170	-8.581293351	139.054291065
24	-1.691673868	-8.768453560	139.054291065
25	-1.350701277	-8.985180994	139.054291065
26	-0.823895720	-9.184678333	139.054291065
27	-0.121029234	-9.336908312	139.054291065
28	0.746518399	-9.413141702	139.054291065
29	1.764012723	-9.389738388	139.054291065
30	2.915228741	-9.255512101	139.054291065
31	4.187144802	-9.018397320	139.054291065
32	5.573466763	-8.704816506	139.054291065
33	7.067545119	-8.328212686	139.054291065
34	8.660463896	-7.891649956	139.054291065
35	10.343069000	-7.398916420	139.054291065
36	12.105886724	-6.854148865	139.054291065
37	13.939249999	-6.262142341	139.054291065
38	15.833039897	-5.627347072	139.054291065
39	17.776662068	-4.953597100	139.054291065
40	19.758735931	-4.242810311	139.054291065
41	21.766511251	-3.492707918	139.054291065
42	23.785322073	-2.694270452	139.054291065
43	25.799769644	-1.825350982	139.054291065
1	25.675336689	-1.639098687	140.775000000
2	23.552407961	-1.870673672	140.775000000
3	21.455702218	-2.165539949	140.775000000
4	19.391050552	-2.497018204	140.775000000
5	17.366926570	-2.850126866	140.775000000
6	15.393229991	-3.216608838	140.775000000
7	13.480595449	-3.592362011	140.775000000
8	11.639823269	-3.975136815	140.775000000
9	9.881668467	-4.363875592	140.775000000
10	8.216513264	-4.757410269	140.775000000
11	6.654356037	-5.154625290	140.775000000
12	5.204621631	-5.553825282	140.775000000
13	3.876123465	-5.952771963	140.775000000
14	2.674801451	-6.341975932	140.775000000
15	1.600522478	-6.696959036	140.775000000
16	0.655632635	-7.004515211	140.775000000
17	-0.153639221	-7.265788709	140.775000000
18	-0.818189203	-7.493028772	140.775000000
19	-1.325430071	-7.705893793	140.775000000
20	-1.649636628	-7.928770279	140.775000000
21	-1.747990121	-8.139943932	140.775000000
22	-1.739689266	-8.218763181	140.775000000
23	-1.711444566	-8.294150738	140.775000000
24	-1.558697677	-8.479358124	140.775000000
25	-1.220979739	-8.693788910	140.775000000
26	-0.699358048	-8.891310262	140.775000000
27	-0.003499504	-9.042434995	140.775000000
28	0.855411012	-9.118957169	140.775000000
29	1.862919746	-9.097547634	140.775000000
30	3.003051870	-8.966911295	140.775000000
31	4.262847338	-8.734387072	140.775000000
32	5.635921744	-8.425743487	140.775000000
33	7.115770383	-8.054823614	140.775000000
34	8.693567678	-7.624678631	140.775000000
35	10.360246438	-7.139051345	140.775000000
36	12.106412100	-6.601995253	140.775000000
37	13.922478846	-6.018222305	140.775000000
38	15.798422440	-5.392130560	140.775000000
39	17.723749914	-4.727508855	140.775000000
40	19.687190798	-4.026241304	140.775000000
41	21.676131593	-3.286073192	140.775000000
42	23.676061896	-2.498041292	140.775000000
43	25.675336689	-1.639098687	140.775000000
1	25.319911809	-1.433894814	142.394637905
2	23.240635958	-1.658026822	142.394637905
3	21.186954025	-1.944119259	142.394637905
4	19.164636030	-2.266187053	142.394637905
5	17.181995234	-2.609559750	142.394637905
6	15.248740767	-2.966186775	142.394637905
7	13.375293335	-3.332063542	142.394637905
8	11.572237838	-3.705016387	142.394637905
9	9.850104031	-4.083990175	142.394637905
10	8.219061196	-4.467842831	142.394637905
11	6.688892624	-4.855442601	142.394637905
12	5.268825931	-5.245117073	142.394637905
13	3.967480252	-5.634631827	142.394637905
14	2.790481569	-6.014086309	142.394637905
15	1.737754728	-6.359628020	142.394637905
16	0.811809035	-6.658911148	142.394637905
17	0.018827142	-6.913331504	142.394637905
18	-0.632262222	-7.134991191	142.394637905
19	-1.129156348	-7.343071619	142.394637905
20	-1.446657096	-7.561308253	142.394637905
21	-1.542717752	-7.768209663	142.394637905
22	-1.534444055	-7.845379419	142.394637905
23	-1.506659022	-7.919139303	142.394637905
24	-1.356855931	-8.100263514	142.394637905
25	-1.026053079	-8.309967528	142.394637905
26	-0.515338418	-8.503327333	142.394637905
27	0.165850413	-8.651769867	142.394637905
28	1.006668717	-8.727947469	142.394637905
29	1.993126246	-8.709065324	142.394637905
30	3.109675505	-8.583736750	142.394637905
31	4.343526091	-8.358473150	142.394637905
32	5.688234815	-8.058019496	142.394637905
33	7.137541891	-7.696651327	142.394637905
34	8.682810106	-7.277387548	142.394637905
35	10.315158052	-6.803886745	142.394637905
36	12.025372127	-6.280073208	142.394637905
37	13.804051578	-5.710521520	142.394637905
38	15.641378117	-5.099535290	142.394637905
39	17.527077437	-4.450825104	142.394637905
40	19.450116121	-3.766234066	142.394637905
41	21.398161916	-3.043582394	142.394637905
42	23.357028246	-2.274103507	142.394637905
43	25.319911809	-1.433894814	142.394637905
1	24.691929096	-1.240343596	143.895459687
2	22.684360838	-1.455350541	143.895459687
3	20.701247256	-1.729487118	143.895459687
4	18.748307989	-2.038166246	143.895459687
5	16.833632232	-2.367413704	143.895459687
6	14.966632563	-2.709585162	143.895459687
7	13.157387652	-3.060866788	143.895459687
8	11.416130460	-3.419204220	143.895459687
9	9.753026363	-3.783558579	143.895459687
10	8.177895933	-4.152823485	143.895459687
11	6.700176431	-4.525859503	143.895459687
12	5.328774459	-4.901033101	143.895459687
13	4.071996090	-5.276127712	143.895459687
14	2.935041876	-5.640848226	143.895459687
15	1.917903784	-5.972324293	143.895459687
16	1.023242450	-6.259309277	143.895459687
17	0.257124941	-6.503476496	143.895459687
18	-0.371804595	-6.716647015	143.895459687
19	-0.851679303	-6.917277023	143.895459687
20	-1.158119355	-7.128130671	143.895459687
21	-1.250344371	-7.328114109	143.895459687
22	-1.242120414	-7.402594464	143.895459687
23	-1.215102530	-7.473725896	143.895459687
24	-1.070182109	-7.648331030	143.895459687
25	-0.750692996	-7.850550304	143.895459687
26	-0.257690389	-8.037274358	143.895459687
27	0.399761682	-8.181226650	143.895459687
28	1.211316423	-8.256275420	143.895459687
29	2.163642394	-8.240423921	143.895459687
30	3.241819144	-8.122265908	143.895459687
31	4.433367806	-7.907299103	143.895459687
32	5.731836601	-7.618831823	143.895459687
33	7.131306883	-7.271500464	143.895459687
34	8.623443735	-6.868267557	143.895459687
35	10.199666912	-6.412660675	143.895459687
36	11.851065355	-5.908428199	143.895459687
37	13.568548852	-5.359954331	143.895459687
38	15.342640366	-4.771412011	143.895459687
39	17.163429911	-4.146419504	143.895459687
40	19.020284500	-3.486818617	143.895459687
41	20.901347002	-2.790652003	143.895459687
42	22.792996124	-2.049680708	143.895459687
43	24.691929096	-1.240343596	143.895459687
1	23.773369954	-1.080178662	145.261022030
2	21.867114158	-1.284385191	145.261022030
3	19.983706215	-1.543500912	145.261022030
4	18.128784520	-1.834938203	145.261022030
5	16.310126335	-2.145762461	145.261022030
6	14.536725632	-2.468918268	145.261022030
7	12.818179833	-2.800874313	145.261022030
8	11.164224059	-3.139740583	145.261022030
9	9.584513076	-3.484517422	145.261022030
10	8.088375902	-3.834150648	145.261022030
11	6.684766934	-4.187511290	145.261022030
12	5.382142099	-4.543027793	145.261022030
13	4.188369887	-4.898520956	145.261022030
14	3.108134646	-5.243404719	145.261022030
15	2.141505651	-5.556172406	145.261022030
16	1.291252410	-5.826843879	145.261022030
17	0.563238478	-6.057350099	145.261022030
18	-0.034296133	-6.259069094	145.261022030
19	-0.490077172	-6.449478815	145.261022030
20	-0.780838827	-6.650067215	145.261022030
21	-0.867616808	-6.840324927	145.261022030
22	-0.859475883	-6.911020461	145.261022030
23	-0.833562329	-6.978466057	145.261022030
24	-0.695563392	-7.143952785	145.261022030
25	-0.392007366	-7.335690611	145.261022030
26	0.076127765	-7.512999039	145.261022030
27	0.700284955	-7.650293016	145.261022030
28	1.470764267	-7.723029917	145.261022030
29	2.375083306	-7.710315473	145.261022030
30	3.399159945	-7.600864982	145.261022030
31	4.531002448	-7.399057555	145.261022030
32	5.764231401	-7.126368870	145.261022030
33	7.093362510	-6.797635996	145.261022030
34	8.510488756	-6.415747697	145.261022030
35	10.007455881	-5.984051300	145.261022030
36	11.575786666	-5.506071510	145.261022030
37	13.206834553	-4.985941298	145.261022030
38	14.891604304	-4.427651804	145.261022030
39	16.620698492	-3.834692490	145.261022030
40	18.384047968	-3.208913602	145.261022030
41	20.170459153	-2.548680579	145.261022030
42	21.967104792	-1.846542129	145.261022030
43	23.773369954	-1.080178662	145.261022030
1	22.610303750	-0.963266587	146.476363546
2	20.829613816	-1.153577997	146.476363546
3	19.070079205	-1.394567032	146.476363546
4	17.337111934	-1.665690089	146.476363546
5	15.638004218	-1.954947636	146.476363546
6	13.981177944	-2.255823475	146.476363546
7	12.375608476	-2.565050421	146.476363546
8	10.830399666	-2.880896815	146.476363546
9	9.354569465	-3.202409109	146.476363546
10	7.956834013	-3.528595140	146.476363546
11	6.645550844	-3.858357249	146.476363546
12	5.428616576	-4.190208088	146.476363546
13	4.313358371	-4.522027329	146.476363546
14	3.303896680	-4.843122067	146.476363546
15	2.400381216	-5.133664899	146.476363546
16	1.605625321	-5.385000276	146.476363546
17	0.925202908	-5.599256587	146.476363546
18	0.366845474	-5.787207367	146.476363546
19	-0.058901162	-5.965131758	146.476363546
20	-0.330177858	-6.152969782	146.476363546
21	-0.410371095	-6.331064451	146.476363546
22	-0.402383657	-6.397058467	146.476363546
23	-0.377908396	-6.459940120	146.476363546
24	-0.248648755	-6.614177136	146.476363546
25	0.035011832	-6.792972510	146.476363546
26	0.472193789	-6.958572185	146.476363546
27	1.054959094	-7.087368935	146.476363546
28	1.774365748	-7.156691000	146.476363546
29	2.618920538	-7.147010345	146.476363546
30	3.575551023	-7.047351580	146.476363546
31	4.632923434	-6.861004409	146.476363546
32	5.784828021	-6.607348152	146.476363546
33	7.026270139	-6.301144990	146.476363546
34	8.349877539	-5.945193208	146.476363546
35	9.748028032	-5.542617033	146.476363546
36	11.212791591	-5.096682174	146.476363546
37	12.736079402	-4.611220346	146.476363546
38	14.309495411	-4.089987183	146.476363546
39	15.924272894	-3.536279274	146.476363546
40	17.571025632	-2.951882151	146.476363546
41	19.239337605	-2.335383517	146.476363546
42	20.917276386	-1.679966053	146.476363546
43	22.610303750	-0.963266587	146.476363546
1	21.312779068	-0.890080356	147.528168700
2	19.670072413	-1.061216062	147.528168700
3	18.047338407	-1.280992171	147.528168700
4	16.449415274	-1.529862264	147.528168700
5	14.882863005	-1.796096681	147.528168700
6	13.355369116	-2.073378557	147.528168700
7	11.875172749	-2.358547611	147.528168700
8	10.450655980	-2.649958121	147.528168700
9	9.090124378	-2.946683153	147.528168700
10	7.801611357	-3.247786789	147.528168700
11	6.592814540	-3.552214918	147.528168700
12	5.471010718	-3.858575764	147.528168700
13	4.442929061	-4.164823557	147.528168700
14	3.512134716	-4.460380737	147.528168700
15	2.678846907	-4.727250604	147.528168700
16	1.945849540	-4.958029462	147.528168700
17	1.318364580	-5.154956777	147.528168700
18	0.803554634	-5.328086407	147.528168700
19	0.411163471	-5.492379225	147.528168700
20	0.161472112	-5.666098377	147.528168700
21	0.088418574	-5.830653006	147.528168700
22	0.096128393	-5.891452601	147.528168700
23	0.118935708	-5.949303400	147.528168700
24	0.238407734	-6.091157278	147.528168700
25	0.499962012	-6.255700025	147.528168700
26	0.902831299	-6.408351891	147.528168700
27	1.439752892	-6.527609991	147.528168700
28	2.102592416	-6.592801841	147.528168700
29	2.880906653	-6.585926867	147.528168700
30	3.762725976	-6.496499422	147.528168700
31	4.737497324	-6.326861375	147.528168700
32	5.799269375	-6.094238164	147.528168700
33	6.943543480	-5.813019787	147.528168700
34	8.163543419	-5.485903489	147.528168700
35	9.452240036	-5.115768412	147.528168700
36	10.802315902	-4.705605328	147.528168700
37	12.206303021	-4.258911729	147.528168700
38	13.656462517	-3.779148621	147.528168700
39	15.144705305	-3.269312483	147.528168700
40	16.662353622	-2.730926476	147.528168700
41	18.199747738	-2.162414806	147.528168700
42	19.745744318	-1.556870455	147.528168700
43	21.312779068	-0.890080356	147.528168700
1	20.026850405	-0.851591966	148.404913694
2	18.519938922	-0.999633766	148.404913694
3	17.032450611	-1.196742613	148.404913694
4	15.568367423	-1.423219472	148.404913694
5	14.133347041	-1.666903197	148.404913694
6	12.734258079	-1.921313089	148.404913694
7	11.378567055	-2.183225980	148.404913694
8	10.073920292	-2.451001117	148.404913694
9	8.827910434	-2.723714199	148.404913694
10	7.647890693	-3.000473671	148.404913694
11	6.540905019	-3.280273194	148.404913694
12	5.513615231	-3.561815260	148.404913694
13	4.572159659	-3.843136313	148.404913694
14	3.719609964	-4.113965419	148.404913694
15	2.956233033	-4.358075300	148.404913694
16	2.284722815	-4.569131885	148.404913694
17	1.709927058	-4.749396240	148.404913694
18	1.238437825	-4.908162468	148.404913694
19	0.879203674	-5.059083602	148.404913694
20	0.650904854	-5.218769172	148.404913694
21	0.584746666	-5.369811443	148.404913694
22	0.592034147	-5.425484415	148.404913694
23	0.613126875	-5.478362075	148.404913694
24	0.722804134	-5.607982641	148.404913694
25	0.962371695	-5.758436476	148.404913694
26	1.331161813	-5.898267834	148.404913694
27	1.822578129	-6.008012398	148.404913694
28	2.429270869	-6.068939762	148.404913694
29	3.141813996	-6.064582910	148.404913694
30	3.949328974	-5.985052807	148.404913694
31	4.842079952	-5.831938886	148.404913694
32	5.814426406	-5.620464175	148.404913694
33	6.862323621	-5.364424233	148.404913694
34	7.979587742	-5.066405041	148.404913694
35	9.159779251	-4.729037011	148.404913694
36	10.396190629	-4.355036983	148.404913694
37	11.681968828	-3.947560032	148.404913694
38	13.010016785	-3.509733233	148.404913694
39	14.372895045	-3.044168280	148.404913694
40	15.762581847	-2.551947382	148.404913694
41	17.170071242	-2.030958803	148.404913694
42	18.584820619	-1.473492472	148.404913694
43	20.026850405	-0.851591966	148.404913694
1	18.884855372	-0.835566365	149.096992726
2	17.498486407	-0.961296957	149.096992726
3	16.131309991	-1.137484821	149.096992726
4	14.786414733	-1.343780342	149.096992726
5	13.468588450	-1.567382186	149.096992726
6	12.183935792	-1.801528228	149.096992726
7	10.939218700	-2.042875184	149.096992726
8	9.741420155	-2.289754713	149.096992726
9	8.597495296	-2.541236000	149.096992726
10	7.514190171	-2.796462150	149.096992726
11	6.497967036	-3.054472017	149.096992726
12	5.554939868	-3.314051409	149.096992726
13	4.690722902	-3.573317125	149.096992726
14	3.907987594	-3.822400397	149.096992726
15	3.207027503	-4.046606232	149.096992726
16	2.590418238	-4.240441348	149.096992726
17	2.062658098	-4.406129534	149.096992726
18	1.629826159	-4.552260368	149.096992726
19	1.300161894	-4.691324565	149.096992726
20	1.090898881	-4.838470473	149.096992726
21	1.030759171	-4.977418901	149.096992726
22	1.037682638	-5.028488498	149.096992726
23	1.057201884	-5.076953416	149.096992726
24	1.158088420	-5.195728733	149.096992726
25	1.378032848	-5.333690564	149.096992726
26	1.716448504	-5.462144765	149.096992726
27	2.167329627	-5.563406654	149.096992726
28	2.724013578	-5.620444179	149.096992726
29	3.377962538	-5.618163077	149.096992726
30	4.119265094	-5.547274808	149.096992726
31	4.938938661	-5.408819962	149.096992726
32	5.831656261	-5.216334250	149.096992726
33	6.793751073	-4.982932364	149.096992726
34	7.819565019	-4.711087163	149.096992726
35	8.903183220	-4.403201741	149.096992726
36	10.038441459	-4.061746371	149.096992726
37	11.219033208	-3.689565091	149.096992726
38	12.438426994	-3.289466331	149.096992726
39	13.689751118	-2.863681660	149.096992726
40	14.965548119	-2.412829645	149.096992726
41	16.257355574	-1.934180650	149.096992726
42	17.555096618	-1.419051016	149.096992726
43	18.884855372	-0.835566365	149.096992726
1	17.992569777	-0.831043582	149.596823234
2	16.700762139	-0.939668127	149.596823234
3	15.427916152	-1.099627746	149.596823234
4	14.176433429	-1.290121410	149.596823234
5	12.950440477	-1.497933911	149.596823234
6	11.755453008	-1.716123577	149.596823234
7	10.597685385	-1.941272200	149.596823234
8	9.483602194	-2.171695350	149.596823234
9	8.419660115	-2.406462163	149.596823234
10	7.412129596	-2.644743616	149.596823234
11	6.467017858	-2.885617154	149.596823234
12	5.590009817	-3.127934240	149.596823234
13	4.786311097	-3.369880967	149.596823234
14	4.058303740	-3.601978830	149.596823234
15	3.406293588	-3.810702815	149.596823234
16	2.832742776	-3.991154941	149.596823234
17	2.341866596	-4.145498643	149.596823234
18	1.939338453	-4.281757194	149.596823234
19	1.632839751	-4.411513365	149.596823234
20	1.438455740	-4.548780377	149.596823234
21	1.382933796	-4.678211624	149.596823234
22	1.389534075	-4.725693050	149.596823234
23	1.407793321	-4.770714229	149.596823234
24	1.501758032	-4.881031249	149.596823234
25	1.706320003	-5.009244959	149.596823234
26	2.020952964	-5.128802111	149.596823234
27	2.440108515	-5.223386584	149.596823234
28	2.957652008	-5.277273334	149.596823234
29	3.565726706	-5.276443796	149.596823234
30	4.255171631	-5.212117881	149.596823234
31	5.017606186	-5.084977116	149.596823234
32	5.847971969	-4.907297978	149.596823234
33	6.742884311	-4.691575199	149.596823234
34	7.697094642	-4.440181975	149.596823234
35	8.705098283	-4.155340485	149.596823234
36	9.761156287	-3.839327286	149.596823234
37	10.859390081	-3.494743133	149.596823234
38	11.993709955	-3.124144900	149.596823234
39	13.157688701	-2.729469944	149.596823234
40	14.344313254	-2.310989554	149.596823234
41	15.545554197	-1.865529337	149.596823234
42	16.751718333	-1.383732173	149.596823234
43	17.992569777	-0.831043582	149.596823234
1	17.232040454	-0.830998005	150.000000000
2	16.021300391	-0.926267638	150.000000000
3	14.829150023	-1.072924388	150.000000000
4	13.657478344	-1.250079511	150.000000000
5	12.509900307	-1.444379335	150.000000000
6	11.391455216	-1.648835412	150.000000000
7	10.307902225	-1.860015452	150.000000000
8	9.265268351	-2.076241847	150.000000000
9	8.269586858	-2.296593207	150.000000000
10	7.326722908	-2.520268129	150.000000000
11	6.442295914	-2.746380402	150.000000000
12	5.621624773	-2.973838917	150.000000000
13	4.869568040	-3.200894896	150.000000000
14	4.188276818	-3.418450675	150.000000000
15	3.578062792	-3.613959165	150.000000000
16	3.041279240	-3.782992584	150.000000000
17	2.581894134	-3.927644617	150.000000000
18	2.205231661	-4.055447821	150.000000000
19	1.918494848	-4.177214478	150.000000000
20	1.736781015	-4.305999025	150.000000000
21	1.685141527	-4.427278719	150.000000000
22	1.691423826	-4.471708562	150.000000000
23	1.708590386	-4.513800151	150.000000000
24	1.796626376	-4.616925204	150.000000000
25	1.988059845	-4.736842641	150.000000000
26	2.282414473	-4.848805470	150.000000000
27	2.674526715	-4.937645224	150.000000000
28	3.158703339	-4.988733924	150.000000000
29	3.727656242	-4.988968169	150.000000000
30	4.372856948	-4.930024870	150.000000000
31	5.086444098	-4.812324879	150.000000000
32	5.863604057	-4.647113514	150.000000000
33	6.701185493	-4.446302004	150.000000000
34	7.594287196	-4.212170070	150.000000000
35	8.537753977	-3.946784584	150.000000000
36	9.526209754	-3.652257937	150.000000000
37	10.554142022	-3.330987543	150.000000000
38	11.615839246	-2.985322099	150.000000000
39	12.705258141	-2.616968263	150.000000000
40	13.815776539	-2.225950264	150.000000000
41	14.939759810	-1.808819918	150.000000000
42	16.067894493	-1.355860762	150.000000000
43	17.232040454	-0.830998005	150.000000000
