######## Panel parameters ########
type=propeller
n_blades=1

rotation_center=[0, 0, 0]
rotation_axis=[0, -1, 0]
n_span_all= 64
n_points=45
######## End of parameters ########
1	0.018852820	0.014196865	0.026000000
2	0.016879534	0.012798238	0.026000000
3	0.014783158	0.011607118	0.026000000
4	0.012675766	0.010496734	0.026000000
5	0.010586970	0.009436747	0.026000000
6	0.008538258	0.008408525	0.026000000
7	0.006550068	0.007395634	0.026000000
8	0.004643375	0.006381906	0.026000000
9	0.002842543	0.005347846	0.026000000
10	0.001179107	0.004267945	0.026000000
11	-0.000325291	0.003140723	0.026000000
12	-0.001658752	0.001981424	0.026000000
13	-0.002807115	0.000803599	0.026000000
14	-0.003765220	-0.000369538	0.026000000
15	-0.004531806	-0.001512996	0.026000000
16	-0.005107520	-0.002601738	0.026000000
17	-0.005497614	-0.003608880	0.026000000
18	-0.005680787	-0.004513022	0.026000000
19	-0.005655852	-0.005273087	0.026000000
20	-0.005490892	-0.005845717	0.026000000
21	-0.005293867	-0.006225891	0.026000000
22	-0.005143184	-0.006435311	0.026000000
23	-0.005087864	-0.006501404	0.026000000
24	-0.005029525	-0.006566845	0.026000000
25	-0.004840351	-0.006748711	0.026000000
26	-0.004488333	-0.007005627	0.026000000
27	-0.003948612	-0.007282877	0.026000000
28	-0.003204627	-0.007496803	0.026000000
29	-0.002268036	-0.007554974	0.026000000
30	-0.001176284	-0.007433351	0.026000000
31	0.000039101	-0.007130252	0.026000000
32	0.001348993	-0.006635558	0.026000000
33	0.002722319	-0.005937433	0.026000000
34	0.004132415	-0.005036736	0.026000000
35	0.005558167	-0.003942577	0.026000000
36	0.006978475	-0.002662215	0.026000000
37	0.008381548	-0.001212682	0.026000000
38	0.009755876	0.000391312	0.026000000
39	0.011101148	0.002127637	0.026000000
40	0.012427816	0.003969149	0.026000000
41	0.013740614	0.005896204	0.026000000
42	0.015058139	0.007881768	0.026000000
43	0.016374778	0.009917366	0.026000000
44	0.017671640	0.012005695	0.026000000
45	0.018852820	0.014196865	0.026000000
1	0.019817526	0.013680849	0.028310909
2	0.017767484	0.012375396	0.028310909
3	0.015629720	0.011241534	0.028310909
4	0.013490760	0.010173110	0.028310909
5	0.011382301	0.009132249	0.028310909
6	0.009326325	0.008098506	0.028310909
7	0.007338460	0.007065654	0.028310909
8	0.005432187	0.006032905	0.028310909
9	0.003622756	0.004997076	0.028310909
10	0.001945816	0.003923350	0.028310909
11	0.000415748	0.002818105	0.028310909
12	-0.000960778	0.001698770	0.028310909
13	-0.002177375	0.000581559	0.028310909
14	-0.003221180	-0.000524594	0.028310909
15	-0.004085969	-0.001602959	0.028310909
16	-0.004768905	-0.002633885	0.028310909
17	-0.005266894	-0.003597362	0.028310909
18	-0.005569537	-0.004473167	0.028310909
19	-0.005664657	-0.005231002	0.028310909
20	-0.005590510	-0.005824434	0.028310909
21	-0.005446816	-0.006229458	0.028310909
22	-0.005312615	-0.006450732	0.028310909
23	-0.005260210	-0.006519583	0.028310909
24	-0.005203003	-0.006587285	0.028310909
25	-0.005010454	-0.006769614	0.028310909
26	-0.004639415	-0.007006755	0.028310909
27	-0.004073870	-0.007244444	0.028310909
28	-0.003309499	-0.007415193	0.028310909
29	-0.002361103	-0.007460067	0.028310909
30	-0.001254929	-0.007356778	0.028310909
31	-0.000016206	-0.007092147	0.028310909
32	0.001329096	-0.006650805	0.028310909
33	0.002752709	-0.006018430	0.028310909
34	0.004222777	-0.005181311	0.028310909
35	0.005714931	-0.004144030	0.028310909
36	0.007212372	-0.002921043	0.028310909
37	0.008693029	-0.001518220	0.028310909
38	0.010137679	0.000054584	0.028310909
39	0.011542636	0.001774511	0.028310909
40	0.012938788	0.003595799	0.028310909
41	0.014322334	0.005504682	0.028310909
42	0.015712510	0.007472369	0.028310909
43	0.017117270	0.009480436	0.028310909
44	0.018517224	0.011532250	0.028310909
45	0.019817526	0.013680849	0.028310909
1	0.020729397	0.013246178	0.030621818
2	0.018617343	0.011997024	0.030621818
3	0.016437526	0.010896922	0.030621818
4	0.014264294	0.009848595	0.030621818
5	0.012127859	0.008815253	0.030621818
6	0.010049172	0.007778789	0.030621818
7	0.008042315	0.006736837	0.030621818
8	0.006117829	0.005694866	0.030621818
9	0.004288020	0.004655045	0.030621818
10	0.002584746	0.003587734	0.030621818
11	0.001020680	0.002499565	0.030621818
12	-0.000400353	0.001409466	0.030621818
13	-0.001674749	0.000334168	0.030621818
14	-0.002791250	-0.000719748	0.030621818
15	-0.003741264	-0.001741870	0.030621818
16	-0.004517389	-0.002719662	0.030621818
17	-0.005111769	-0.003639178	0.030621818
18	-0.005512555	-0.004484545	0.030621818
19	-0.005705074	-0.005231320	0.030621818
20	-0.005707879	-0.005834808	0.030621818
21	-0.005605140	-0.006255993	0.030621818
22	-0.005484410	-0.006487445	0.030621818
23	-0.005434071	-0.006558813	0.030621818
24	-0.005377661	-0.006628617	0.030621818
25	-0.005182061	-0.006812375	0.030621818
26	-0.004798174	-0.007038870	0.030621818
27	-0.004214257	-0.007250711	0.030621818
28	-0.003433509	-0.007391492	0.030621818
29	-0.002472278	-0.007422631	0.030621818
30	-0.001351626	-0.007322041	0.030621818
31	-0.000093334	-0.007072665	0.030621818
32	0.001279011	-0.006657417	0.030621818
33	0.002738604	-0.006059095	0.030621818
34	0.004255165	-0.005262341	0.030621818
35	0.005804238	-0.004268962	0.030621818
36	0.007367149	-0.003089860	0.030621818
37	0.008918577	-0.001726469	0.030621818
38	0.010433843	-0.000183657	0.030621818
39	0.011907368	0.001515129	0.030621818
40	0.013371682	0.003319521	0.030621818
41	0.014832249	0.005207828	0.030621818
42	0.016310475	0.007148340	0.030621818
43	0.017813037	0.009122534	0.030621818
44	0.019317807	0.011136113	0.030621818
45	0.020729397	0.013246178	0.030621818
1	0.021643435	0.012916463	0.032932727
2	0.019472210	0.011699849	0.032932727
3	0.017249382	0.010609864	0.032932727
4	0.015039360	0.009559602	0.032932727
5	0.012870145	0.008516457	0.032932727
6	0.010759517	0.007469525	0.032932727
7	0.008720397	0.006419321	0.032932727
8	0.006764872	0.005368689	0.032932727
9	0.004906363	0.004318150	0.032932727
10	0.003168822	0.003251175	0.032932727
11	0.001563635	0.002174563	0.032932727
12	0.000094508	0.001105752	0.032932727
13	-0.001235715	0.000060961	0.032932727
14	-0.002419358	-0.000951388	0.032932727
15	-0.003447148	-0.001924821	0.032932727
16	-0.004308585	-0.002853129	0.032932727
17	-0.004991853	-0.003728841	0.032932727
18	-0.005482790	-0.004541185	0.032932727
19	-0.005764916	-0.005271038	0.032932727
20	-0.005841453	-0.005878247	0.032932727
21	-0.005775618	-0.006312628	0.032932727
22	-0.005667065	-0.006554035	0.032932727
23	-0.005618455	-0.006628087	0.032932727
24	-0.005562460	-0.006700005	0.032932727
25	-0.005363281	-0.006885926	0.032932727
26	-0.004969240	-0.007108604	0.032932727
27	-0.004370172	-0.007306313	0.032932727
28	-0.003573583	-0.007428300	0.032932727
29	-0.002596802	-0.007444642	0.032932727
30	-0.001459420	-0.007332929	0.032932727
31	-0.000182204	-0.007075337	0.032932727
32	0.001212788	-0.006657076	0.032932727
33	0.002701551	-0.006064639	0.032932727
34	0.004258106	-0.005286737	0.032932727
35	0.005859041	-0.004322051	0.032932727
36	0.007482741	-0.003174085	0.032932727
37	0.009102597	-0.001841168	0.032932727
38	0.010691142	-0.000324410	0.032932727
39	0.012240080	0.001354167	0.032932727
40	0.013777197	0.003145235	0.032932727
41	0.015323256	0.005012978	0.032932727
42	0.016899283	0.006924439	0.032932727
43	0.018506452	0.008864377	0.032932727
44	0.020119231	0.010841694	0.032932727
45	0.021643435	0.012916463	0.032932727
1	0.022558042	0.012677921	0.035243636
2	0.020327768	0.011475831	0.035243636
3	0.018059731	0.010378208	0.035243636
4	0.015809864	0.009309515	0.035243636
5	0.013603365	0.008243521	0.035243636
6	0.011453800	0.007178818	0.035243636
7	0.009372584	0.006119324	0.035243636
8	0.007375519	0.005060767	0.035243636
9	0.005480995	0.003995027	0.035243636
10	0.003702812	0.002923371	0.035243636
11	0.002050620	0.001854104	0.035243636
12	0.000530031	0.000800623	0.035243636
13	-0.000855308	-0.000222660	0.035243636
14	-0.002101430	-0.001203645	0.035243636
15	-0.003199582	-0.002137347	0.035243636
16	-0.004137635	-0.003022228	0.035243636
17	-0.004901197	-0.003856631	0.035243636
18	-0.005473958	-0.004635237	0.035243636
19	-0.005838140	-0.005344095	0.035243636
20	-0.005985758	-0.005949424	0.035243636
21	-0.005954388	-0.006395064	0.035243636
22	-0.005857338	-0.006646429	0.035243636
23	-0.005810179	-0.006723297	0.035243636
24	-0.005754256	-0.006797313	0.035243636
25	-0.005550924	-0.006985795	0.035243636
26	-0.005147819	-0.007208735	0.035243636
27	-0.004534652	-0.007399257	0.035243636
28	-0.003721627	-0.007508253	0.035243636
29	-0.002727242	-0.007506534	0.035243636
30	-0.001571818	-0.007371424	0.035243636
31	-0.000276434	-0.007086898	0.035243636
32	0.001138077	-0.006643208	0.035243636
33	0.002651402	-0.006034673	0.035243636
34	0.004243419	-0.005257933	0.035243636
35	0.005892023	-0.004308197	0.035243636
36	0.007572173	-0.003179382	0.035243636
37	0.009257824	-0.001868582	0.035243636
38	0.010921513	-0.000375119	0.035243636
39	0.012552088	0.001282050	0.035243636
40	0.014164278	0.003063191	0.035243636
41	0.015802046	0.004909342	0.035243636
42	0.017482747	0.006788962	0.035243636
43	0.019198784	0.008693522	0.035243636
44	0.020920972	0.010635855	0.035243636
45	0.022558042	0.012677921	0.035243636
1	0.023478444	0.012495854	0.037554545
2	0.021183554	0.011304072	0.037554545
3	0.018864213	0.010194392	0.037554545
4	0.016568201	0.009103627	0.037554545
5	0.014317792	0.008012297	0.037554545
6	0.012123768	0.006925542	0.037554545
7	0.009996011	0.005850883	0.037554545
8	0.007951245	0.004782406	0.037554545
9	0.006014721	0.003699530	0.037554545
10	0.004191626	0.002619094	0.037554545
11	0.002489501	0.001552271	0.037554545
12	0.000916344	0.000507982	0.037554545
13	-0.000523011	-0.000501372	0.037554545
14	-0.001827061	-0.001460551	0.037554545
15	-0.002988028	-0.002364451	0.037554545
16	-0.003993369	-0.003214192	0.037554545
17	-0.004827656	-0.004012311	0.037554545
18	-0.005473502	-0.004758342	0.037554545
19	-0.005912650	-0.005443339	0.037554545
20	-0.006129650	-0.006041198	0.037554545
21	-0.006134488	-0.006496503	0.037554545
22	-0.006049962	-0.006758099	0.037554545
23	-0.006004026	-0.006837848	0.037554545
24	-0.005947895	-0.006913883	0.037554545
25	-0.005739547	-0.007104522	0.037554545
26	-0.005325718	-0.007325819	0.037554545
27	-0.004697001	-0.007506577	0.037554545
28	-0.003866280	-0.007598613	0.037554545
29	-0.002853445	-0.007572532	0.037554545
30	-0.001679938	-0.007405832	0.037554545
31	-0.000367244	-0.007084860	0.037554545
32	0.001065118	-0.006605150	0.037554545
33	0.002600686	-0.005969213	0.037554545
34	0.004225308	-0.005182633	0.037554545
35	0.005917661	-0.004237009	0.037554545
36	0.007650193	-0.003118037	0.037554545
37	0.009398969	-0.001823528	0.037554545
38	0.011138919	-0.000353152	0.037554545
39	0.012856666	0.001277970	0.037554545
40	0.014547361	0.003048108	0.037554545
41	0.016282255	0.004868215	0.037554545
42	0.018071374	0.006711669	0.037554545
43	0.019897664	0.008578475	0.037554545
44	0.021728917	0.010485455	0.037554545
45	0.023478444	0.012495854	0.037554545
1	0.024395890	0.012351265	0.039865455
2	0.022031305	0.011170894	0.039865455
3	0.019655658	0.010049401	0.039865455
4	0.017308478	0.008937168	0.039865455
5	0.015009045	0.007821579	0.039865455
6	0.012766560	0.006711837	0.039865455
7	0.010589795	0.005618321	0.039865455
8	0.008494527	0.004537320	0.039865455
9	0.006511664	0.003437713	0.039865455
10	0.004640862	0.002346697	0.039865455
11	0.002887747	0.001278564	0.039865455
12	0.001262503	0.000238344	0.039865455
13	-0.000228831	-0.000763413	0.039865455
14	-0.001585900	-0.001709548	0.039865455
15	-0.002802142	-0.002593687	0.039865455
16	-0.003865681	-0.003417470	0.039865455
17	-0.004761302	-0.004185706	0.039865455
18	-0.005471643	-0.004901625	0.039865455
19	-0.005978661	-0.005560979	0.039865455
20	-0.006262469	-0.006145902	0.039865455
21	-0.006308165	-0.006608350	0.039865455
22	-0.006238030	-0.006880150	0.039865455
23	-0.006193188	-0.006962798	0.039865455
24	-0.006136616	-0.007040761	0.039865455
25	-0.005922399	-0.007232908	0.039865455
26	-0.005496216	-0.007449984	0.039865455
27	-0.004850867	-0.007617865	0.039865455
28	-0.004001894	-0.007689440	0.039865455
29	-0.002970552	-0.007635107	0.039865455
30	-0.001779387	-0.007432732	0.039865455
31	-0.000450195	-0.007070944	0.039865455
32	0.000998886	-0.006550067	0.039865455
33	0.002555166	-0.005880250	0.039865455
34	0.004209992	-0.005075658	0.039865455
35	0.005942084	-0.004124201	0.039865455
36	0.007723248	-0.003007155	0.039865455
37	0.009532358	-0.001723987	0.039865455
38	0.011347726	-0.000275832	0.039865455
39	0.013154342	0.001326256	0.039865455
40	0.014930365	0.003078900	0.039865455
41	0.016766679	0.004867021	0.039865455
42	0.018664320	0.006671260	0.039865455
43	0.020598796	0.008499537	0.039865455
44	0.022536169	0.010371857	0.039865455
45	0.024395890	0.012351265	0.039865455
1	0.025288125	0.012227379	0.042176364
2	0.022851684	0.011061899	0.042176364
3	0.020417569	0.009931236	0.042176364
4	0.018017011	0.008800352	0.042176364
5	0.015666300	0.007663483	0.042176364
6	0.013373767	0.006532412	0.042176364
7	0.011147601	0.005419377	0.042176364
8	0.009002132	0.004324002	0.042176364
9	0.006971069	0.003209815	0.042176364
10	0.005051791	0.002108617	0.042176364
11	0.003248689	0.001037032	0.042176364
12	0.001573585	-0.000002719	0.042176364
13	0.000033631	-0.001001678	0.042176364
14	-0.001370857	-0.001942133	0.042176364
15	-0.002634719	-0.002815608	0.042176364
16	-0.003747678	-0.003622233	0.042176364
17	-0.004695634	-0.004367235	0.042176364
18	-0.005462044	-0.005056207	0.042176364
19	-0.006029503	-0.005689110	0.042176364
20	-0.006375916	-0.006256204	0.042176364
21	-0.006467673	-0.006721634	0.042176364
22	-0.006414099	-0.007002984	0.042176364
23	-0.006370358	-0.007088495	0.042176364
24	-0.006313224	-0.007168300	0.042176364
25	-0.006092612	-0.007361332	0.042176364
26	-0.005653253	-0.007572190	0.042176364
27	-0.004991189	-0.007725393	0.042176364
28	-0.004124358	-0.007775279	0.042176364
29	-0.003075162	-0.007692079	0.042176364
30	-0.001867089	-0.007453995	0.042176364
31	-0.000522153	-0.007051486	0.042176364
32	0.000942811	-0.006488825	0.042176364
33	0.002518588	-0.005782798	0.042176364
34	0.004201125	-0.004954758	0.042176364
35	0.005968850	-0.003989671	0.042176364
36	0.007794896	-0.002868683	0.042176364
37	0.009661001	-0.001593106	0.042176364
38	0.011548840	-0.000165835	0.042176364
39	0.013442275	0.001405895	0.042176364
40	0.015309826	0.003131674	0.042176364
41	0.017248221	0.004882389	0.042176364
42	0.019250026	0.006646665	0.042176364
43	0.021286578	0.008437954	0.042176364
44	0.023323704	0.010277990	0.042176364
45	0.025288125	0.012227379	0.042176364
1	0.026128460	0.012103669	0.044487273
2	0.023621461	0.010957972	0.044487273
3	0.021129763	0.009822764	0.044487273
4	0.018676517	0.008678103	0.044487273
5	0.016275134	0.007524861	0.044487273
6	0.013933506	0.006376501	0.044487273
7	0.011659729	0.005246144	0.044487273
8	0.009466953	0.004136293	0.044487273
9	0.007388428	0.003011245	0.044487273
10	0.005422053	0.001902302	0.044487273
11	0.003571947	0.000826938	0.044487273
12	0.001850867	-0.000214126	0.044487273
13	0.000266921	-0.001213226	0.044487273
14	-0.001178741	-0.002153371	0.044487273
15	-0.002482455	-0.003023500	0.044487273
16	-0.003636347	-0.003820456	0.044487273
17	-0.004628046	-0.004548277	0.044487273
18	-0.005442263	-0.005213676	0.044487273
19	-0.006062354	-0.005820243	0.044487273
20	-0.006465371	-0.006365801	0.044487273
21	-0.006606608	-0.006828621	0.044487273
22	-0.006571439	-0.007118108	0.044487273
23	-0.006528887	-0.007206347	0.044487273
24	-0.006471197	-0.007287895	0.044487273
25	-0.006244165	-0.007481330	0.044487273
26	-0.005791843	-0.007684900	0.044487273
27	-0.005114072	-0.007823365	0.044487273
28	-0.004230697	-0.007852900	0.044487273
29	-0.003164908	-0.007743557	0.044487273
30	-0.001940911	-0.007473609	0.044487273
31	-0.000580924	-0.007034615	0.044487273
32	0.000899249	-0.006433725	0.044487273
33	0.002493322	-0.005693057	0.044487273
34	0.004200586	-0.004839076	0.044487273
35	0.005999694	-0.003855923	0.044487273
36	0.007866512	-0.002727839	0.044487273
37	0.009785311	-0.001457799	0.044487273
38	0.011740570	-0.000050262	0.044487273
39	0.013715700	0.001490442	0.044487273
40	0.015677383	0.003179230	0.044487273
41	0.017713723	0.004888757	0.044487273
42	0.019811165	0.006614379	0.044487273
43	0.021940131	0.008371869	0.044487273
44	0.024067559	0.010182967	0.044487273
45	0.026128460	0.012103669	0.044487273
1	0.026890763	0.011959440	0.046798182
2	0.024317955	0.010838724	0.046798182
3	0.021772381	0.009704953	0.046798182
4	0.019269721	0.008553031	0.046798182
5	0.016820764	0.007389987	0.046798182
6	0.014433239	0.006230368	0.046798182
7	0.012115544	0.005087339	0.046798182
8	0.009880209	0.003965178	0.046798182
9	0.007757296	0.002834223	0.046798182
10	0.005747139	0.001721634	0.046798182
11	0.003854624	0.000643948	0.046798182
12	0.002092756	-0.000398358	0.046798182
13	0.000470408	-0.001398585	0.046798182
14	-0.001009829	-0.002341463	0.046798182
15	-0.002345749	-0.003213217	0.046798182
16	-0.003532499	-0.004006047	0.046798182
17	-0.004559834	-0.004721567	0.046798182
18	-0.005413857	-0.005366597	0.046798182
19	-0.006078525	-0.005947824	0.046798182
20	-0.006530640	-0.006469832	0.046798182
21	-0.006721194	-0.006924148	0.046798182
22	-0.006705189	-0.007219740	0.046798182
23	-0.006663924	-0.007310464	0.046798182
24	-0.006605775	-0.007393615	0.046798182
25	-0.006372789	-0.007587143	0.046798182
26	-0.005908684	-0.007783415	0.046798182
27	-0.005217125	-0.007908862	0.046798182
28	-0.004319208	-0.007921767	0.046798182
29	-0.003238484	-0.007791919	0.046798182
30	-0.001999633	-0.007497203	0.046798182
31	-0.000625163	-0.007029388	0.046798182
32	0.000869705	-0.006397306	0.046798182
33	0.002480820	-0.005626939	0.046798182
34	0.004209464	-0.004747664	0.046798182
35	0.006035646	-0.003745709	0.046798182
36	0.007938638	-0.002610137	0.046798182
37	0.009904722	-0.001345252	0.046798182
38	0.011920431	0.000043320	0.046798182
39	0.013969645	0.001552577	0.046798182
40	0.016022731	0.003195928	0.046798182
41	0.018148202	0.004862888	0.046798182
42	0.020329516	0.006552765	0.046798182
43	0.022538653	0.008280517	0.046798182
44	0.024744634	0.010066303	0.046798182
45	0.026890763	0.011959440	0.046798182
1	0.027554296	0.011776657	0.049109091
2	0.024923303	0.010685526	0.049109091
3	0.022329780	0.009559861	0.049109091
4	0.019782948	0.008408274	0.049109091
5	0.017291374	0.007243184	0.049109091
6	0.014862825	0.006079746	0.049109091
7	0.012506276	0.004930554	0.049109091
8	0.010234146	0.003800611	0.049109091
9	0.008071680	0.002669533	0.049109091
10	0.006022566	0.001558468	0.049109091
11	0.004093300	0.000481433	0.049109091
12	0.002296617	-0.000560375	0.049109091
13	0.000641962	-0.001560913	0.049109091
14	-0.000866322	-0.002507211	0.049109091
15	-0.002227303	-0.003382983	0.049109091
16	-0.003439501	-0.004174988	0.049109091
17	-0.004494981	-0.004881639	0.049109091
18	-0.005381175	-0.005509167	0.049109091
19	-0.006082328	-0.006066889	0.049109091
20	-0.006575145	-0.006565239	0.049109091
21	-0.006810751	-0.007006447	0.049109091
22	-0.006813137	-0.007305913	0.049109091
23	-0.006773203	-0.007398780	0.049109091
24	-0.006714754	-0.007483343	0.049109091
25	-0.006476751	-0.007676894	0.049109091
26	-0.006002846	-0.007866958	0.049109091
27	-0.005300066	-0.007982674	0.049109091
28	-0.004390069	-0.007984488	0.049109091
29	-0.003296339	-0.007841792	0.049109091
30	-0.002043807	-0.007531584	0.049109091
31	-0.000655398	-0.007044944	0.049109091
32	0.000853704	-0.006391216	0.049109091
33	0.002480565	-0.005598773	0.049109091
34	0.004227253	-0.004698106	0.049109091
35	0.006076319	-0.003680155	0.049109091
36	0.008010450	-0.002539198	0.049109091
37	0.010017397	-0.001280550	0.049109091
38	0.012085063	0.000089361	0.049109091
39	0.014198678	0.001567078	0.049109091
40	0.016334650	0.003160371	0.049109091
41	0.018536749	0.004785911	0.049109091
42	0.020788138	0.006443787	0.049109091
43	0.023063742	0.008145846	0.049109091
44	0.025335182	0.009909523	0.049109091
45	0.027554296	0.011776657	0.049109091
1	0.028107498	0.011543041	0.051420000
2	0.025428005	0.010484685	0.051420000
3	0.022793936	0.009373733	0.051420000
4	0.020209424	0.008230446	0.051420000
5	0.017681337	0.007071590	0.051420000
6	0.015217661	0.005912472	0.051420000
7	0.012828082	0.004764742	0.051420000
8	0.010525157	0.003633542	0.051420000
9	0.008329007	0.002508546	0.051420000
10	0.006246733	0.001404580	0.051420000
11	0.004286834	0.000332267	0.051420000
12	0.002461521	-0.000705980	0.051420000
13	0.000780647	-0.001704519	0.051420000
14	-0.000749672	-0.002652821	0.051420000
15	-0.002129506	-0.003532468	0.051420000
16	-0.003360730	-0.004324678	0.051420000
17	-0.004437671	-0.005024422	0.051420000
18	-0.005348892	-0.005636967	0.051420000
19	-0.006078625	-0.006173827	0.051420000
20	-0.006603478	-0.006650254	0.051420000
21	-0.006876601	-0.007076294	0.051420000
22	-0.006895169	-0.007377686	0.051420000
23	-0.006856554	-0.007472293	0.051420000
24	-0.006798021	-0.007558064	0.051420000
25	-0.006556340	-0.007751907	0.051420000
26	-0.006075147	-0.007937863	0.051420000
27	-0.005364023	-0.008048223	0.051420000
28	-0.004444603	-0.008045402	0.051420000
29	-0.003339963	-0.007898296	0.051420000
30	-0.002075071	-0.007582642	0.051420000
31	-0.000673358	-0.007088117	0.051420000
32	0.000849533	-0.006423579	0.051420000
33	0.002490987	-0.005618492	0.051420000
34	0.004252981	-0.004703311	0.051420000
35	0.006121231	-0.003675016	0.051420000
36	0.008081421	-0.002532667	0.051420000
37	0.010122320	-0.001282377	0.051420000
38	0.012232703	0.000068855	0.051420000
39	0.014399571	0.001515873	0.051420000
40	0.016605220	0.003059620	0.051420000
41	0.018869451	0.004647055	0.051420000
42	0.021176587	0.006276817	0.051420000
43	0.023504855	0.007956552	0.051420000
44	0.025828558	0.009700466	0.051420000
45	0.028107498	0.011543041	0.051420000
1	0.028551621	0.011254289	0.053730909
2	0.025834213	0.010229913	0.053730909
3	0.023167533	0.009139473	0.053730909
4	0.020552232	0.008011975	0.053730909
5	0.017994080	0.006867289	0.053730909
6	0.015501431	0.005720454	0.053730909
7	0.013084679	0.004582049	0.053730909
8	0.010756484	0.003457340	0.053730909
9	0.008532735	0.002344490	0.053730909
10	0.006423371	0.001252895	0.053730909
11	0.004438739	0.000189915	0.053730909
12	0.002590542	-0.000840854	0.053730909
13	0.000888910	-0.001833989	0.053730909
14	-0.000658479	-0.002781157	0.053730909
15	-0.002052412	-0.003662250	0.053730909
16	-0.003297662	-0.004453583	0.053730909
17	-0.004390486	-0.005147013	0.053730909
18	-0.005320311	-0.005746811	0.053730909
19	-0.006071180	-0.006266215	0.053730909
20	-0.006619634	-0.006724095	0.053730909
21	-0.006920905	-0.007135901	0.053730909
22	-0.006952446	-0.007437875	0.053730909
23	-0.006915101	-0.007533816	0.053730909
24	-0.006856754	-0.007620618	0.053730909
25	-0.006613011	-0.007815386	0.053730909
26	-0.006127253	-0.008000065	0.053730909
27	-0.005410654	-0.008109861	0.053730909
28	-0.004484449	-0.008108723	0.053730909
29	-0.003371095	-0.007965045	0.053730909
30	-0.002095411	-0.007653186	0.053730909
31	-0.000681303	-0.007161085	0.053730909
32	0.000854835	-0.006496468	0.053730909
33	0.002510008	-0.005688906	0.053730909
34	0.004285611	-0.004768333	0.053730909
35	0.006170258	-0.003737358	0.053730909
36	0.008151963	-0.002598924	0.053730909
37	0.010220186	-0.001359813	0.053730909
38	0.012364274	-0.000027528	0.053730909
39	0.014572743	0.001390919	0.053730909
40	0.016832166	0.002890812	0.053730909
41	0.019143814	0.004444968	0.053730909
42	0.021493318	0.006049998	0.053730909
43	0.023861724	0.007709585	0.053730909
44	0.026225670	0.009434910	0.053730909
45	0.028551621	0.011254289	0.053730909
1	0.028904085	0.010916426	0.056041818
2	0.026158778	0.009924908	0.056041818
3	0.023466801	0.008859142	0.056041818
4	0.020826999	0.007753420	0.056041818
5	0.018244649	0.006629380	0.056041818
6	0.015728542	0.005501528	0.056041818
7	0.013289651	0.004379518	0.056041818
8	0.010940559	0.003269014	0.056041818
9	0.008694611	0.002173427	0.056041818
10	0.006563607	0.001098486	0.056041818
11	0.004559136	0.000049284	0.056041818
12	0.002692609	-0.000969832	0.056041818
13	0.000974340	-0.001953568	0.056041818
14	-0.000586857	-0.002895200	0.056041818
15	-0.001992189	-0.003773417	0.056041818
16	-0.003248405	-0.004560988	0.056041818
17	-0.004353084	-0.005247524	0.056041818
18	-0.005296206	-0.005836555	0.056041818
19	-0.006061641	-0.006342492	0.056041818
20	-0.006625956	-0.006786515	0.056041818
21	-0.006945657	-0.007187584	0.056041818
22	-0.006986437	-0.007489507	0.056041818
23	-0.006950262	-0.007586422	0.056041818
24	-0.006892369	-0.007674119	0.056041818
25	-0.006648182	-0.007870647	0.056041818
26	-0.006160403	-0.008057067	0.056041818
27	-0.005440848	-0.008170653	0.056041818
28	-0.004510198	-0.008176273	0.056041818
29	-0.003390259	-0.008041871	0.056041818
30	-0.002105567	-0.007740625	0.056041818
31	-0.000680336	-0.007258886	0.056041818
32	0.000868296	-0.006603114	0.056041818
33	0.002536618	-0.005802492	0.056041818
34	0.004325337	-0.004886476	0.056041818
35	0.006224909	-0.003861405	0.056041818
36	0.008224841	-0.002732849	0.056041818
37	0.010315012	-0.001508116	0.056041818
38	0.012485141	-0.000195163	0.056041818
39	0.014724545	0.001197891	0.056041818
40	0.017021897	0.002663283	0.056041818
41	0.019367902	0.004189630	0.056041818
42	0.021748866	0.005772326	0.056041818
43	0.024147593	0.007412440	0.056041818
44	0.026542334	0.009119047	0.056041818
45	0.028904085	0.010916426	0.056041818
1	0.029202014	0.010548153	0.058352727
2	0.026436467	0.009585870	0.058352727
3	0.023724481	0.008546383	0.058352727
4	0.021064652	0.007465679	0.058352727
5	0.018462287	0.006365892	0.058352727
6	0.015926518	0.005261146	0.058352727
7	0.013468643	0.004160597	0.058352727
8	0.011101167	0.003070226	0.058352727
9	0.008836709	0.001995028	0.058352727
10	0.006687769	0.000939325	0.058352727
11	0.004666420	-0.000092672	0.058352727
12	0.002784042	-0.001096454	0.058352727
13	0.001051065	-0.002066810	0.058352727
14	-0.000523165	-0.002997761	0.058352727
15	-0.001939909	-0.003867421	0.058352727
16	-0.003206578	-0.004646972	0.058352727
17	-0.004321232	-0.005325071	0.058352727
18	-0.005274076	-0.005904980	0.058352727
19	-0.006048973	-0.006401673	0.058352727
20	-0.006622631	-0.006837336	0.058352727
21	-0.006951952	-0.007232701	0.058352727
22	-0.006998148	-0.007534636	0.058352727
23	-0.006962976	-0.007632258	0.058352727
24	-0.006905737	-0.007720772	0.058352727
25	-0.006662395	-0.007919877	0.058352727
26	-0.006174541	-0.008110656	0.058352727
27	-0.005453777	-0.008231107	0.058352727
28	-0.004520312	-0.008246246	0.058352727
29	-0.003395469	-0.008123625	0.058352727
30	-0.002103498	-0.007835701	0.058352727
31	-0.000668677	-0.007367926	0.058352727
32	0.000891446	-0.006726046	0.058352727
33	0.002572599	-0.005938992	0.058352727
34	0.004375034	-0.005036144	0.058352727
35	0.006289732	-0.004025071	0.058352727
36	0.008306646	-0.002912204	0.058352727
37	0.010415743	-0.001705028	0.058352727
38	0.012606818	-0.000411658	0.058352727
39	0.014869285	0.000959605	0.058352727
40	0.017192103	0.002400510	0.058352727
41	0.019563146	0.003904061	0.058352727
42	0.021968736	0.005465546	0.058352727
43	0.024392201	0.007085299	0.058352727
44	0.026812404	0.008771750	0.058352727
45	0.029202014	0.010548153	0.058352727
1	0.029490723	0.010174509	0.060663636
2	0.026708200	0.009239018	0.060663636
3	0.023978567	0.008225546	0.060663636
4	0.021300781	0.007170204	0.060663636
5	0.018680446	0.006095037	0.060663636
6	0.016126809	0.005014224	0.060663636
7	0.013651322	0.003936752	0.060663636
8	0.011266569	0.002868524	0.060663636
9	0.008985267	0.001814383	0.060663636
10	0.006819977	0.000778567	0.060663636
11	0.004782859	-0.000234858	0.060663636
12	0.002885328	-0.001221408	0.060663636
13	0.001138005	-0.002176177	0.060663636
14	-0.000449785	-0.003093064	0.060663636
15	-0.001879047	-0.003950173	0.060663636
16	-0.003156912	-0.004718538	0.060663636
17	-0.004281368	-0.005386717	0.060663636
18	-0.005242561	-0.005958203	0.060663636
19	-0.006024531	-0.006448071	0.060663636
20	-0.006604162	-0.006878806	0.060663636
21	-0.006938465	-0.007271675	0.060663636
22	-0.006987772	-0.007573903	0.060663636
23	-0.006953483	-0.007672109	0.060663636
24	-0.006896969	-0.007761399	0.060663636
25	-0.006654997	-0.007963399	0.060663636
26	-0.006167875	-0.008159574	0.060663636
27	-0.005446584	-0.008287717	0.060663636
28	-0.004510992	-0.008312541	0.060663636
29	-0.003382124	-0.008201311	0.060663636
30	-0.002083990	-0.007926167	0.060663636
31	-0.000640774	-0.007472243	0.060663636
32	0.000929860	-0.006845073	0.060663636
33	0.002623329	-0.006073623	0.060663636
34	0.004439580	-0.005187354	0.060663636
35	0.006369501	-0.004193772	0.060663636
36	0.008402959	-0.003099236	0.060663636
37	0.010529820	-0.001911140	0.060663636
38	0.012739774	-0.000637518	0.060663636
39	0.015022124	0.000713412	0.060663636
40	0.017365721	0.002133492	0.060663636
41	0.019758339	0.003615829	0.060663636
42	0.022186221	0.005155842	0.060663636
43	0.024632660	0.006754033	0.060663636
44	0.027076563	0.008419066	0.060663636
45	0.029490723	0.010174509	0.060663636
1	0.029780014	0.009801030	0.062974545
2	0.026982086	0.008892592	0.062974545
3	0.024236378	0.007905409	0.062974545
4	0.021542207	0.006875688	0.062974545
5	0.018905416	0.005825467	0.062974545
6	0.016335410	0.004768874	0.062974545
7	0.013843763	0.003714787	0.062974545
8	0.011443134	0.002669015	0.062974545
9	0.009146323	0.001636265	0.062974545
10	0.006965957	0.000620661	0.062974545
11	0.004914262	-0.000373843	0.062974545
12	0.003002724	-0.001342872	0.062974545
13	0.001242035	-0.002281617	0.062974545
14	-0.000358398	-0.003184064	0.062974545
15	-0.001799341	-0.004028279	0.062974545
16	-0.003087656	-0.004785147	0.062974545
17	-0.004221222	-0.005443201	0.062974545
18	-0.005190207	-0.006006030	0.062974545
19	-0.005978770	-0.006488907	0.062974545
20	-0.006563987	-0.006914586	0.062974545
21	-0.006902958	-0.007304856	0.062974545
22	-0.006955309	-0.007607209	0.062974545
23	-0.006921873	-0.007705937	0.062974545
24	-0.006866081	-0.007795937	0.062974545
25	-0.006625549	-0.008000652	0.062974545
26	-0.006139373	-0.008202003	0.062974545
27	-0.005417917	-0.008337616	0.062974545
28	-0.004480702	-0.008371965	0.062974545
29	-0.003348436	-0.008272056	0.062974545
30	-0.002044872	-0.008009726	0.062974545
31	-0.000594082	-0.007569795	0.062974545
32	0.000986165	-0.006957579	0.062974545
33	0.002690962	-0.006202013	0.062974545
34	0.004519963	-0.005332653	0.062974545
35	0.006463966	-0.004356939	0.062974545
36	0.008512762	-0.003281148	0.062974545
37	0.010656115	-0.002112582	0.062974545
38	0.012883617	-0.000859191	0.062974545
39	0.015184468	0.000470898	0.062974545
40	0.017547418	0.001869618	0.062974545
41	0.019960146	0.003330185	0.062974545
42	0.022408824	0.004848147	0.062974545
43	0.024876722	0.006424174	0.062974545
44	0.027342793	0.008067167	0.062974545
45	0.029780014	0.009801030	0.062974545
1	0.030066025	0.009426663	0.065285455
2	0.027254576	0.008545551	0.065285455
3	0.024494654	0.007584970	0.065285455
4	0.021785934	0.006581215	0.065285455
5	0.019134487	0.005556309	0.065285455
6	0.016549869	0.004524320	0.065285455
7	0.014043763	0.003494015	0.065285455
8	0.011628899	0.002471106	0.065285455
9	0.009318150	0.001460162	0.065285455
10	0.007124201	0.000465193	0.065285455
11	0.005059334	-0.000509964	0.065285455
12	0.003135101	-0.001461046	0.065285455
13	0.001362256	-0.002383342	0.065285455
14	-0.000249713	-0.003270931	0.065285455
15	-0.001701341	-0.004101857	0.065285455
16	-0.002999213	-0.004846874	0.065285455
17	-0.004141105	-0.005494498	0.065285455
18	-0.005117211	-0.006048409	0.065285455
19	-0.005911818	-0.006524068	0.065285455
20	-0.006502202	-0.006944485	0.065285455
21	-0.006845573	-0.007331955	0.065285455
22	-0.006900872	-0.007634254	0.065285455
23	-0.006868284	-0.007733435	0.065285455
24	-0.006813230	-0.007824073	0.065285455
25	-0.006574247	-0.008031327	0.065285455
26	-0.006089297	-0.008237646	0.065285455
27	-0.005368123	-0.008380547	0.065285455
28	-0.004429888	-0.008424297	0.065285455
29	-0.003294968	-0.008335677	0.065285455
30	-0.001986841	-0.008086243	0.065285455
31	-0.000529452	-0.007660500	0.065285455
32	0.001059337	-0.007063528	0.065285455
33	0.002774285	-0.006324193	0.065285455
34	0.004614765	-0.005472140	0.065285455
35	0.006571493	-0.004514742	0.065285455
36	0.008634183	-0.003458193	0.065285455
37	0.010792512	-0.002309695	0.065285455
38	0.013035974	-0.001077109	0.065285455
39	0.015353680	0.000231529	0.065285455
40	0.017734279	0.001608251	0.065285455
41	0.020165372	0.003046381	0.065285455
42	0.022633067	0.004541597	0.065285455
43	0.025120622	0.006094735	0.065285455
44	0.027607051	0.007714924	0.065285455
45	0.030066025	0.009426663	0.065285455
1	0.030240986	0.009020775	0.067596364
2	0.027425923	0.008168217	0.067596364
3	0.024661527	0.007235845	0.067596364
4	0.021947828	0.006259883	0.067596364
5	0.019291098	0.005262258	0.067596364
6	0.016701012	0.004256924	0.067596364
7	0.014189322	0.003252507	0.067596364
8	0.011768786	0.002254600	0.067596364
9	0.009452305	0.001267623	0.067596364
10	0.007252582	0.000295458	0.067596364
11	0.005181914	-0.000658181	0.067596364
12	0.003251874	-0.001589151	0.067596364
13	0.001473245	-0.002492852	0.067596364
14	-0.000144450	-0.003363454	0.067596364
15	-0.001601571	-0.004178970	0.067596364
16	-0.002904391	-0.004910177	0.067596364
17	-0.004050559	-0.005545664	0.067596364
18	-0.005030311	-0.006089223	0.067596364
19	-0.005828096	-0.006556460	0.067596364
20	-0.006421447	-0.006970553	0.067596364
21	-0.006767799	-0.007354180	0.067596364
22	-0.006825657	-0.007655468	0.067596364
23	-0.006793991	-0.007754763	0.067596364
24	-0.006739840	-0.007845729	0.067596364
25	-0.006503182	-0.008054804	0.067596364
26	-0.006021044	-0.008265325	0.067596364
27	-0.005302529	-0.008414859	0.067596364
28	-0.004366399	-0.008467576	0.067596364
29	-0.003232657	-0.008390134	0.067596364
30	-0.001924448	-0.008153898	0.067596364
31	-0.000465530	-0.007743114	0.067596364
32	0.001126190	-0.007162611	0.067596364
33	0.002845165	-0.006441085	0.067596364
34	0.004690507	-0.005608199	0.067596364
35	0.006652889	-0.004671253	0.067596364
36	0.008721989	-0.003636340	0.067596364
37	0.010887432	-0.002510552	0.067596364
38	0.013138659	-0.001301638	0.067596364
39	0.015464726	-0.000017523	0.067596364
40	0.017854231	0.001333939	0.067596364
41	0.020294739	0.002746197	0.067596364
42	0.022772347	0.004215058	0.067596364
43	0.025270359	0.005741504	0.067596364
44	0.027767926	0.007334827	0.067596364
45	0.030240986	0.009020775	0.067596364
1	0.030274948	0.008575554	0.069907273
2	0.027468227	0.007753256	0.069907273
3	0.024711152	0.006851164	0.069907273
4	0.022004087	0.005905284	0.069907273
5	0.019353469	0.004937353	0.069907273
6	0.016769045	0.003961153	0.069907273
7	0.014262586	0.002985141	0.069907273
8	0.011846822	0.002014776	0.069907273
9	0.009534628	0.001054316	0.069907273
10	0.007338668	0.000107514	0.069907273
11	0.005271204	-0.000822050	0.069907273
12	0.003343779	-0.001730358	0.069907273
13	0.001567157	-0.002612931	0.069907273
14	-0.000049148	-0.003464044	0.069907273
15	-0.001505338	-0.004261755	0.069907273
16	-0.002807365	-0.004976990	0.069907273
17	-0.003952766	-0.005598469	0.069907273
18	-0.004931851	-0.006130080	0.069907273
19	-0.005729287	-0.006587495	0.069907273
20	-0.006322943	-0.006993952	0.069907273
21	-0.006670655	-0.007372381	0.069907273
22	-0.006730710	-0.007671466	0.069907273
23	-0.006700060	-0.007770464	0.069907273
24	-0.006646995	-0.007861372	0.069907273
25	-0.006413522	-0.008071328	0.069907273
26	-0.005936026	-0.008284960	0.069907273
27	-0.005222972	-0.008440128	0.069907273
28	-0.004292677	-0.008501042	0.069907273
29	-0.003164717	-0.008434377	0.069907273
30	-0.001861838	-0.008211440	0.069907273
31	-0.000407525	-0.007816307	0.069907273
32	0.001180353	-0.007253566	0.069907273
33	0.002895991	-0.006551652	0.069907273
34	0.004738259	-0.005740114	0.069907273
35	0.006697825	-0.004826147	0.069907273
36	0.008764379	-0.003815733	0.069907273
37	0.010927537	-0.002715824	0.069907273
38	0.013176737	-0.001534038	0.069907273
39	0.015501028	-0.000278161	0.069907273
40	0.017889006	0.001044096	0.069907273
41	0.020328251	0.002426325	0.069907273
42	0.022804906	0.003864474	0.069907273
43	0.025302387	0.005359660	0.069907273
44	0.027800055	0.006921294	0.069907273
45	0.030274948	0.008575554	0.069907273
1	0.030209023	0.008105045	0.072218182
2	0.027419475	0.007313977	0.072218182
3	0.024678423	0.006443448	0.072218182
4	0.021986560	0.005529101	0.072218182
5	0.019350461	0.004592416	0.072218182
6	0.016779914	0.003646963	0.072218182
7	0.014286666	0.002701008	0.072218182
8	0.011883380	0.001759863	0.072218182
9	0.009582864	0.000827623	0.072218182
10	0.007397704	-0.000092096	0.072218182
11	0.005340088	-0.000995852	0.072218182
12	0.003421493	-0.001879756	0.072218182
13	0.001652627	-0.002739459	0.072218182
14	0.000042968	-0.003569354	0.072218182
15	-0.001407530	-0.004347626	0.072218182
16	-0.002704502	-0.005045433	0.072218182
17	-0.003845389	-0.005651646	0.072218182
18	-0.004820608	-0.006170224	0.072218182
19	-0.005615085	-0.006616852	0.072218182
20	-0.006207081	-0.007014740	0.072218182
21	-0.006554962	-0.007386986	0.072218182
22	-0.006616938	-0.007682999	0.072218182
23	-0.006587359	-0.007781393	0.072218182
24	-0.006535504	-0.007871950	0.072218182
25	-0.006305824	-0.008082049	0.072218182
26	-0.005834303	-0.008297915	0.072218182
27	-0.005128779	-0.008457884	0.072218182
28	-0.004207091	-0.008526324	0.072218182
29	-0.003088348	-0.008470033	0.072218182
30	-0.001794846	-0.008260358	0.072218182
31	-0.000349735	-0.007881279	0.072218182
32	0.001229217	-0.007337152	0.072218182
33	0.002935988	-0.006656079	0.072218182
34	0.004769220	-0.005867393	0.072218182
35	0.006719605	-0.004978164	0.072218182
36	0.008776878	-0.003994246	0.072218182
37	0.010930683	-0.002922440	0.072218182
38	0.013170488	-0.001770209	0.072218182
39	0.015485372	-0.000545187	0.072218182
40	0.017863968	0.000745080	0.072218182
41	0.020293912	0.002094336	0.072218182
42	0.022761435	0.003498679	0.072218182
43	0.025250116	0.004959340	0.072218182
44	0.027739588	0.006485802	0.072218182
45	0.030209023	0.008105045	0.072218182
1	0.030082587	0.007622579	0.074529091
2	0.027315961	0.006863139	0.074529091
3	0.024596633	0.006024721	0.074529091
4	0.021925598	0.005142560	0.074529091
5	0.019309546	0.004237839	0.074529091
6	0.016758279	0.003323893	0.074529091
7	0.014283494	0.002408792	0.074529091
8	0.011897760	0.001497694	0.074529091
9	0.009613791	0.000594531	0.074529091
10	0.007444068	-0.000297223	0.074529091
11	0.005400680	-0.001174261	0.074529091
12	0.003495015	-0.002032832	0.074529091
13	0.001737702	-0.002868716	0.074529091
14	0.000138161	-0.003676437	0.074529091
15	-0.001303492	-0.004434367	0.074529091
16	-0.002592582	-0.005113944	0.074529091
17	-0.003726473	-0.005704201	0.074529091
18	-0.004695706	-0.006209151	0.074529091
19	-0.005485494	-0.006644448	0.074529091
20	-0.006074523	-0.007033224	0.074529091
21	-0.006421769	-0.007398685	0.074529091
22	-0.006485457	-0.007691069	0.074529091
23	-0.006456974	-0.007788657	0.074529091
24	-0.006406395	-0.007878671	0.074529091
25	-0.006180860	-0.008088418	0.074529091
26	-0.005716120	-0.008305900	0.074529091
27	-0.005019404	-0.008470053	0.074529091
28	-0.004108054	-0.008545479	0.074529091
29	-0.003000692	-0.008499168	0.074529091
30	-0.001719136	-0.008302578	0.074529091
31	-0.000286157	-0.007939638	0.074529091
32	0.001280615	-0.007414482	0.074529091
33	0.002974975	-0.006754840	0.074529091
34	0.004795343	-0.005989758	0.074529091
35	0.006732456	-0.005126165	0.074529091
36	0.008776114	-0.004169782	0.074529091
37	0.010916015	-0.003127247	0.074529091
38	0.013141677	-0.002005863	0.074529091
39	0.015442233	-0.000813093	0.074529091
40	0.017806377	0.000443685	0.074529091
41	0.020221825	0.001758383	0.074529091
42	0.022674925	0.003127249	0.074529091
43	0.025149445	0.004551626	0.074529091
44	0.027625321	0.006041052	0.074529091
45	0.030082587	0.007622579	0.074529091
1	0.029927956	0.007139536	0.076840000
2	0.027187491	0.006411519	0.076840000
3	0.024493110	0.005605100	0.076840000
4	0.021846091	0.004755074	0.076840000
5	0.019253226	0.003882310	0.076840000
6	0.016724311	0.002999904	0.076840000
7	0.014270977	0.002115720	0.076840000
8	0.011905686	0.001234768	0.076840000
9	0.009641040	0.000360813	0.076840000
10	0.007489402	-0.000502809	0.076840000
11	0.005462745	-0.001352927	0.076840000
12	0.003572357	-0.002185928	0.076840000
13	0.001828777	-0.002997725	0.076840000
14	0.000241356	-0.003782978	0.076840000
15	-0.001189631	-0.004520283	0.076840000
16	-0.002469205	-0.005181384	0.076840000
17	-0.003594663	-0.005755477	0.076840000
18	-0.004556687	-0.006246617	0.076840000
19	-0.005340784	-0.006670400	0.076840000
20	-0.005926084	-0.007049849	0.076840000
21	-0.006272211	-0.007408243	0.076840000
22	-0.006337458	-0.007696704	0.076840000
23	-0.006310069	-0.007793375	0.076840000
24	-0.006260788	-0.007882733	0.076840000
25	-0.006039559	-0.008091821	0.076840000
26	-0.005582009	-0.008310508	0.076840000
27	-0.004894778	-0.008478402	0.076840000
28	-0.003994706	-0.008560381	0.076840000
29	-0.002899922	-0.008523674	0.076840000
30	-0.001631748	-0.008339889	0.076840000
31	-0.000212562	-0.007992934	0.076840000
32	0.001340171	-0.007486728	0.076840000
33	0.003020080	-0.006848605	0.076840000
34	0.004825375	-0.006107286	0.076840000
35	0.006746848	-0.005269552	0.076840000
36	0.008774379	-0.004340989	0.076840000
37	0.010897728	-0.003328066	0.076840000
38	0.013106478	-0.002237919	0.076840000
39	0.015389833	-0.001077842	0.076840000
40	0.017736559	0.000144966	0.076840000
41	0.020134468	0.001424583	0.076840000
42	0.022570040	0.002757408	0.076840000
43	0.025027247	0.004144895	0.076840000
44	0.027486344	0.005596621	0.076840000
45	0.029927956	0.007139536	0.076840000
1	0.029757077	0.006660578	0.079150909
2	0.027045006	0.005963504	0.079150909
3	0.024377806	0.005188664	0.079150909
4	0.021757024	0.004370397	0.079150909
5	0.019189533	0.003529255	0.079150909
6	0.016685116	0.002678085	0.079150909
7	0.014255324	0.001824550	0.079150909
8	0.011912500	0.000973509	0.079150909
9	0.009669124	0.000128565	0.079150909
10	0.007537430	-0.000707083	0.079150909
11	0.005529268	-0.001530400	0.079150909
12	0.003655815	-0.002337908	0.079150909
13	0.001927509	-0.003125656	0.079150909
14	0.000353627	-0.003888442	0.079150909
15	-0.001065397	-0.004605110	0.079150909
16	-0.002334293	-0.005247726	0.079150909
17	-0.003450300	-0.005805655	0.079150909
18	-0.004404245	-0.006282979	0.079150909
19	-0.005181936	-0.006695225	0.079150909
20	-0.005762953	-0.007065281	0.079150909
21	-0.006107584	-0.007416475	0.079150909
22	-0.006174236	-0.007700831	0.079150909
23	-0.006147923	-0.007796504	0.079150909
24	-0.006099941	-0.007885124	0.079150909
25	-0.005883095	-0.008093319	0.079150909
26	-0.005432981	-0.008312879	0.079150909
27	-0.004755664	-0.008484136	0.079150909
28	-0.003867486	-0.008572278	0.079150909
29	-0.002786078	-0.008544805	0.079150909
30	-0.001532265	-0.008373504	0.079150909
31	-0.000128014	-0.008042284	0.079150909
32	0.001409386	-0.007554846	0.079150909
33	0.003073412	-0.006938106	0.079150909
34	0.004862077	-0.006220442	0.079150909
35	0.006766233	-0.005408485	0.079150909
36	0.008775848	-0.004507681	0.079150909
37	0.010880756	-0.003524333	0.079150909
38	0.013070615	-0.002465407	0.079150909
39	0.015334707	-0.001338022	0.079150909
40	0.017661882	-0.000149202	0.079150909
41	0.020040059	0.001095299	0.079150909
42	0.022455861	0.002392029	0.079150909
43	0.024893473	0.003742546	0.079150909
44	0.027333479	0.005156458	0.079150909
45	0.029757077	0.006660578	0.079150909
1	0.029565899	0.006185128	0.081461818
2	0.026884651	0.005518486	0.081461818
3	0.024247062	0.004774785	0.081461818
4	0.021654929	0.003987885	0.081461818
5	0.019115194	0.003178009	0.081461818
6	0.016637608	0.002357753	0.081461818
7	0.014233633	0.001534580	0.081461818
8	0.011915479	0.000713198	0.081461818
9	0.009695493	-0.000102948	0.081461818
10	0.007585771	-0.000910796	0.081461818
11	0.005598026	-0.001707444	0.081461818
12	0.003743315	-0.002489550	0.081461818
13	0.002031967	-0.003253296	0.081461818
14	0.000473175	-0.003993620	0.081461818
15	-0.000932479	-0.004689630	0.081461818
16	-0.002189436	-0.005313744	0.081461818
17	-0.003294887	-0.005855496	0.081461818
18	-0.004239807	-0.006318995	0.081461818
19	-0.005010313	-0.006719678	0.081461818
20	-0.005586436	-0.007080279	0.081461818
21	-0.005929153	-0.007424134	0.081461818
22	-0.005997035	-0.007704190	0.081461818
23	-0.005971779	-0.007798779	0.081461818
24	-0.005925099	-0.007886569	0.081461818
25	-0.005712730	-0.008093618	0.081461818
26	-0.005270332	-0.008313703	0.081461818
27	-0.004603415	-0.008487926	0.081461818
28	-0.003727818	-0.008581825	0.081461818
29	-0.002660677	-0.008563206	0.081461818
30	-0.001422306	-0.008404066	0.081461818
31	-0.000034255	-0.008088332	0.081461818
32	0.001486381	-0.007619485	0.081461818
33	0.003132939	-0.007023995	0.081461818
34	0.004903244	-0.006329881	0.081461818
35	0.006788223	-0.005543622	0.081461818
36	0.008777940	-0.004670528	0.081461818
37	0.010862313	-0.003716727	0.081461818
38	0.013031085	-0.002689018	0.081461818
39	0.015273628	-0.001594343	0.081461818
40	0.017578888	-0.000439547	0.081461818
41	0.019934902	0.000769783	0.081461818
42	0.022328448	0.002030342	0.081461818
43	0.024743939	0.003343783	0.081461818
44	0.027162294	0.004719732	0.081461818
45	0.029565899	0.006185128	0.081461818
1	0.029343245	0.005710297	0.083772727
2	0.026695993	0.005073633	0.083772727
3	0.024091172	0.004360721	0.083772727
4	0.021530814	0.003604907	0.083772727
5	0.019021913	0.002826066	0.083772727
6	0.016574175	0.002036535	0.083772727
7	0.014198954	0.001243569	0.083772727
8	0.011908316	0.000451727	0.083772727
9	0.009714458	-0.000335702	0.083772727
10	0.007629321	-0.001115792	0.083772727
11	0.005664473	-0.001885773	0.083772727
12	0.003830832	-0.002642436	0.083772727
13	0.002138610	-0.003382098	0.083772727
14	0.000596901	-0.004099835	0.083772727
15	-0.000793577	-0.004775036	0.083772727
16	-0.002036984	-0.005380504	0.083772727
17	-0.003130463	-0.005905960	0.083772727
18	-0.004065149	-0.006355535	0.083772727
19	-0.004827471	-0.006744552	0.083772727
20	-0.005397926	-0.007095562	0.083772727
21	-0.005738204	-0.007431865	0.083772727
22	-0.005807121	-0.007707352	0.083772727
23	-0.005782913	-0.007800746	0.083772727
24	-0.005737551	-0.007887597	0.083772727
25	-0.005529808	-0.008093204	0.083772727
26	-0.005095509	-0.008313410	0.083772727
27	-0.004439628	-0.008490149	0.083772727
28	-0.003577502	-0.008589350	0.083772727
29	-0.002525765	-0.008579165	0.083772727
30	-0.001304216	-0.008431838	0.083772727
31	0.000066032	-0.008131338	0.083772727
32	0.001568094	-0.007680932	0.083772727
33	0.003195185	-0.007106618	0.083772727
34	0.004944958	-0.006436029	0.083772727
35	0.006808427	-0.005675489	0.083772727
36	0.008775763	-0.004830168	0.083772727
37	0.010836982	-0.003906022	0.083772727
38	0.012981926	-0.002909673	0.083772727
39	0.015200071	-0.001847889	0.083772727
40	0.017480471	-0.000727331	0.083772727
41	0.019811300	0.000446581	0.083772727
42	0.022179503	0.001670687	0.083772727
43	0.024569736	0.002946729	0.083772727
44	0.026963272	0.004284329	0.083772727
45	0.029343245	0.005710297	0.083772727
1	0.029079973	0.005233664	0.086083636
2	0.026470465	0.004626594	0.086083636
3	0.023902140	0.003944212	0.086083636
4	0.021377243	0.003219305	0.086083636
5	0.018902805	0.002471380	0.086083636
6	0.016488468	0.001712494	0.086083636
7	0.014145463	0.000949696	0.086083636
8	0.011885690	0.000187389	0.086083636
9	0.009721181	-0.000571292	0.086083636
10	0.007663706	-0.001323554	0.086083636
11	0.005724670	-0.002066756	0.086083636
12	0.003914839	-0.002797824	0.086083636
13	0.002244288	-0.003513206	0.086083636
14	0.000722001	-0.004208121	0.086083636
15	-0.000651183	-0.004862254	0.086083636
16	-0.001879147	-0.005448835	0.086083636
17	-0.002958994	-0.005957794	0.086083636
18	-0.003882024	-0.006393272	0.086083636
19	-0.004634993	-0.006770459	0.086083636
20	-0.005198873	-0.007111680	0.086083636
21	-0.005536117	-0.007440150	0.086083636
22	-0.005605865	-0.007710738	0.086083636
23	-0.005582704	-0.007802808	0.086083636
24	-0.005538687	-0.007888591	0.086083636
25	-0.005335765	-0.008092414	0.086083636
26	-0.004910041	-0.008312286	0.086083636
27	-0.004265973	-0.008491042	0.086083636
28	-0.003418393	-0.008595048	0.086083636
29	-0.002383429	-0.008592846	0.086083636
30	-0.001180352	-0.008456972	0.086083636
31	0.000170179	-0.008171472	0.086083636
32	0.001651513	-0.007739406	0.086083636
33	0.003256768	-0.007186272	0.086083636
34	0.004983438	-0.006539279	0.086083636
35	0.006822637	-0.005804596	0.086083636
36	0.008764659	-0.004987248	0.086083636
37	0.010799634	-0.004093014	0.086083636
38	0.012917518	-0.003128341	0.086083636
39	0.015107907	-0.002099811	0.086083636
40	0.017359983	-0.001013903	0.086083636
41	0.019662072	0.000124136	0.086083636
42	0.022001305	0.001311287	0.086083636
43	0.024362600	0.002549372	0.086083636
44	0.026727603	0.003847990	0.086083636
45	0.029079973	0.005233664	0.086083636
1	0.028775801	0.004755669	0.088394545
2	0.026207701	0.004177767	0.088394545
3	0.023679516	0.003525610	0.088394545
4	0.021193688	0.002831384	0.088394545
5	0.018757265	0.002114200	0.088394545
6	0.016379810	0.001385829	0.088394545
7	0.014072407	0.000653107	0.088394545
8	0.011846780	-0.000079717	0.088394545
9	0.009714774	-0.000809660	0.088394545
10	0.007687974	-0.001534062	0.088394545
11	0.005777603	-0.002250410	0.088394545
12	0.003994262	-0.002955764	0.088394545
13	0.002347876	-0.003646704	0.088394545
14	0.000847300	-0.004318590	0.088394545
15	-0.000506511	-0.004951435	0.088394545
16	-0.001717171	-0.005518931	0.088394545
17	-0.002781753	-0.006011226	0.088394545
18	-0.003691732	-0.006432465	0.088394545
19	-0.004434201	-0.006797675	0.088394545
20	-0.004990622	-0.007128920	0.088394545
21	-0.005324250	-0.007449279	0.088394545
22	-0.005394628	-0.007714649	0.088394545
23	-0.005372507	-0.007805266	0.088394545
24	-0.005329860	-0.007889852	0.088394545
25	-0.005131937	-0.008091541	0.088394545
26	-0.004715248	-0.008310606	0.088394545
27	-0.004083753	-0.008490857	0.088394545
28	-0.003251778	-0.008599145	0.088394545
29	-0.002234938	-0.008604452	0.088394545
30	-0.001051966	-0.008479652	0.088394545
31	0.000276952	-0.008208899	0.088394545
32	0.001735428	-0.007795052	0.088394545
33	0.003316500	-0.007263083	0.088394545
34	0.005017519	-0.006639741	0.088394545
35	0.006829714	-0.005931031	0.088394545
36	0.008743517	-0.005141833	0.088394545
37	0.010749186	-0.004277747	0.088394545
38	0.012836808	-0.003345036	0.088394545
39	0.014996115	-0.002350098	0.088394545
40	0.017216434	-0.001299221	0.088394545
41	0.019486259	-0.000197482	0.088394545
42	0.021792927	0.000952242	0.088394545
43	0.024121636	0.002151843	0.088394545
44	0.026454425	0.003410875	0.088394545
45	0.028775801	0.004755669	0.088394545
1	0.028438591	0.004279291	0.090705455
2	0.025914871	0.003729974	0.090705455
3	0.023429786	0.003107559	0.090705455
4	0.020985962	0.002443599	0.090705455
5	0.018590447	0.001756792	0.090705455
6	0.016252707	0.001058615	0.090705455
7	0.013983669	0.000355687	0.090705455
8	0.011794863	-0.000347896	0.090705455
9	0.009697934	-0.001049301	0.090705455
10	0.007704269	-0.001745996	0.090705455
11	0.005824896	-0.002435598	0.090705455
12	0.004070239	-0.003115295	0.090705455
13	0.002450057	-0.003781802	0.090705455
14	0.000973073	-0.004430624	0.090705455
15	-0.000359653	-0.005042129	0.090705455
16	-0.001551475	-0.005590497	0.090705455
17	-0.002599446	-0.006066098	0.090705455
18	-0.003495225	-0.006473068	0.090705455
19	-0.004226248	-0.006826248	0.090705455
20	-0.004774480	-0.007147413	0.090705455
21	-0.005104008	-0.007459465	0.090705455
22	-0.005174838	-0.007719367	0.090705455
23	-0.005153741	-0.007808426	0.090705455
24	-0.005112471	-0.007891709	0.090705455
25	-0.004919664	-0.008090963	0.090705455
26	-0.004512344	-0.008308797	0.090705455
27	-0.003894000	-0.008490058	0.090705455
28	-0.003078452	-0.008602124	0.090705455
29	-0.002080800	-0.008614456	0.090705455
30	-0.000919233	-0.008500304	0.090705455
31	0.000386553	-0.008243962	0.090705455
32	0.001820449	-0.007848093	0.090705455
33	0.003375439	-0.007337128	0.090705455
34	0.005048744	-0.006737319	0.090705455
35	0.006831715	-0.006054505	0.090705455
36	0.008714938	-0.005293418	0.090705455
37	0.010688809	-0.004459479	0.090705455
38	0.012743561	-0.003558765	0.090705455
39	0.014869076	-0.002597485	0.090705455
40	0.017054838	-0.001581737	0.090705455
41	0.019289523	-0.000516425	0.090705455
42	0.021560691	0.000595711	0.090705455
43	0.023853832	0.001756625	0.090705455
44	0.026151393	0.002975807	0.090705455
45	0.028438591	0.004279291	0.090705455
1	0.028079737	0.003808366	0.093016364
2	0.025602399	0.003286866	0.093016364
3	0.023162424	0.002693499	0.093016364
4	0.020762601	0.002059160	0.093016364
5	0.018409968	0.001402128	0.093016364
6	0.016113883	0.000733577	0.093016364
7	0.013885102	0.000059913	0.093016364
8	0.011734952	-0.000614918	0.093016364
9	0.009674871	-0.001288233	0.093016364
10	0.007716035	-0.001957625	0.093016364
11	0.005869271	-0.002620833	0.093016364
12	0.004144817	-0.003275175	0.093016364
13	0.002552259	-0.003917498	0.093016364
14	0.001100178	-0.004543454	0.093016364
15	-0.000210265	-0.005133786	0.093016364
16	-0.001382174	-0.005663180	0.093016364
17	-0.002412590	-0.006122226	0.093016364
18	-0.003293365	-0.006515043	0.093016364
19	-0.004012280	-0.006856270	0.093016364
20	-0.004551806	-0.007167365	0.093016364
21	-0.004876879	-0.007471028	0.093016364
22	-0.004948015	-0.007725307	0.093016364
23	-0.004927924	-0.007812740	0.093016364
24	-0.004888026	-0.007894646	0.093016364
25	-0.004700383	-0.008091245	0.093016364
26	-0.004302618	-0.008307519	0.093016364
27	-0.003697770	-0.008489386	0.093016364
28	-0.002899160	-0.008604781	0.093016364
29	-0.001921380	-0.008623669	0.093016364
30	-0.000782074	-0.008519704	0.093016364
31	0.000499559	-0.008277343	0.093016364
32	0.001907705	-0.007899069	0.093016364
33	0.003435311	-0.007408760	0.093016364
34	0.005079479	-0.006832150	0.093016364
35	0.006831695	-0.006174909	0.093016364
36	0.008682700	-0.005441621	0.093016364
37	0.010623044	-0.004637527	0.093016364
38	0.012643110	-0.003768521	0.093016364
39	0.014732942	-0.002840621	0.093016364
40	0.016882190	-0.001859735	0.093016364
41	0.019079725	-0.000830596	0.093016364
42	0.021313335	0.000244191	0.093016364
43	0.023568814	0.001366632	0.093016364
44	0.025829023	0.002546142	0.093016364
45	0.028079737	0.003808366	0.093016364
1	0.027709711	0.003346071	0.095327273
2	0.025279852	0.002851468	0.095327273
3	0.022886102	0.002286269	0.095327273
4	0.020531402	0.001680706	0.095327273
5	0.018222765	0.001052632	0.095327273
6	0.015969433	0.000412922	0.095327273
7	0.013781988	-0.000232229	0.095327273
8	0.011671545	-0.000879024	0.095327273
9	0.009649329	-0.001524921	0.095327273
10	0.007726303	-0.002167637	0.095327273
11	0.005913086	-0.002805031	0.095327273
12	0.004219725	-0.003434545	0.095327273
13	0.002655630	-0.004053157	0.095327273
14	0.001229233	-0.004656661	0.095327273
15	-0.000058207	-0.005226192	0.095327273
16	-0.001209558	-0.005736946	0.095327273
17	-0.002221857	-0.006179733	0.095327273
18	-0.003087146	-0.006558647	0.095327273
19	-0.003793553	-0.006888113	0.095327273
20	-0.004324050	-0.007189261	0.095327273
21	-0.004644432	-0.007484561	0.095327273
22	-0.004715756	-0.007733156	0.095327273
23	-0.004696646	-0.007818925	0.095327273
24	-0.004658106	-0.007899411	0.095327273
25	-0.004475615	-0.008093215	0.095327273
26	-0.004087454	-0.008307690	0.095327273
27	-0.003496232	-0.008489843	0.095327273
28	-0.002714787	-0.008608177	0.095327273
29	-0.001757208	-0.008633177	0.095327273
30	-0.000640603	-0.008538917	0.095327273
31	0.000616323	-0.008310035	0.095327273
32	0.001998061	-0.007948849	0.095327273
33	0.003497538	-0.007478687	0.095327273
34	0.005111748	-0.006924750	0.095327273
35	0.006832314	-0.006292536	0.095327273
36	0.008650141	-0.005586486	0.095327273
37	0.010555935	-0.004811663	0.095327273
38	0.012540238	-0.003973777	0.095327273
39	0.014593260	-0.003078661	0.095327273
40	0.016704825	-0.002132034	0.095327273
41	0.018864001	-0.001138460	0.095327273
42	0.021058812	-0.000100413	0.095327273
43	0.023275358	0.000984160	0.095327273
44	0.025496917	0.002124589	0.095327273
45	0.027709711	0.003346071	0.095327273
1	0.027334892	0.002893794	0.097638182
2	0.024952998	0.002425084	0.097638182
3	0.022605990	0.001887064	0.097638182
4	0.020296944	0.001309309	0.097638182
5	0.018032840	0.000709247	0.097638182
6	0.015822798	0.000097458	0.097638182
7	0.013677218	-0.000520069	0.097638182
8	0.011607005	-0.001139682	0.097638182
9	0.009623166	-0.001758974	0.097638182
10	0.007736449	-0.002375783	0.097638182
11	0.005957262	-0.002988082	0.097638182
12	0.004295459	-0.003593437	0.097638182
13	0.002760273	-0.004188947	0.097638182
14	0.001359985	-0.004770555	0.097638182
15	0.000095946	-0.005319786	0.097638182
16	-0.001034491	-0.005812352	0.097638182
17	-0.002028361	-0.006239277	0.097638182
18	-0.002877899	-0.006604627	0.097638182
19	-0.003571573	-0.006922605	0.097638182
20	-0.004092851	-0.007214001	0.097638182
21	-0.004408380	-0.007501043	0.097638182
22	-0.004479782	-0.007743956	0.097638182
23	-0.004461622	-0.007828043	0.097638182
24	-0.004424409	-0.007907085	0.097638182
25	-0.004247013	-0.008097999	0.097638182
26	-0.003868408	-0.008310487	0.097638182
27	-0.003290802	-0.008492654	0.097638182
28	-0.002526557	-0.008613576	0.097638182
29	-0.001589276	-0.008644266	0.097638182
30	-0.000495538	-0.008559229	0.097638182
31	0.000736441	-0.008343298	0.097638182
32	0.002091459	-0.007998633	0.097638182
33	0.003562435	-0.007548015	0.097638182
34	0.005146268	-0.007016110	0.097638182
35	0.006834718	-0.006408244	0.097638182
36	0.008618858	-0.005728717	0.097638182
37	0.010489553	-0.004982417	0.097638182
38	0.012437509	-0.004174878	0.097638182
39	0.014453102	-0.003311747	0.097638182
40	0.016526337	-0.002398557	0.097638182
41	0.018646480	-0.001439711	0.097638182
42	0.020801793	-0.000437553	0.097638182
43	0.022978684	0.000610010	0.097638182
44	0.025160842	0.001712217	0.097638182
45	0.027334892	0.002893794	0.097638182
1	0.026958506	0.002451756	0.099949091
2	0.024624688	0.002007892	0.099949091
3	0.022324569	0.001496012	0.099949091
4	0.020061344	0.000945034	0.099949091
5	0.017841952	0.000371970	0.099949091
6	0.015675386	-0.000212888	0.099949091
7	0.013571863	-0.000803753	0.099949091
8	0.011542075	-0.001397112	0.099949091
9	0.009596812	-0.001990690	0.099949091
10	0.007746604	-0.002582438	0.099949091
11	0.006001650	-0.003170440	0.099949091
12	0.004371610	-0.003752380	0.099949091
13	0.002865536	-0.004325480	0.099949091
14	0.001491560	-0.004885821	0.099949091
15	0.000251116	-0.005415328	0.099949091
16	-0.000858229	-0.005890223	0.099949091
17	-0.001833518	-0.006301740	0.099949091
18	-0.002667175	-0.006653913	0.099949091
19	-0.003348003	-0.006960716	0.099949091
20	-0.003859954	-0.007242600	0.099949091
21	-0.004170515	-0.007521532	0.099949091
22	-0.004241894	-0.007758803	0.099949091
23	-0.004224649	-0.007841203	0.099949091
24	-0.004188731	-0.007918789	0.099949091
25	-0.004016343	-0.008106744	0.099949091
26	-0.003647190	-0.008317094	0.099949091
27	-0.003083101	-0.008499032	0.099949091
28	-0.002335976	-0.008622216	0.099949091
29	-0.001418944	-0.008658189	0.099949091
30	-0.000348071	-0.008581895	0.099949091
31	0.000858911	-0.008378367	0.099949091
32	0.002187108	-0.008049618	0.099949091
33	0.003629443	-0.007617889	0.099949091
34	0.005182726	-0.007107307	0.099949091
35	0.006838860	-0.006523033	0.099949091
36	0.008589085	-0.005869228	0.099949091
37	0.010424426	-0.005150612	0.099949091
38	0.012335755	-0.004372541	0.099949091
39	0.014313620	-0.003540484	0.099949091
40	0.016348203	-0.002659795	0.099949091
41	0.018428975	-0.001734714	0.099949091
42	0.020544433	-0.000767465	0.099949091
43	0.022681291	0.000244083	0.099949091
44	0.024823647	0.001309070	0.099949091
45	0.026958506	0.002451756	0.099949091
1	0.026583008	0.002020281	0.102260000
2	0.024297064	0.001600181	0.102260000
3	0.022043668	0.001113354	0.102260000
4	0.019826123	0.000588074	0.102260000
5	0.017651320	0.000040944	0.102260000
6	0.015528123	-0.000518029	0.102260000
7	0.013466562	-0.001083250	0.102260000
8	0.011477118	-0.001651342	0.102260000
9	0.009570363	-0.002220153	0.102260000
10	0.007756612	-0.002787747	0.102260000
11	0.006045856	-0.003352311	0.102260000
12	0.004447558	-0.003911644	0.102260000
13	0.002970594	-0.004463083	0.102260000
14	0.001622942	-0.005002848	0.102260000
15	0.000406117	-0.005513261	0.102260000
16	-0.000682114	-0.005971047	0.102260000
17	-0.001638805	-0.006367652	0.102260000
18	-0.002456568	-0.006707069	0.102260000
19	-0.003124531	-0.007003045	0.102260000
20	-0.003627119	-0.007275683	0.102260000
21	-0.003932649	-0.007546681	0.102260000
22	-0.004003927	-0.007778378	0.102260000
23	-0.003987563	-0.007859100	0.102260000
24	-0.003952905	-0.007935228	0.102260000
25	-0.003785422	-0.008120189	0.102260000
26	-0.003425574	-0.008328283	0.102260000
27	-0.002874830	-0.008509786	0.102260000
28	-0.002144646	-0.008634930	0.102260000
29	-0.001247694	-0.008675790	0.102260000
30	-0.000199539	-0.008607749	0.102260000
31	0.000982560	-0.008416052	0.102260000
32	0.002284014	-0.008102574	0.102260000
33	0.003697762	-0.007689029	0.102260000
34	0.005220535	-0.007199008	0.102260000
35	0.006844379	-0.006637507	0.102260000
36	0.008560701	-0.006008553	0.102260000
37	0.010360688	-0.005316703	0.102260000
38	0.012235378	-0.004567141	0.102260000
39	0.014175489	-0.003765162	0.102260000
40	0.016171385	-0.002915943	0.102260000
41	0.018212739	-0.002023573	0.102260000
42	0.020288282	-0.001090154	0.102260000
43	0.022385032	-0.000113524	0.102260000
44	0.024487484	0.000915358	0.102260000
45	0.026583008	0.002020281	0.102260000
1	0.026212322	0.001600865	0.104570909
2	0.023973626	0.001203381	0.104570909
3	0.021766369	0.000740450	0.104570909
4	0.019593949	0.000239715	0.104570909
5	0.017463207	-0.000282623	0.104570909
6	0.015382871	-0.000816832	0.104570909
7	0.013362791	-0.001357505	0.104570909
8	0.011413235	-0.001901394	0.104570909
9	0.009544563	-0.002446468	0.104570909
10	0.007766875	-0.002990893	0.104570909
11	0.006089956	-0.003532959	0.104570909
12	0.004523079	-0.004070572	0.104570909
13	0.003074942	-0.004601183	0.104570909
14	0.001753372	-0.005121142	0.104570909
15	0.000559957	-0.005613166	0.104570909
16	-0.000507347	-0.006054476	0.104570909
17	-0.001445606	-0.006436721	0.104570909
18	-0.002247616	-0.006763855	0.104570909
19	-0.002902822	-0.007049393	0.104570909
20	-0.003396111	-0.007313091	0.104570909
21	-0.003696612	-0.007576373	0.104570909
22	-0.003767734	-0.007802602	0.104570909
23	-0.003752217	-0.007881667	0.104570909
24	-0.003718779	-0.007956353	0.104570909
25	-0.003556069	-0.008138317	0.104570909
26	-0.003205309	-0.008344077	0.104570909
27	-0.002667636	-0.008524967	0.104570909
28	-0.001954079	-0.008651788	0.104570909
29	-0.001076870	-0.008697142	0.104570909
30	-0.000051093	-0.008636852	0.104570909
31	0.001106454	-0.008456380	0.104570909
32	0.002381487	-0.008157476	0.104570909
33	0.003766968	-0.007761349	0.104570909
34	0.005259559	-0.007291051	0.104570909
35	0.006851445	-0.006751419	0.104570909
36	0.008534201	-0.006146352	0.104570909
37	0.010299176	-0.005480246	0.104570909
38	0.012137570	-0.004758123	0.104570909
39	0.014040274	-0.003985107	0.104570909
40	0.015997829	-0.003166206	0.104570909
41	0.018000108	-0.002305358	0.104570909
42	0.020036078	-0.001404554	0.104570909
43	0.022093048	-0.000461602	0.104570909
44	0.024155906	0.000532436	0.104570909
45	0.026212322	0.001600865	0.104570909
1	0.025852950	0.001196343	0.106881818
2	0.023660265	0.000820257	0.106881818
3	0.021497955	0.000379987	0.106881818
4	0.019369504	-0.000097445	0.106881818
5	0.017281700	-0.000596224	0.106881818
6	0.015243140	-0.001106887	0.106881818
7	0.013263495	-0.001624206	0.106881818
8	0.011352829	-0.002145056	0.106881818
9	0.009521290	-0.002667520	0.106881818
10	0.007778773	-0.003189863	0.106881818
11	0.006134862	-0.003710471	0.106881818
12	0.004598642	-0.004227353	0.106881818
13	0.003178638	-0.004738068	0.106881818
14	0.001882533	-0.005239094	0.106881818
15	0.000711982	-0.005713539	0.106881818
16	-0.000334879	-0.006139104	0.106881818
17	-0.001255135	-0.006507628	0.106881818
18	-0.002041759	-0.006823021	0.106881818
19	-0.002684503	-0.007098573	0.106881818
20	-0.003168698	-0.007353695	0.106881818
21	-0.003464262	-0.007609537	0.106881818
22	-0.003535195	-0.007830465	0.106881818
23	-0.003520486	-0.007907916	0.106881818
24	-0.003488215	-0.007981192	0.106881818
25	-0.003330093	-0.008160202	0.106881818
26	-0.002988105	-0.008363592	0.106881818
27	-0.002463080	-0.008543734	0.106881818
28	-0.001765641	-0.008671985	0.106881818
29	-0.000907602	-0.008721461	0.106881818
30	0.000096418	-0.008668422	0.106881818
31	0.001230064	-0.008498548	0.106881818
32	0.002479352	-0.008213479	0.106881818
33	0.003837273	-0.007833929	0.106881818
34	0.005300426	-0.007382431	0.106881818
35	0.006861135	-0.006863661	0.106881818
36	0.008511135	-0.006281396	0.106881818
37	0.010241934	-0.005639879	0.106881818
38	0.012044894	-0.004943975	0.106881818
39	0.013911072	-0.004198645	0.106881818
40	0.015831184	-0.003408734	0.106881818
41	0.017795298	-0.002578038	0.106881818
42	0.019792607	-0.001708441	0.106881818
43	0.021810709	-0.000797726	0.106881818
44	0.023834868	0.000162937	0.106881818
45	0.025852950	0.001196343	0.106881818
1	0.025512697	0.000809380	0.109192727
2	0.023364063	0.000453438	0.109192727
3	0.021244792	0.000034531	0.109192727
4	0.019158450	-0.000420908	0.109192727
5	0.017111770	-0.000897443	0.109192727
6	0.015113225	-0.001385862	0.109192727
7	0.013172312	-0.001881111	0.109192727
8	0.011298900	-0.002380180	0.109192727
9	0.009502937	-0.002881261	0.109192727
10	0.007794117	-0.003382711	0.109192727
11	0.006181834	-0.003883007	0.109192727
12	0.004674993	-0.004380258	0.109192727
13	0.003281954	-0.004872122	0.109192727
14	0.002010260	-0.005355203	0.109192727
15	0.000861635	-0.005812989	0.109192727
16	-0.000165622	-0.006223639	0.109192727
17	-0.001068612	-0.006579167	0.109192727
18	-0.001840483	-0.006883438	0.109192727
19	-0.002471277	-0.007149520	0.109192727
20	-0.002946747	-0.007396496	0.109192727
21	-0.003237567	-0.007645249	0.109192727
22	-0.003308306	-0.007861112	0.109192727
23	-0.003294361	-0.007937022	0.109192727
24	-0.003263197	-0.008008946	0.109192727
25	-0.003109437	-0.008185107	0.109192727
26	-0.002775805	-0.008386181	0.109192727
27	-0.002262845	-0.008565526	0.109192727
28	-0.001580797	-0.008695036	0.109192727
29	-0.000741076	-0.008748322	0.109192727
30	0.000242135	-0.008702060	0.109192727
31	0.001352905	-0.008542149	0.109192727
32	0.002577537	-0.008270126	0.109192727
33	0.003909058	-0.007906244	0.109192727
34	0.005344007	-0.007472525	0.109192727
35	0.006874840	-0.006973498	0.109192727
36	0.008493449	-0.006412819	0.109192727
37	0.010191492	-0.005794590	0.109192727
38	0.011960486	-0.005123523	0.109192727
39	0.013791649	-0.004404425	0.109192727
40	0.015675863	-0.003641990	0.109192727
41	0.017603385	-0.002839875	0.109192727
42	0.019563625	-0.001999866	0.109192727
43	0.021544454	-0.001119725	0.109192727
44	0.023531499	-0.000190729	0.109192727
45	0.025512697	0.000809380	0.109192727
1	0.025199188	0.000440911	0.111503636
2	0.023091918	0.000103859	0.111503636
3	0.021013061	-0.000295005	0.111503636
4	0.018966256	-0.000729806	0.111503636
5	0.016958190	-0.001185463	0.111503636
6	0.014997217	-0.001653005	0.111503636
7	0.013092672	-0.002127538	0.111503636
8	0.011254240	-0.002606163	0.111503636
9	0.009491680	-0.003087170	0.111503636
10	0.007814502	-0.003569007	0.111503636
11	0.006231916	-0.004050235	0.111503636
12	0.004752661	-0.004529054	0.111503636
13	0.003384942	-0.005003220	0.111503636
14	0.002136170	-0.005469453	0.111503636
15	0.001008134	-0.005911607	0.111503636
16	-0.000000710	-0.006308262	0.111503636
17	-0.000887486	-0.006651597	0.111503636
18	-0.001645502	-0.006945430	0.111503636
19	-0.002265075	-0.007202622	0.111503636
20	-0.002732353	-0.007441948	0.111503636
21	-0.003018721	-0.007684044	0.111503636
22	-0.003089285	-0.007895149	0.111503636
23	-0.003076065	-0.007969608	0.111503636
24	-0.003045947	-0.008040266	0.111503636
25	-0.002896294	-0.008213764	0.111503636
26	-0.002570516	-0.008412680	0.111503636
27	-0.002068886	-0.008591293	0.111503636
28	-0.001401287	-0.008721995	0.111503636
29	-0.000578762	-0.008778854	0.111503636
30	0.000384916	-0.008738943	0.111503636
31	0.001474211	-0.008588364	0.111503636
32	0.002675695	-0.008328566	0.111503636
33	0.003982432	-0.007979378	0.111503636
34	0.005390905	-0.007562341	0.111503636
35	0.006893693	-0.007081835	0.111503636
36	0.008482832	-0.006541412	0.111503636
37	0.010150126	-0.005945034	0.111503636
38	0.011887235	-0.005297274	0.111503636
39	0.013685527	-0.004602796	0.111503636
40	0.015536044	-0.003866146	0.111503636
41	0.017429218	-0.003090857	0.111503636
42	0.019354661	-0.002278618	0.111503636
43	0.021300503	-0.001427177	0.111503636
44	0.023252711	-0.000527907	0.111503636
45	0.025199188	0.000440911	0.111503636
1	0.024918801	0.000089270	0.113814545
2	0.022849546	-0.000230122	0.113814545
3	0.020807823	-0.000610277	0.113814545
4	0.018797345	-0.001025830	0.113814545
5	0.016824753	-0.001462024	0.113814545
6	0.014898295	-0.001910109	0.113814545
7	0.013027157	-0.002365341	0.113814545
8	0.011220853	-0.002824919	0.113814545
9	0.009488971	-0.003287232	0.113814545
10	0.007840849	-0.003750808	0.113814545
11	0.006285530	-0.004214288	0.113814545
12	0.004831600	-0.004675960	0.113814545
13	0.003487121	-0.005133668	0.113814545
14	0.002259384	-0.005584244	0.113814545
15	0.001150244	-0.006011880	0.113814545
16	0.000158298	-0.006395543	0.113814545
17	-0.000713597	-0.006727555	0.113814545
18	-0.001458898	-0.007011694	0.113814545
19	-0.002068174	-0.007260632	0.113814545
20	-0.002527941	-0.007492865	0.113814545
21	-0.002810236	-0.007728806	0.113814545
22	-0.002880667	-0.007935524	0.113814545
23	-0.002868124	-0.008008658	0.113814545
24	-0.002838982	-0.008078157	0.113814545
25	-0.002693146	-0.008249238	0.113814545
26	-0.002374637	-0.008446237	0.113814545
27	-0.001883466	-0.008624275	0.113814545
28	-0.001229181	-0.008756191	0.113814545
29	-0.000422484	-0.008816468	0.113814545
30	0.000523230	-0.008782532	0.113814545
31	0.001592788	-0.008640676	0.113814545
32	0.002773011	-0.008392274	0.113814545
33	0.004056993	-0.008056769	0.113814545
34	0.005441162	-0.007655256	0.113814545
35	0.006918209	-0.007191978	0.113814545
36	0.008480306	-0.006670385	0.113814545
37	0.010119386	-0.006094314	0.113814545
38	0.011827244	-0.005468210	0.113814545
39	0.013595383	-0.004796600	0.113814545
40	0.015414990	-0.004083896	0.113814545
41	0.017276659	-0.003333513	0.113814545
42	0.019170189	-0.002547052	0.113814545
43	0.021083947	-0.001722240	0.113814545
44	0.023004210	-0.000850538	0.113814545
45	0.024918801	0.000089270	0.113814545
1	0.024677318	-0.000247610	0.116125455
2	0.022642096	-0.000550614	0.116125455
3	0.020633610	-0.000913470	0.116125455
4	0.018655639	-0.001311259	0.116125455
5	0.016714787	-0.001729508	0.116125455
6	0.014819205	-0.002159663	0.116125455
7	0.012977944	-0.002597116	0.116125455
8	0.011200370	-0.003039158	0.116125455
9	0.009495914	-0.003484264	0.116125455
10	0.007873760	-0.003931041	0.116125455
11	0.006342805	-0.004378203	0.116125455
12	0.004911494	-0.004824120	0.116125455
13	0.003587764	-0.005266719	0.116125455
14	0.002378800	-0.005702934	0.116125455
15	0.001286521	-0.006117273	0.116125455
16	0.000309653	-0.006489040	0.116125455
17	-0.000548961	-0.006810683	0.116125455
18	-0.001282915	-0.007085941	0.116125455
19	-0.001883009	-0.007327322	0.116125455
20	-0.002336089	-0.007553075	0.116125455
21	-0.002614786	-0.007783422	0.116125455
22	-0.002685153	-0.007986183	0.116125455
23	-0.002673247	-0.008058113	0.116125455
24	-0.002645009	-0.008126583	0.116125455
25	-0.002502665	-0.008295550	0.116125455
26	-0.002190748	-0.008490940	0.116125455
27	-0.001709021	-0.008668617	0.116125455
28	-0.001066726	-0.008801815	0.116125455
29	-0.000274250	-0.008865381	0.116125455
30	0.000655351	-0.008837055	0.116125455
31	0.001707234	-0.008703295	0.116125455
32	0.002868438	-0.008465411	0.116125455
33	0.004132082	-0.008142508	0.116125455
34	0.005494541	-0.007755274	0.116125455
35	0.006948604	-0.007307824	0.116125455
36	0.008486561	-0.006803518	0.116125455
37	0.010100464	-0.006246078	0.116125455
38	0.011782224	-0.005639829	0.116125455
39	0.013523467	-0.004989175	0.116125455
40	0.015315510	-0.004298407	0.116125455
41	0.017149090	-0.003570830	0.116125455
42	0.019014170	-0.002807961	0.116125455
43	0.020899332	-0.002007501	0.116125455
44	0.022791132	-0.001160980	0.116125455
45	0.024677318	-0.000247610	0.116125455
1	0.024481526	-0.000568435	0.118436364
2	0.022475677	-0.000856456	0.118436364
3	0.020495858	-0.001203565	0.118436364
4	0.018545910	-0.001585221	0.118436364
5	0.016632408	-0.001987194	0.118436364
6	0.014763422	-0.002401100	0.118436364
7	0.012947891	-0.002822449	0.118436364
8	0.011195047	-0.003248616	0.118436364
9	0.009514189	-0.003678155	0.118436364
10	0.007914369	-0.004109745	0.118436364
11	0.006404354	-0.004542166	0.118436364
12	0.004992473	-0.004973865	0.118436364
13	0.003686550	-0.005402844	0.118436364
14	0.002493682	-0.005826132	0.118436364
15	0.001415853	-0.006228518	0.118436364
16	0.000451911	-0.006589598	0.118436364
17	-0.000395318	-0.006901923	0.118436364
18	-0.001119546	-0.007169197	0.118436364
19	-0.001711778	-0.007403788	0.118436364
20	-0.002159157	-0.007623737	0.118436364
21	-0.002434834	-0.007849115	0.118436364
22	-0.002505243	-0.008048412	0.118436364
23	-0.002493926	-0.008119327	0.118436364
24	-0.002466503	-0.008186917	0.118436364
25	-0.002327258	-0.008354113	0.118436364
26	-0.002021133	-0.008548232	0.118436364
27	-0.001547660	-0.008725783	0.118436364
28	-0.000915804	-0.008860330	0.118436364
29	-0.000135675	-0.008927030	0.118436364
30	0.000779974	-0.008903892	0.118436364
31	0.001816588	-0.008777518	0.118436364
32	0.002961398	-0.008549169	0.118436364
33	0.004207542	-0.008237666	0.118436364
34	0.005551337	-0.007863331	0.118436364
35	0.006985656	-0.007430162	0.118436364
36	0.008502893	-0.006941436	0.118436364
37	0.010095197	-0.006400772	0.118436364
38	0.011754581	-0.005812391	0.118436364
39	0.013472777	-0.005180586	0.118436364
40	0.015241208	-0.004509539	0.118436364
41	0.017050736	-0.003802452	0.118436364
42	0.018891468	-0.003060766	0.118436364
43	0.020752167	-0.002282152	0.118436364
44	0.022619633	-0.001458184	0.118436364
45	0.024481526	-0.000568435	0.118436364
1	0.024340357	-0.000866074	0.120747273
2	0.022358445	-0.001140682	0.120747273
3	0.020401941	-0.001473746	0.120747273
4	0.018474757	-0.001841042	0.120747273
5	0.016583453	-0.002228546	0.120747273
6	0.014736038	-0.002628023	0.120747273
7	0.012941359	-0.003035086	0.120747273
8	0.011208545	-0.003447182	0.120747273
9	0.009546783	-0.003862938	0.120747273
10	0.007965019	-0.004281095	0.120747273
11	0.006471914	-0.004700496	0.120747273
12	0.005075700	-0.005119655	0.120747273
13	0.003784115	-0.005536641	0.120747273
14	0.002604181	-0.005948569	0.120747273
15	0.001537954	-0.006340479	0.120747273
16	0.000584390	-0.006692198	0.120747273
17	-0.000253692	-0.006996358	0.120747273
18	-0.000970109	-0.007256633	0.120747273
19	-0.001556043	-0.007485274	0.120747273
20	-0.001998897	-0.007700154	0.120747273
21	-0.002272281	-0.007921234	0.120747273
22	-0.002342916	-0.008117622	0.120747273
23	-0.002332138	-0.008187707	0.120747273
24	-0.002305431	-0.008254596	0.120747273
25	-0.002168826	-0.008420418	0.120747273
26	-0.001867549	-0.008613650	0.120747273
27	-0.001400931	-0.008791330	0.120747273
28	-0.000777701	-0.008927294	0.120747273
29	-0.000007728	-0.008996947	0.120747273
30	0.000896494	-0.008978521	0.120747273
31	0.001920654	-0.008858743	0.120747273
32	0.003052148	-0.008638841	0.120747273
33	0.004284125	-0.008337415	0.120747273
34	0.005612842	-0.007974461	0.120747273
35	0.007031234	-0.007553869	0.120747273
36	0.008531781	-0.007078848	0.120747273
37	0.010106709	-0.006552926	0.120747273
38	0.011748113	-0.005980231	0.120747273
39	0.013447807	-0.005364961	0.120747273
40	0.015197302	-0.004711202	0.120747273
41	0.016987559	-0.004022070	0.120747273
42	0.018808799	-0.003298930	0.120747273
43	0.020649940	-0.002539429	0.120747273
44	0.022497987	-0.001735168	0.120747273
45	0.024340357	-0.000866074	0.120747273
1	0.024263185	-0.001132053	0.123058182
2	0.022298995	-0.001394765	0.123058182
3	0.020359677	-0.001715428	0.123058182
4	0.018449221	-0.002070081	0.123058182
5	0.016574196	-0.002444876	0.123058182
6	0.014742573	-0.002831704	0.123058182
7	0.012963138	-0.003226269	0.123058182
8	0.011244944	-0.003626080	0.123058182
9	0.009597096	-0.004029827	0.123058182
10	0.008028460	-0.004436310	0.123058182
11	0.006547619	-0.004844427	0.123058182
12	0.005162736	-0.005252750	0.123058182
13	0.003881482	-0.005659409	0.123058182
14	0.002710831	-0.006061593	0.123058182
15	0.001652911	-0.006444557	0.123058182
16	0.000706782	-0.006788294	0.123058182
17	-0.000124741	-0.007085488	0.123058182
18	-0.000835559	-0.007339786	0.123058182
19	-0.001417003	-0.007563355	0.123058182
20	-0.001856696	-0.007773948	0.123058182
21	-0.002128621	-0.007991477	0.123058182
22	-0.002199695	-0.008185581	0.123058182
23	-0.002189405	-0.008255053	0.123058182
24	-0.002163308	-0.008321444	0.123058182
25	-0.002028838	-0.008486363	0.123058182
26	-0.001731363	-0.008679190	0.123058182
27	-0.001270036	-0.008857364	0.123058182
28	-0.000653390	-0.008994922	0.123058182
29	0.000108909	-0.009067449	0.123058182
30	0.001004580	-0.009053344	0.123058182
31	0.002019511	-0.008939430	0.123058182
32	0.003141227	-0.008726916	0.123058182
33	0.004362875	-0.008434242	0.123058182
34	0.005680643	-0.008081134	0.123058182
35	0.007087512	-0.007671384	0.123058182
36	0.008576020	-0.007208145	0.123058182
37	0.010138450	-0.006694866	0.123058182
38	0.011766953	-0.006135599	0.123058182
39	0.013453401	-0.005534462	0.123058182
40	0.015189367	-0.004895461	0.123058182
41	0.016965882	-0.004221635	0.123058182
42	0.018773255	-0.003514292	0.123058182
43	0.020600522	-0.002771050	0.123058182
44	0.022434854	-0.001983533	0.123058182
45	0.024263185	-0.001132053	0.123058182
1	0.024255523	-0.001366863	0.125369091
2	0.022302317	-0.001618843	0.125369091
3	0.020373529	-0.001928439	0.125369091
4	0.018473248	-0.002271891	0.125369091
5	0.016608071	-0.002635480	0.125369091
6	0.014785962	-0.003011203	0.125369091
7	0.013015677	-0.003394837	0.125369091
8	0.011306219	-0.003783947	0.125369091
9	0.009666647	-0.004177278	0.125369091
10	0.008105777	-0.004573685	0.125369091
11	0.006632143	-0.004972112	0.125369091
12	0.005253864	-0.005371188	0.125369091
13	0.003978575	-0.005769094	0.125369091
14	0.002813222	-0.006163085	0.125369091
15	0.001760016	-0.006538580	0.125369091
16	0.000818110	-0.006875669	0.125369091
17	-0.000009677	-0.007167051	0.125369091
18	-0.000717310	-0.007416360	0.125369091
19	-0.001296236	-0.007635718	0.125369091
20	-0.001734246	-0.007842828	0.125369091
21	-0.002005602	-0.008057616	0.125369091
22	-0.002077282	-0.008250133	0.125369091
23	-0.002067433	-0.008319225	0.125369091
24	-0.002041845	-0.008385344	0.125369091
25	-0.001909027	-0.008549914	0.125369091
26	-0.001614310	-0.008742977	0.125369091
27	-0.001156666	-0.008922223	0.125369091
28	-0.000544460	-0.009061796	0.125369091
29	0.000212807	-0.009137378	0.125369091
30	0.001103022	-0.009127454	0.125369091
31	0.002112221	-0.009018897	0.125369091
32	0.003228010	-0.008812902	0.125369091
33	0.004443513	-0.008527811	0.125369091
34	0.005754839	-0.008183154	0.125369091
35	0.007154990	-0.007782641	0.125369091
36	0.008636538	-0.007329379	0.125369091
37	0.010191796	-0.006826750	0.125369091
38	0.011812945	-0.006278750	0.125369091
39	0.013491887	-0.005689427	0.125369091
40	0.015220229	-0.005062725	0.125369091
41	0.016989042	-0.004401623	0.125369091
42	0.018788690	-0.003707375	0.125369091
43	0.020608291	-0.002977571	0.125369091
44	0.022435138	-0.002203841	0.125369091
45	0.024255523	-0.001366863	0.125369091
1	0.024315263	-0.001586618	0.127680000
2	0.022366261	-0.001828634	0.127680000
3	0.020441325	-0.002128190	0.127680000
4	0.018544649	-0.002461614	0.127680000
5	0.016682878	-0.002815261	0.127680000
6	0.014863995	-0.003181194	0.127680000
7	0.013096750	-0.003555248	0.127680000
8	0.011390133	-0.003935032	0.127680000
9	0.009753184	-0.004319345	0.127680000
10	0.008194701	-0.004707091	0.127680000
11	0.006723200	-0.005097260	0.127680000
12	0.005346785	-0.005488530	0.127680000
13	0.004073079	-0.005879128	0.127680000
14	0.002909027	-0.006266364	0.127680000
15	0.001856925	-0.006635765	0.127680000
16	0.000916013	-0.006967435	0.127680000
17	0.000089122	-0.007254067	0.127680000
18	-0.000617753	-0.007499295	0.127680000
19	-0.001196140	-0.007715252	0.127680000
20	-0.001633949	-0.007919659	0.127680000
21	-0.001905601	-0.008132534	0.127680000
22	-0.001978063	-0.008324159	0.127680000
23	-0.001968609	-0.008393118	0.127680000
24	-0.001943449	-0.008459195	0.127680000
25	-0.001811882	-0.008624034	0.127680000
26	-0.001518983	-0.008818120	0.127680000
27	-0.001063503	-0.008999221	0.127680000
28	-0.000453661	-0.009141474	0.127680000
29	0.000301177	-0.009220549	0.127680000
30	0.001189018	-0.009214922	0.127680000
31	0.002195988	-0.009111448	0.127680000
32	0.003309721	-0.008911307	0.127680000
33	0.004523285	-0.008632818	0.127680000
34	0.005832701	-0.008295400	0.127680000
35	0.007230967	-0.007902695	0.127680000
36	0.008710662	-0.007457778	0.127680000
37	0.010264102	-0.006963979	0.127680000
38	0.011883473	-0.006425248	0.127680000
39	0.013560677	-0.005845584	0.127680000
40	0.015287326	-0.005228880	0.127680000
41	0.017054502	-0.004578066	0.127680000
42	0.018852588	-0.003894343	0.127680000
43	0.020670745	-0.003175260	0.127680000
44	0.022496339	-0.002412404	0.127680000
45	0.024315263	-0.001586618	0.127680000
1	0.024396091	-0.001745779	0.129347976
2	0.022446123	-0.001981169	0.129347976
3	0.020520043	-0.002274228	0.129347976
4	0.018622116	-0.002601266	0.129347976
5	0.016759027	-0.002948638	0.129347976
6	0.014938786	-0.003308432	0.129347976
7	0.013170157	-0.003676511	0.129347976
8	0.011462137	-0.004050509	0.129347976
9	0.009823772	-0.004429262	0.129347976
10	0.008263862	-0.004811706	0.129347976
11	0.006790931	-0.005196862	0.129347976
12	0.005413087	-0.005583443	0.129347976
13	0.004137961	-0.005969703	0.129347976
14	0.002972511	-0.006352985	0.129347976
15	0.001919091	-0.006718850	0.129347976
16	0.000977003	-0.007047377	0.129347976
17	0.000149093	-0.007331243	0.129347976
18	-0.000558658	-0.007574095	0.129347976
19	-0.001137816	-0.007788101	0.129347976
20	-0.001576344	-0.007991040	0.129347976
21	-0.001848722	-0.008203024	0.129347976
22	-0.001921845	-0.008394421	0.129347976
23	-0.001912653	-0.008463420	0.129347976
24	-0.001887754	-0.008529604	0.129347976
25	-0.001756846	-0.008694998	0.129347976
26	-0.001464689	-0.008890268	0.129347976
27	-0.001009856	-0.009073136	0.129347976
28	-0.000400477	-0.009217665	0.129347976
29	0.000354157	-0.009299454	0.129347976
30	0.001242113	-0.009296914	0.129347976
31	0.002249543	-0.009196860	0.129347976
32	0.003364072	-0.009000465	0.129347976
33	0.004578715	-0.008726077	0.129347976
34	0.005889420	-0.008393079	0.129347976
35	0.007289169	-0.008005075	0.129347976
36	0.008770532	-0.007565125	0.129347976
37	0.010325810	-0.007076529	0.129347976
38	0.011947175	-0.006543213	0.129347976
39	0.013626517	-0.005969148	0.129347976
40	0.015355433	-0.005358202	0.129347976
41	0.017124992	-0.004713269	0.129347976
42	0.018925571	-0.004035514	0.129347976
43	0.020746336	-0.003322438	0.129347976
44	0.022574672	-0.002565561	0.129347976
45	0.024396091	-0.001745779	0.129347976
1	0.024504782	-0.001902352	0.131006623
2	0.022550811	-0.002131974	0.131006623
3	0.020620610	-0.002419506	0.131006623
4	0.018718512	-0.002741181	0.131006623
5	0.016851246	-0.003083323	0.131006623
6	0.015026859	-0.003438025	0.131006623
7	0.013254138	-0.003801164	0.131006623
8	0.011542104	-0.004170398	0.131006623
9	0.009899819	-0.004544590	0.131006623
10	0.008336105	-0.004922708	0.131006623
11	0.006859499	-0.005303804	0.131006623
12	0.005478132	-0.005686618	0.131006623
13	0.004199651	-0.006069431	0.131006623
14	0.003031038	-0.006449612	0.131006623
15	0.001974707	-0.006812737	0.131006623
16	0.001030017	-0.007138831	0.131006623
17	0.000199834	-0.007420548	0.131006623
18	-0.000509864	-0.007661552	0.131006623
19	-0.001090669	-0.007874058	0.131006623
20	-0.001530577	-0.008075925	0.131006623
21	-0.001804085	-0.008287390	0.131006623
22	-0.001877971	-0.008478862	0.131006623
23	-0.001869012	-0.008548009	0.131006623
24	-0.001844316	-0.008614397	0.131006623
25	-0.001713798	-0.008780551	0.131006623
26	-0.001421848	-0.008977194	0.131006623
27	-0.000966883	-0.009161943	0.131006623
28	-0.000356964	-0.009308759	0.131006623
29	0.000398674	-0.009393144	0.131006623
30	0.001288133	-0.009393426	0.131006623
31	0.002297574	-0.009296368	0.131006623
32	0.003414597	-0.009103140	0.131006623
33	0.004632156	-0.008832142	0.131006623
34	0.005946127	-0.008502748	0.131006623
35	0.007349464	-0.008118529	0.131006623
36	0.008834716	-0.007682535	0.131006623
37	0.010394161	-0.007198041	0.131006623
38	0.012019946	-0.006668958	0.131006623
39	0.013703931	-0.006099237	0.131006623
40	0.015437690	-0.005492725	0.131006623
41	0.017212265	-0.004852289	0.131006623
42	0.019018011	-0.004179055	0.131006623
43	0.020844079	-0.003470473	0.131006623
44	0.022677853	-0.002717975	0.131006623
45	0.024504782	-0.001902352	0.131006623
1	0.024638333	-0.002039355	0.132646667
2	0.022677803	-0.002264523	0.132646667
3	0.020740961	-0.002547829	0.132646667
4	0.018832211	-0.002865431	0.132646667
5	0.016958338	-0.003203616	0.132646667
6	0.015127434	-0.003554478	0.132646667
7	0.013348323	-0.003913905	0.132646667
8	0.011630058	-0.004279569	0.132646667
9	0.009981733	-0.004650358	0.132646667
10	0.008412198	-0.005025266	0.132646667
11	0.006930020	-0.005403366	0.132646667
12	0.005543356	-0.005783425	0.132646667
13	0.004259883	-0.006163745	0.132646667
14	0.003086612	-0.006541715	0.132646667
15	0.002026020	-0.006902915	0.132646667
16	0.001077521	-0.007227310	0.132646667
17	0.000244006	-0.007507519	0.132646667
18	-0.000468546	-0.007747223	0.132646667
19	-0.001051740	-0.007958683	0.132646667
20	-0.001493599	-0.008159837	0.132646667
21	-0.001768634	-0.008371055	0.132646667
22	-0.001843424	-0.008562846	0.132646667
23	-0.001834662	-0.008632232	0.132646667
24	-0.001810088	-0.008698896	0.132646667
25	-0.001679620	-0.008865906	0.132646667
26	-0.001387277	-0.009063886	0.132646667
27	-0.000931387	-0.009250338	0.132646667
28	-0.000319976	-0.009399129	0.132646667
29	0.000437754	-0.009485673	0.132646667
30	0.001329925	-0.009488225	0.132646667
31	0.002342697	-0.009393503	0.132646667
32	0.003463645	-0.009202679	0.132646667
33	0.004685662	-0.008934205	0.132646667
34	0.006004554	-0.008607458	0.132646667
35	0.007413241	-0.008225982	0.132646667
36	0.008904244	-0.007792825	0.132646667
37	0.010469807	-0.007311242	0.132646667
38	0.012102040	-0.006785133	0.132646667
39	0.013792771	-0.006218437	0.132646667
40	0.015533533	-0.005614987	0.132646667
41	0.017315334	-0.004977631	0.132646667
42	0.019128496	-0.004307469	0.132646667
43	0.020962141	-0.003601905	0.132646667
44	0.022803636	-0.002852299	0.132646667
45	0.024638333	-0.002039355	0.132646667
1	0.024789875	-0.002132097	0.134258935
2	0.022821192	-0.002354292	0.134258935
3	0.020876112	-0.002634704	0.134258935
4	0.018959129	-0.002949479	0.134258935
5	0.017077095	-0.003284901	0.134258935
6	0.015238158	-0.003633081	0.134258935
7	0.013451189	-0.003989921	0.134258935
8	0.011725282	-0.004353107	0.134258935
9	0.010069568	-0.004721548	0.134258935
10	0.008492935	-0.005094255	0.134258935
11	0.007003984	-0.005470318	0.134258935
12	0.005610906	-0.005848521	0.134258935
13	0.004321410	-0.006227181	0.134258935
14	0.003142540	-0.006603694	0.134258935
15	0.002076823	-0.006963612	0.134258935
16	0.001123736	-0.007286862	0.134258935
17	0.000286205	-0.007566056	0.134258935
18	-0.000429781	-0.007804889	0.134258935
19	-0.001015837	-0.008015666	0.134258935
20	-0.001460010	-0.008216380	0.134258935
21	-0.001736850	-0.008427517	0.134258935
22	-0.001812674	-0.008619773	0.134258935
23	-0.001804081	-0.008689459	0.134258935
24	-0.001779564	-0.008756441	0.134258935
25	-0.001648850	-0.008924314	0.134258935
26	-0.001355619	-0.009123465	0.134258935
27	-0.000898191	-0.009311289	0.134258935
28	-0.000284593	-0.009461594	0.134258935
29	0.000475982	-0.009549734	0.134258935
30	0.001371667	-0.009553921	0.134258935
31	0.002388623	-0.009460849	0.134258935
32	0.003514401	-0.009271688	0.134258935
33	0.004741842	-0.009004914	0.134258935
34	0.006066685	-0.008679915	0.134258935
35	0.007481817	-0.008300230	0.134258935
36	0.008979725	-0.007868905	0.134258935
37	0.010552614	-0.007389180	0.134258935
38	0.012192555	-0.006864949	0.134258935
39	0.013891331	-0.006300142	0.134258935
40	0.015640435	-0.005698585	0.134258935
41	0.017430833	-0.005063121	0.134258935
42	0.019252806	-0.004394833	0.134258935
43	0.021095446	-0.003691110	0.134258935
44	0.022946100	-0.002943283	0.134258935
45	0.024789875	-0.002132097	0.134258935
1	0.024941749	-0.002159674	0.135834412
2	0.022965165	-0.002380109	0.135834412
3	0.021012075	-0.002658629	0.135834412
4	0.019087075	-0.002971461	0.135834412
5	0.017197090	-0.003304934	0.135834412
6	0.015350327	-0.003651197	0.135834412
7	0.013555705	-0.004006179	0.135834412
8	0.011822360	-0.004367586	0.135834412
9	0.010159461	-0.004734339	0.135834412
10	0.008575930	-0.005105466	0.135834412
11	0.007080402	-0.005480067	0.135834412
12	0.005681101	-0.005856936	0.135834412
13	0.004385765	-0.006234400	0.135834412
14	0.003201463	-0.006609844	0.135834412
15	0.002130750	-0.006968741	0.135834412
16	0.001173178	-0.007291044	0.135834412
17	0.000331722	-0.007569404	0.135834412
18	-0.000387613	-0.007807542	0.135834412
19	-0.000976451	-0.008017794	0.135834412
20	-0.001422870	-0.008218181	0.135834412
21	-0.001701481	-0.008429263	0.135834412
22	-0.001778329	-0.008621974	0.135834412
23	-0.001769877	-0.008691952	0.135834412
24	-0.001745369	-0.008759231	0.135834412
25	-0.001614251	-0.008927828	0.135834412
26	-0.001319937	-0.009127832	0.135834412
27	-0.000860815	-0.009316585	0.135834412
28	-0.000244937	-0.009467890	0.135834412
29	0.000518506	-0.009557102	0.135834412
30	0.001417662	-0.009562438	0.135834412
31	0.002438708	-0.009470579	0.135834412
32	0.003569184	-0.009282656	0.135834412
33	0.004801869	-0.009017084	0.135834412
34	0.006132455	-0.008693292	0.135834412
35	0.007553800	-0.008314842	0.135834412
36	0.009058361	-0.007884778	0.135834412
37	0.010638305	-0.007406328	0.135834412
38	0.012285662	-0.006883373	0.135834412
39	0.013992175	-0.006319840	0.135834412
40	0.015749297	-0.005719549	0.135834412
41	0.017547955	-0.005085345	0.135834412
42	0.019378396	-0.004418316	0.135834412
43	0.021229688	-0.003715868	0.135834412
44	0.023089168	-0.002969358	0.135834412
45	0.024941749	-0.002159674	0.135834412
1	0.025061633	-0.002115704	0.137364285
2	0.023080326	-0.002334792	0.137364285
3	0.021122378	-0.002611700	0.137364285
4	0.019192480	-0.002922795	0.137364285
5	0.017297614	-0.003254472	0.137364285
6	0.015446032	-0.003598939	0.137364285
7	0.013646688	-0.003952153	0.137364285
8	0.011908742	-0.004311842	0.137364285
9	0.010241388	-0.004676940	0.137364285
10	0.008653569	-0.005046487	0.137364285
11	0.007153937	-0.005419585	0.137364285
12	0.005750734	-0.005795037	0.137364285
13	0.004451717	-0.006171179	0.137364285
14	0.003263960	-0.006545365	0.137364285
15	0.002190012	-0.006902944	0.137364285
16	0.001229516	-0.007223983	0.137364285
17	0.000385508	-0.007501244	0.137364285
18	-0.000335995	-0.007738487	0.137364285
19	-0.000926631	-0.007948064	0.137364285
20	-0.001374519	-0.008147982	0.137364285
21	-0.001654359	-0.008358816	0.137364285
22	-0.001731961	-0.008551735	0.137364285
23	-0.001723607	-0.008621891	0.137364285
24	-0.001699089	-0.008689338	0.137364285
25	-0.001567637	-0.008858284	0.137364285
26	-0.001272567	-0.009058617	0.137364285
27	-0.000812369	-0.009247727	0.137364285
28	-0.000195122	-0.009399508	0.137364285
29	0.000570004	-0.009489401	0.137364285
30	0.001471201	-0.009495685	0.137364285
31	0.002494694	-0.009405027	0.137364285
32	0.003628031	-0.009218436	0.137364285
33	0.004863919	-0.008954130	0.137364285
34	0.006198019	-0.008631620	0.137364285
35	0.007623184	-0.008254532	0.137364285
36	0.009131852	-0.007825901	0.137364285
37	0.010716164	-0.007348941	0.137364285
38	0.012368123	-0.006827510	0.137364285
39	0.014079448	-0.006265527	0.137364285
40	0.015841562	-0.005666808	0.137364285
41	0.017645373	-0.005034200	0.137364285
42	0.019481111	-0.004368806	0.137364285
43	0.021337839	-0.003668063	0.137364285
44	0.023202906	-0.002923394	0.137364285
45	0.025061633	-0.002115704	0.137364285
1	0.025109049	-0.002010600	0.138840000
2	0.023129731	-0.002227717	0.138840000
3	0.021173625	-0.002502372	0.138840000
4	0.019245467	-0.002811074	0.138840000
5	0.017352261	-0.003140288	0.138840000
6	0.015502268	-0.003482281	0.138840000
7	0.013704440	-0.003833040	0.138840000
8	0.011967934	-0.004190319	0.138840000
9	0.010301931	-0.004553060	0.138840000
10	0.008715367	-0.004920310	0.138840000
11	0.007216882	-0.005291173	0.138840000
12	0.005814704	-0.005664451	0.138840000
13	0.004516584	-0.006038489	0.138840000
14	0.003329562	-0.006410582	0.138840000
15	0.002256136	-0.006765893	0.138840000
16	0.001296051	-0.007084746	0.138840000
17	0.000452422	-0.007360114	0.138840000
18	-0.000268731	-0.007595819	0.138840000
19	-0.000859077	-0.007804206	0.138840000
20	-0.001306804	-0.008003199	0.138840000
21	-0.001586750	-0.008213280	0.138840000
22	-0.001664668	-0.008405823	0.138840000
23	-0.001656384	-0.008475909	0.138840000
24	-0.001631912	-0.008543283	0.138840000
25	-0.001500550	-0.008711975	0.138840000
26	-0.001205725	-0.008911927	0.138840000
27	-0.000746026	-0.009100719	0.138840000
28	-0.000129529	-0.009252439	0.138840000
29	0.000634645	-0.009342710	0.138840000
30	0.001534779	-0.009349946	0.138840000
31	0.002557197	-0.009260800	0.138840000
32	0.003689476	-0.009076095	0.138840000
33	0.004924255	-0.008813705	0.138840000
34	0.006257189	-0.008493235	0.138840000
35	0.007681163	-0.008118415	0.138840000
36	0.009188619	-0.007692263	0.138840000
37	0.010771705	-0.007217972	0.138840000
38	0.012422420	-0.006699361	0.138840000
39	0.014132488	-0.006140335	0.138840000
40	0.015893336	-0.005544687	0.138840000
41	0.017695882	-0.004915262	0.138840000
42	0.019530370	-0.004253165	0.138840000
43	0.021385890	-0.003555855	0.138840000
44	0.023249833	-0.002814807	0.138840000
45	0.025109049	-0.002010600	0.138840000
1	0.025047729	-0.001864372	0.140253304
2	0.023080458	-0.002078161	0.140253304
3	0.021136203	-0.002349159	0.140253304
4	0.019219697	-0.002654047	0.140253304
5	0.017337909	-0.002979365	0.140253304
6	0.015499057	-0.003317441	0.140253304
7	0.013712041	-0.003664297	0.140253304
8	0.011985966	-0.004017716	0.140253304
9	0.010329955	-0.004376646	0.140253304
10	0.008752889	-0.004740142	0.140253304
11	0.007263350	-0.005107305	0.140253304
12	0.005869513	-0.005476933	0.140253304
13	0.004579077	-0.005847382	0.140253304
14	0.003399008	-0.006215866	0.140253304
15	0.002331694	-0.006567326	0.140253304
16	0.001377003	-0.006882509	0.140253304
17	0.000538129	-0.007154705	0.140253304
18	-0.000178921	-0.007387816	0.140253304
19	-0.000765881	-0.007594133	0.140253304
20	-0.001211047	-0.007791404	0.140253304
21	-0.001489481	-0.007999885	0.140253304
22	-0.001567081	-0.008191161	0.140253304
23	-0.001558867	-0.008260813	0.140253304
24	-0.001534541	-0.008327757	0.140253304
25	-0.001403934	-0.008495317	0.140253304
26	-0.001110899	-0.008693887	0.140253304
27	-0.000654095	-0.008881442	0.140253304
28	-0.000041553	-0.009032403	0.140253304
29	0.000717707	-0.009122711	0.140253304
30	0.001612128	-0.009131015	0.140253304
31	0.002628198	-0.009043982	0.140253304
32	0.003753577	-0.008862169	0.140253304
33	0.004980840	-0.008602927	0.140253304
34	0.006305671	-0.008285939	0.140253304
35	0.007721030	-0.007915070	0.140253304
36	0.009219404	-0.007493302	0.140253304
37	0.010792985	-0.007023800	0.140253304
38	0.012433812	-0.006510318	0.140253304
39	0.014133655	-0.005956729	0.140253304
40	0.015883991	-0.005366786	0.140253304
41	0.017675794	-0.004743317	0.140253304
42	0.019499371	-0.004087411	0.140253304
43	0.021343887	-0.003396541	0.140253304
44	0.023196827	-0.002662226	0.140253304
45	0.025047729	-0.001864372	0.140253304
1	0.024850116	-0.001698251	0.141596292
2	0.022907805	-0.001907187	0.141596292
3	0.020988176	-0.002172680	0.141596292
4	0.019095931	-0.002471751	0.141596292
5	0.017237953	-0.002791085	0.141596292
6	0.015422361	-0.003123117	0.141596292
7	0.013657945	-0.003463926	0.141596292
8	0.011953696	-0.003811337	0.141596292
9	0.010318622	-0.004164307	0.141596292
10	0.008761488	-0.004521900	0.141596292
11	0.007290764	-0.004883212	0.141596292
12	0.005914515	-0.005247040	0.141596292
13	0.004640339	-0.005611752	0.141596292
14	0.003475074	-0.005974471	0.141596292
15	0.002420956	-0.006319944	0.141596292
16	0.001477984	-0.006629508	0.141596292
17	0.000649426	-0.006896858	0.141596292
18	-0.000058760	-0.007125969	0.141596292
19	-0.000638414	-0.007329010	0.141596292
20	-0.001078007	-0.007523447	0.141596292
21	-0.001352930	-0.007729168	0.141596292
22	-0.001429448	-0.007918017	0.141596292
23	-0.001421269	-0.007986767	0.141596292
24	-0.001397190	-0.008052816	0.141596292
25	-0.001268125	-0.008218080	0.141596292
26	-0.000978783	-0.008413906	0.141596292
27	-0.000527888	-0.008598969	0.141596292
28	0.000076640	-0.008748210	0.141596292
29	0.000825953	-0.008838069	0.141596292
30	0.001708742	-0.008847561	0.141596292
31	0.002711759	-0.008763406	0.141596292
32	0.003822813	-0.008585809	0.141596292
33	0.005034434	-0.008331386	0.141596292
34	0.006342368	-0.008019846	0.141596292
35	0.007739710	-0.007655221	0.141596292
36	0.009219038	-0.007240435	0.141596292
37	0.010772642	-0.006778604	0.141596292
38	0.012392649	-0.006273393	0.141596292
39	0.014070934	-0.005728622	0.141596292
40	0.015799077	-0.005147976	0.141596292
41	0.017568172	-0.004534252	0.141596292
42	0.019368651	-0.003888519	0.141596292
43	0.021189825	-0.003208275	0.141596292
44	0.023019352	-0.002485130	0.141596292
45	0.024850116	-0.001698251	0.141596292
1	0.024494665	-0.001530255	0.142861456
2	0.022592677	-0.001733144	0.142861456
3	0.020712794	-0.001991235	0.142861456
4	0.018859685	-0.002282217	0.142861456
5	0.017040111	-0.002593096	0.142861456
6	0.015262037	-0.002916509	0.142861456
7	0.013534079	-0.003248639	0.142861456
8	0.011865048	-0.003587379	0.142861456
9	0.010263763	-0.003931706	0.142861456
10	0.008738809	-0.004280700	0.142861456
11	0.007298475	-0.004633456	0.142861456
12	0.005950657	-0.004988779	0.142861456
13	0.004702790	-0.005345057	0.142861456
14	0.003561520	-0.005699311	0.142861456
15	0.002528896	-0.006036153	0.142861456
16	0.001605060	-0.006337705	0.142861456
17	0.000793335	-0.006598149	0.142861456
18	0.000099594	-0.006821525	0.142861456
19	-0.000468171	-0.007019795	0.142861456
20	-0.000898681	-0.007210002	0.142861456
21	-0.001167810	-0.007411509	0.142861456
22	-0.001242442	-0.007596529	0.142861456
23	-0.001234312	-0.007663830	0.142861456
24	-0.001210624	-0.007728450	0.142861456
25	-0.001084058	-0.007890080	0.142861456
26	-0.000800662	-0.008081606	0.142861456
27	-0.000359217	-0.008262738	0.142861456
28	0.000232541	-0.008409146	0.142861456
29	0.000966015	-0.008497966	0.142861456
30	0.001830245	-0.008508728	0.142861456
31	0.002812352	-0.008428269	0.142861456
32	0.003900377	-0.008256381	0.142861456
33	0.005086845	-0.008008748	0.142861456
34	0.006367597	-0.007704986	0.142861456
35	0.007735921	-0.007349312	0.142861456
36	0.009184542	-0.006944566	0.142861456
37	0.010705910	-0.006493789	0.142861456
38	0.012292301	-0.006000527	0.142861456
39	0.013935757	-0.005468517	0.142861456
40	0.015628028	-0.004901359	0.142861456
41	0.017360402	-0.004301808	0.142861456
42	0.019123519	-0.003670933	0.142861456
43	0.020906932	-0.003006322	0.142861456
44	0.022698587	-0.002299833	0.142861456
45	0.024494665	-0.001530255	0.142861456
1	0.023965419	-0.001374133	0.144041718
2	0.022120835	-0.001570135	0.144041718
3	0.020297472	-0.001819034	0.144041718
4	0.018499979	-0.002099622	0.144041718
5	0.016734968	-0.002399466	0.144041718
6	0.015010195	-0.002711533	0.144041718
7	0.013334031	-0.003032174	0.144041718
8	0.011715032	-0.003359379	0.144041718
9	0.010161755	-0.003692156	0.144041718
10	0.008682525	-0.004029605	0.144041718
11	0.007285378	-0.004370826	0.144041718
12	0.005977968	-0.004714635	0.144041718
13	0.004767503	-0.005059454	0.144041718
14	0.003660368	-0.005402196	0.144041718
15	0.002658395	-0.005727445	0.144041718
16	0.001761878	-0.006018301	0.144041718
17	0.000974175	-0.006269516	0.144041718
18	0.000301026	-0.006485173	0.144041718
19	-0.000249814	-0.006676934	0.144041718
20	-0.000667403	-0.006861277	0.144041718
21	-0.000928290	-0.007056864	0.144041718
22	-0.001000232	-0.007236470	0.144041718
23	-0.000992158	-0.007301717	0.144041718
24	-0.000969038	-0.007364326	0.144041718
25	-0.000846064	-0.007520881	0.144041718
26	-0.000571125	-0.007706431	0.144041718
27	-0.000143047	-0.007882083	0.144041718
28	0.000430698	-0.008024447	0.144041718
29	0.001141846	-0.008111550	0.144041718
30	0.001979886	-0.008123603	0.144041718
31	0.002932417	-0.008047645	0.144041718
32	0.003987811	-0.007883009	0.144041718
33	0.005138633	-0.007644258	0.144041718
34	0.006380849	-0.007350754	0.144041718
35	0.007708009	-0.007006912	0.144041718
36	0.009113049	-0.006615457	0.144041718
37	0.010588642	-0.006179338	0.144041718
38	0.012127281	-0.005701952	0.144041718
39	0.013721250	-0.005186931	0.144041718
40	0.015362546	-0.004637769	0.144041718
41	0.017042731	-0.004057179	0.144041718
42	0.018752749	-0.003446262	0.144041718
43	0.020482503	-0.002802794	0.144041718
44	0.022220371	-0.002119082	0.144041718
45	0.023965419	-0.001374133	0.144041718
1	0.023258102	-0.001239897	0.145130479
2	0.021488169	-0.001428045	0.145130479
3	0.019738322	-0.001666025	0.145130479
4	0.018013172	-0.001934047	0.145130479
5	0.016319134	-0.002220419	0.145130479
6	0.014663692	-0.002518541	0.145130479
7	0.013054899	-0.002824986	0.145130479
8	0.011500978	-0.003137872	0.145130479
9	0.010010146	-0.003456248	0.145130479
10	0.008590391	-0.003779248	0.145130479
11	0.007249425	-0.004105987	0.145130479
12	0.005994586	-0.004435303	0.145130479
13	0.004832792	-0.004765669	0.145130479
14	0.003770099	-0.005093892	0.145130479
15	0.002808108	-0.005404683	0.145130479
16	0.001947263	-0.005682290	0.145130479
17	0.001190919	-0.005922073	0.145130479
18	0.000544634	-0.006128128	0.145130479
19	0.000015860	-0.006311710	0.145130479
20	-0.000384893	-0.006488588	0.145130479
21	-0.000635020	-0.006676573	0.145130479
22	-0.000703443	-0.006849161	0.145130479
23	-0.000695465	-0.006911747	0.145130479
24	-0.000673094	-0.006971754	0.145130479
25	-0.000554800	-0.007121750	0.145130479
26	-0.000290832	-0.007299574	0.145130479
27	0.000119948	-0.007468072	0.145130479
28	0.000670397	-0.007605013	0.145130479
29	0.001352659	-0.007689515	0.145130479
30	0.002156767	-0.007702647	0.145130479
31	0.003070912	-0.007631758	0.145130479
32	0.004083897	-0.007475726	0.145130479
33	0.005188398	-0.007247843	0.145130479
34	0.006380538	-0.006967020	0.145130479
35	0.007654196	-0.006637867	0.145130479
36	0.009002581	-0.006262971	0.145130479
37	0.010418659	-0.005845160	0.145130479
38	0.011895212	-0.005387656	0.145130479
39	0.013424835	-0.004893952	0.145130479
40	0.014999847	-0.004367409	0.145130479
41	0.016612166	-0.003810682	0.145130479
42	0.018253124	-0.003224909	0.145130479
43	0.019913080	-0.002608114	0.145130479
44	0.021580960	-0.001953193	0.145130479
45	0.023258102	-0.001239897	0.145130479
1	0.022398031	-0.001131970	0.146121649
2	0.020717268	-0.001310698	0.146121649
3	0.019055374	-0.001536038	0.146121649
4	0.017416861	-0.001789707	0.146121649
5	0.015807861	-0.002060742	0.146121649
6	0.014235507	-0.002342972	0.146121649
7	0.012707461	-0.002633188	0.146121649
8	0.011231543	-0.002929637	0.146121649
9	0.009815555	-0.003231415	0.146121649
10	0.008467088	-0.003537696	0.146121649
11	0.007193461	-0.003847616	0.146121649
12	0.006001641	-0.004160052	0.146121649
13	0.004898195	-0.004473538	0.146121649
14	0.003888798	-0.004784796	0.146121649
15	0.002974824	-0.005078845	0.146121649
16	0.002156849	-0.005341189	0.146121649
17	0.001438190	-0.005567805	0.146121649
18	0.000824169	-0.005762756	0.146121649
19	0.000321876	-0.005936787	0.146121649
20	-0.000058691	-0.006104836	0.146121649
21	-0.000295958	-0.006283711	0.146121649
22	-0.000360299	-0.006447857	0.146121649
23	-0.000352447	-0.006507258	0.146121649
24	-0.000331008	-0.006564163	0.146121649
25	-0.000218384	-0.006706358	0.146121649
26	0.000032412	-0.006874983	0.146121649
27	0.000422477	-0.007034926	0.146121649
28	0.000945061	-0.007165268	0.146121649
29	0.001592773	-0.007246374	0.146121649
30	0.002356260	-0.007260318	0.146121649
31	0.003224394	-0.007194880	0.146121649
32	0.004186508	-0.007048522	0.146121649
33	0.005235460	-0.006833210	0.146121649
34	0.006367555	-0.006567179	0.146121649
35	0.007577054	-0.006255208	0.146121649
36	0.008857495	-0.005899721	0.146121649
37	0.010202196	-0.005503407	0.146121649
38	0.011604291	-0.005069291	0.146121649
39	0.013056744	-0.004600697	0.146121649
40	0.014552266	-0.004100826	0.146121649
41	0.016083192	-0.003572246	0.146121649
42	0.017641313	-0.003016102	0.146121649
43	0.019217506	-0.002430631	0.146121649
44	0.020801315	-0.001809275	0.146121649
45	0.022398031	-0.001131970	0.146121649
1	0.021432267	-0.001052148	0.147009687
2	0.019850185	-0.001218554	0.147009687
3	0.018285974	-0.001429335	0.147009687
4	0.016743878	-0.001667270	0.147009687
5	0.015229613	-0.001921813	0.147009687
6	0.013749866	-0.002187054	0.147009687
7	0.012311838	-0.002459925	0.147009687
8	0.010922884	-0.002738766	0.147009687
9	0.009590344	-0.003022706	0.147009687
10	0.008321362	-0.003310955	0.147009687
11	0.007122820	-0.003602676	0.147009687
12	0.006001273	-0.003896795	0.147009687
13	0.004962896	-0.004191916	0.147009687
14	0.004012954	-0.004484700	0.147009687
15	0.003152603	-0.004760648	0.147009687
16	0.002382531	-0.005006563	0.147009687
17	0.001705973	-0.005219005	0.147009687
18	0.001127982	-0.005401959	0.147009687
19	0.000655246	-0.005565589	0.147009687
20	0.000297196	-0.005723915	0.147009687
21	0.000074248	-0.005892661	0.147009687
22	0.000014388	-0.006047384	0.147009687
23	0.000022013	-0.006103236	0.147009687
24	0.000042373	-0.006156701	0.147009687
25	0.000148604	-0.006290271	0.147009687
26	0.000384687	-0.006448727	0.147009687
27	0.000751671	-0.006599186	0.147009687
28	0.001243242	-0.006722141	0.147009687
29	0.001852509	-0.006799292	0.147009687
30	0.002570776	-0.006813816	0.147009687
31	0.003387651	-0.006754030	0.147009687
32	0.004293069	-0.006618060	0.147009687
33	0.005280141	-0.006416559	0.147009687
34	0.006345364	-0.006166897	0.147009687
35	0.007483414	-0.005873975	0.147009687
36	0.008688199	-0.005540045	0.147009687
37	0.009953430	-0.005167642	0.147009687
38	0.011272637	-0.004759584	0.147009687
39	0.012639198	-0.004319001	0.147009687
40	0.014046251	-0.003848901	0.147009687
41	0.015486591	-0.003351705	0.147009687
42	0.016952487	-0.002828460	0.147009687
43	0.018435344	-0.002277429	0.147009687
44	0.019925284	-0.001692254	0.147009687
45	0.021432267	-0.001052148	0.147009687
1	0.020430388	-0.000997305	0.147789625
2	0.018949783	-0.001148333	0.147789625
3	0.017486421	-0.001343002	0.147789625
4	0.016044093	-0.001564494	0.147789625
5	0.014627969	-0.001802235	0.147789625
6	0.013244212	-0.002050338	0.147789625
7	0.011899513	-0.002305757	0.147789625
8	0.010600732	-0.002566870	0.147789625
9	0.009354726	-0.002832815	0.147789625
10	0.008168170	-0.003102836	0.147789625
11	0.007047498	-0.003376122	0.147789625
12	0.005998834	-0.003651649	0.147789625
13	0.005027953	-0.003928097	0.147789625
14	0.004139698	-0.004202102	0.147789625
15	0.003335042	-0.004459784	0.147789625
16	0.002614748	-0.004689191	0.147789625
17	0.001981936	-0.004887397	0.147789625
18	0.001441370	-0.005058261	0.147789625
19	0.000999319	-0.005211324	0.147789625
20	0.000664624	-0.005359661	0.147789625
21	0.000456476	-0.005517877	0.147789625
22	0.000401103	-0.005662783	0.147789625
23	0.000408467	-0.005714998	0.147789625
24	0.000427671	-0.005764911	0.147789625
25	0.000527232	-0.005889573	0.147789625
26	0.000748036	-0.006037523	0.147789625
27	0.001091090	-0.006178165	0.147789625
28	0.001550522	-0.006293420	0.147789625
29	0.002119951	-0.006366340	0.147789625
30	0.002791343	-0.006381246	0.147789625
31	0.003555060	-0.006327064	0.147789625
32	0.004401675	-0.006201671	0.147789625
33	0.005324605	-0.006014502	0.147789625
34	0.006320541	-0.005781944	0.147789625
35	0.007384574	-0.005508955	0.147789625
36	0.008511002	-0.005197617	0.147789625
37	0.009693944	-0.004850303	0.147789625
38	0.010927340	-0.004469623	0.147789625
39	0.012204998	-0.004058486	0.147789625
40	0.013520495	-0.003619682	0.147789625
41	0.014867079	-0.003155410	0.147789625
42	0.016237486	-0.002666487	0.147789625
43	0.017623601	-0.002150949	0.147789625
44	0.019016025	-0.001602168	0.147789625
45	0.020430388	-0.000997305	0.147789625
1	0.019461284	-0.000962453	0.148457102
2	0.018078441	-0.001096410	0.148457102
3	0.016712547	-0.001274528	0.148457102
4	0.015366813	-0.001479824	0.148457102
5	0.014045791	-0.001701349	0.148457102
6	0.012755093	-0.001933057	0.148457102
7	0.011500891	-0.002171830	0.148457102
8	0.010289556	-0.002416039	0.148457102
9	0.009127470	-0.002664815	0.148457102
10	0.008020857	-0.002917427	0.148457102
11	0.006975710	-0.003173087	0.148457102
12	0.005997741	-0.003430825	0.148457102
13	0.005092333	-0.003689392	0.148457102
14	0.004263936	-0.003945431	0.148457102
15	0.003513365	-0.004185755	0.148457102
16	0.002841430	-0.004399530	0.148457102
17	0.002251116	-0.004584262	0.148457102
18	0.001746897	-0.004743655	0.148457102
19	0.001334637	-0.004886632	0.148457102
20	0.001022603	-0.005025349	0.148457102
21	0.000828776	-0.005173339	0.148457102
22	0.000777670	-0.005308703	0.148457102
23	0.000784678	-0.005357396	0.148457102
24	0.000802730	-0.005403877	0.148457102
25	0.000895778	-0.005519937	0.148457102
26	0.001101746	-0.005657741	0.148457102
27	0.001421588	-0.005788896	0.148457102
28	0.001849863	-0.005896688	0.148457102
29	0.002380678	-0.005965454	0.148457102
30	0.003006630	-0.005980624	0.148457102
31	0.003718804	-0.005931750	0.148457102
32	0.004508402	-0.005816548	0.148457102
33	0.005369171	-0.005643376	0.148457102
34	0.006297987	-0.005427604	0.148457102
35	0.007290331	-0.005174187	0.148457102
36	0.008340879	-0.004885044	0.148457102
37	0.009444147	-0.004562390	0.148457102
38	0.010594477	-0.004208628	0.148457102
39	0.011786083	-0.003826448	0.148457102
40	0.013012965	-0.003418398	0.148457102
41	0.014268799	-0.002986418	0.148457102
42	0.015546747	-0.002531002	0.148457102
43	0.016839107	-0.002049780	0.148457102
44	0.018136858	-0.001535510	0.148457102
45	0.019461284	-0.000962453	0.148457102
1	0.018585392	-0.000941818	0.149008385
2	0.017290916	-0.001059383	0.149008385
3	0.016013254	-0.001222097	0.149008385
4	0.014755027	-0.001412568	0.149008385
5	0.013520194	-0.001619380	0.149008385
6	0.012313848	-0.001836274	0.149008385
7	0.011141684	-0.002060032	0.149008385
8	0.010009626	-0.002288999	0.149008385
9	0.008923623	-0.002522294	0.149008385
10	0.007889485	-0.002759205	0.149008385
11	0.006912814	-0.002998968	0.149008385
12	0.005998943	-0.003240660	0.149008385
13	0.005152902	-0.003483096	0.149008385
14	0.004378791	-0.003722955	0.149008385
15	0.003677303	-0.003947731	0.149008385
16	0.003049267	-0.004147547	0.149008385
17	0.002497528	-0.004320249	0.149008385
18	0.002026298	-0.004469380	0.149008385
19	0.001641066	-0.004603292	0.149008385
20	0.001349582	-0.004733312	0.149008385
21	0.001168718	-0.004872012	0.149008385
22	0.001121405	-0.004998698	0.149008385
23	0.001128121	-0.005044165	0.149008385
24	0.001145103	-0.005087545	0.149008385
25	0.001232210	-0.005195842	0.149008385
26	0.001424711	-0.005324486	0.149008385
27	0.001723509	-0.005447072	0.149008385
28	0.002123551	-0.005548105	0.149008385
29	0.002619382	-0.005613068	0.149008385
30	0.003204158	-0.005628390	0.149008385
31	0.003869617	-0.005584219	0.149008385
32	0.004607538	-0.005478176	0.149008385
33	0.005411988	-0.005317720	0.149008385
34	0.006280008	-0.005117260	0.149008385
35	0.007207423	-0.004881700	0.149008385
36	0.008189255	-0.004612815	0.149008385
37	0.009220377	-0.004312669	0.149008385
38	0.010295493	-0.003983482	0.149008385
39	0.011409189	-0.003627735	0.149008385
40	0.012555841	-0.003247749	0.149008385
41	0.013729507	-0.002845204	0.149008385
42	0.014923722	-0.002420269	0.149008385
43	0.016131145	-0.001970129	0.149008385
44	0.017343055	-0.001486859	0.149008385
45	0.018585392	-0.000941818	0.149008385
1	0.017852505	-0.000930353	0.149440391
2	0.016632190	-0.001034293	0.149440391
3	0.015428564	-0.001184146	0.149440391
4	0.014243747	-0.001362177	0.149440391
5	0.013081214	-0.001556617	0.149440391
6	0.011945624	-0.001761042	0.149440391
7	0.010842274	-0.001972162	0.149440391
8	0.009776712	-0.002188301	0.149440391
9	0.008754525	-0.002408572	0.149440391
10	0.007781181	-0.002632276	0.149440391
11	0.006861945	-0.002858673	0.149440391
12	0.006001840	-0.003086878	0.149440391
13	0.005205595	-0.003315763	0.149440391
14	0.004477027	-0.003542055	0.149440391
15	0.003816735	-0.003753854	0.149440391
16	0.003225552	-0.003942047	0.149440391
17	0.002706199	-0.004104732	0.149440391
18	0.002262657	-0.004245303	0.149440391
19	0.001900105	-0.004371628	0.149440391
20	0.001625855	-0.004494342	0.149440391
21	0.001455837	-0.004625212	0.149440391
22	0.001411638	-0.004744593	0.149440391
23	0.001418090	-0.004787371	0.149440391
24	0.001434156	-0.004828159	0.149440391
25	0.001516258	-0.004929968	0.149440391
26	0.001697456	-0.005050955	0.149440391
27	0.001978609	-0.005166369	0.149440391
28	0.002354988	-0.005261723	0.149440391
29	0.002821499	-0.005323445	0.149440391
30	0.003371762	-0.005338801	0.149440391
31	0.003998052	-0.005298450	0.149440391
32	0.004692637	-0.005199973	0.149440391
33	0.005449867	-0.005050124	0.149440391
34	0.006266921	-0.004862486	0.149440391
35	0.007139908	-0.004641885	0.149440391
36	0.008064136	-0.004389975	0.149440391
37	0.009034780	-0.004108694	0.149440391
38	0.010046848	-0.003800106	0.149440391
39	0.011095236	-0.003466515	0.149440391
40	0.012174635	-0.003110055	0.149440391
41	0.013279422	-0.002732186	0.149440391
42	0.014403448	-0.002332808	0.149440391
43	0.015539673	-0.001908753	0.149440391
44	0.016679640	-0.001451563	0.149440391
45	0.017852505	-0.000930353	0.149440391
1	0.016843201	-0.000920695	0.150000000
2	0.015725642	-0.001007369	0.150000000
3	0.014624391	-0.001140191	0.150000000
4	0.013540963	-0.001301270	0.150000000
5	0.012478222	-0.001478611	0.150000000
6	0.011440266	-0.001665698	0.150000000
7	0.010431856	-0.001859205	0.150000000
8	0.009458030	-0.002057456	0.150000000
9	0.008523879	-0.002259566	0.150000000
10	0.007634396	-0.002464866	0.150000000
11	0.006794388	-0.002672648	0.150000000
12	0.006008445	-0.002882085	0.150000000
13	0.005280887	-0.003092125	0.150000000
14	0.004615144	-0.003299596	0.150000000
15	0.004011705	-0.003493480	0.150000000
16	0.003471394	-0.003665659	0.150000000
17	0.002996742	-0.003814542	0.150000000
18	0.002591413	-0.003943297	0.150000000
19	0.002260153	-0.004059120	0.150000000
20	0.002009663	-0.004171694	0.150000000
21	0.001854564	-0.004291696	0.150000000
22	0.001814579	-0.004400965	0.150000000
23	0.001820605	-0.004440048	0.150000000
24	0.001835386	-0.004477273	0.150000000
25	0.001910551	-0.004570167	0.150000000
26	0.002076150	-0.004680627	0.150000000
27	0.002332984	-0.004786157	0.150000000
28	0.002676760	-0.004873633	0.150000000
29	0.003102874	-0.004930765	0.150000000
30	0.003605570	-0.004945961	0.150000000
31	0.004177853	-0.004910608	0.150000000
32	0.004812664	-0.004822279	0.150000000
33	0.005504764	-0.004686830	0.150000000
34	0.006251527	-0.004516676	0.150000000
35	0.007049440	-0.004316488	0.150000000
36	0.007894212	-0.004087754	0.150000000
37	0.008781428	-0.003832235	0.150000000
38	0.009706517	-0.003551786	0.150000000
39	0.010664803	-0.003248472	0.150000000
40	0.011651415	-0.002924173	0.150000000
41	0.012661177	-0.002580078	0.150000000
42	0.013688388	-0.002215780	0.150000000
43	0.014726456	-0.001827756	0.150000000
44	0.015767349	-0.001407069	0.150000000
45	0.016843201	-0.000920695	0.150000000
