######## Panel parameters ########
type=propeller
n_blades=1

rotation_center=[0, 0, 0]
rotation_axis=[0, -1, 0]
n_span_all= 64
n_points=45
######## End of parameters ########
1	0.013889759	0.009925663	0.026000000
2	0.012460828	0.008912864	0.026000000
3	0.010942763	0.008050329	0.026000000
4	0.009416720	0.007246258	0.026000000
5	0.007904143	0.006478681	0.026000000
6	0.006420593	0.005734106	0.026000000
7	0.004980870	0.005000633	0.026000000
8	0.003600161	0.004266555	0.026000000
9	0.002296110	0.003517753	0.026000000
10	0.001091553	0.002735755	0.026000000
11	0.000002161	0.001919491	0.026000000
12	-0.000963448	0.001079999	0.026000000
13	-0.001795022	0.000227091	0.026000000
14	-0.002488822	-0.000622422	0.026000000
15	-0.003043936	-0.001450444	0.026000000
16	-0.003460832	-0.002238843	0.026000000
17	-0.003743314	-0.002968153	0.026000000
18	-0.003875957	-0.003622876	0.026000000
19	-0.003857900	-0.004173268	0.026000000
20	-0.003738447	-0.004587931	0.026000000
21	-0.003595773	-0.004863230	0.026000000
22	-0.003486658	-0.005014878	0.026000000
23	-0.003446599	-0.005062739	0.026000000
24	-0.003404353	-0.005110127	0.026000000
25	-0.003267365	-0.005241823	0.026000000
26	-0.003012455	-0.005427866	0.026000000
27	-0.002621623	-0.005628633	0.026000000
28	-0.002082875	-0.005783545	0.026000000
29	-0.001404654	-0.005825669	0.026000000
30	-0.000614075	-0.005737597	0.026000000
31	0.000266031	-0.005518111	0.026000000
32	0.001214574	-0.005159885	0.026000000
33	0.002209052	-0.004654346	0.026000000
34	0.003230155	-0.004002117	0.026000000
35	0.004262596	-0.003209795	0.026000000
36	0.005291096	-0.002282636	0.026000000
37	0.006307114	-0.001232975	0.026000000
38	0.007302317	-0.000071461	0.026000000
39	0.008276479	0.001185877	0.026000000
40	0.009237170	0.002519386	0.026000000
41	0.010187817	0.003914840	0.026000000
42	0.011141887	0.005352662	0.026000000
43	0.012095315	0.006826716	0.026000000
44	0.013034422	0.008338954	0.026000000
45	0.013889759	0.009925663	0.026000000
1	0.014620257	0.009512202	0.028310909
2	0.013135743	0.008566873	0.028310909
3	0.011587708	0.007745801	0.028310909
4	0.010038806	0.006972115	0.028310909
5	0.008511990	0.006218388	0.028310909
6	0.007023180	0.005469815	0.028310909
7	0.005583691	0.004721888	0.028310909
8	0.004203287	0.003974035	0.028310909
9	0.002893009	0.003223952	0.028310909
10	0.001678673	0.002446426	0.028310909
11	0.000570694	0.001646076	0.028310909
12	-0.000426101	0.000835524	0.028310909
13	-0.001307085	0.000026509	0.028310909
14	-0.002062944	-0.000774499	0.028310909
15	-0.002689171	-0.001555384	0.028310909
16	-0.003183711	-0.002301916	0.028310909
17	-0.003544323	-0.002999607	0.028310909
18	-0.003763479	-0.003633810	0.028310909
19	-0.003832359	-0.004182587	0.028310909
20	-0.003778666	-0.004612314	0.028310909
21	-0.003674612	-0.004905607	0.028310909
22	-0.003577432	-0.005065840	0.028310909
23	-0.003539483	-0.005115698	0.028310909
24	-0.003498057	-0.005164723	0.028310909
25	-0.003358625	-0.005296755	0.028310909
26	-0.003089942	-0.005468478	0.028310909
27	-0.002680409	-0.005640597	0.028310909
28	-0.002126899	-0.005764243	0.028310909
29	-0.001440130	-0.005796737	0.028310909
30	-0.000639107	-0.005721942	0.028310909
31	0.000257899	-0.005530313	0.028310909
32	0.001232083	-0.005210721	0.028310909
33	0.002262975	-0.004752794	0.028310909
34	0.003327508	-0.004146604	0.028310909
35	0.004408032	-0.003395469	0.028310909
36	0.005492386	-0.002509858	0.028310909
37	0.006564586	-0.001494021	0.028310909
38	0.007610712	-0.000355094	0.028310909
39	0.008628095	0.000890370	0.028310909
40	0.009639102	0.002209234	0.028310909
41	0.010640980	0.003591529	0.028310909
42	0.011647659	0.005016405	0.028310909
43	0.012664899	0.006470523	0.028310909
44	0.013678659	0.007956319	0.028310909
45	0.014620257	0.009512202	0.028310909
1	0.015308275	0.009159024	0.030621818
2	0.013778856	0.008254465	0.030621818
3	0.012200368	0.007457838	0.030621818
4	0.010626648	0.006698705	0.030621818
5	0.009079575	0.005950423	0.030621818
6	0.007574318	0.005199880	0.030621818
7	0.006121077	0.004445363	0.030621818
8	0.004727484	0.003690833	0.030621818
9	0.003402450	0.002937859	0.030621818
10	0.002169045	0.002164978	0.030621818
11	0.001036445	0.001376994	0.030621818
12	0.000007421	0.000587612	0.030621818
13	-0.000915418	-0.000191052	0.030621818
14	-0.001723918	-0.000954233	0.030621818
15	-0.002411859	-0.001694390	0.030621818
16	-0.002973881	-0.002402446	0.030621818
17	-0.003404294	-0.003068303	0.030621818
18	-0.003694519	-0.003680465	0.030621818
19	-0.003833928	-0.004221233	0.030621818
20	-0.003835960	-0.004658242	0.030621818
21	-0.003761563	-0.004963237	0.030621818
22	-0.003674138	-0.005130841	0.030621818
23	-0.003637685	-0.005182521	0.030621818
24	-0.003596837	-0.005233069	0.030621818
25	-0.003455195	-0.005366135	0.030621818
26	-0.003177208	-0.005530149	0.030621818
27	-0.002754371	-0.005683551	0.030621818
28	-0.002189002	-0.005785496	0.030621818
29	-0.001492938	-0.005808045	0.030621818
30	-0.000681432	-0.005735203	0.030621818
31	0.000229745	-0.005554621	0.030621818
32	0.001223512	-0.005253924	0.030621818
33	0.002280459	-0.004820657	0.030621818
34	0.003378659	-0.004243697	0.030621818
35	0.004500401	-0.003524353	0.030621818
36	0.005632164	-0.002670520	0.030621818
37	0.006755612	-0.001683238	0.030621818
38	0.007852873	-0.000566029	0.030621818
39	0.008919908	0.000664127	0.030621818
40	0.009980274	0.001970755	0.030621818
41	0.011037926	0.003338150	0.030621818
42	0.012108366	0.004743348	0.030621818
43	0.013196427	0.006172937	0.030621818
44	0.014286088	0.007631046	0.030621818
45	0.015308275	0.009159024	0.030621818
1	0.015995667	0.008882935	0.032932727
2	0.014423401	0.008001938	0.032932727
3	0.012813767	0.007212639	0.032932727
4	0.011213406	0.006452105	0.032932727
5	0.009642596	0.005696724	0.032932727
6	0.008114209	0.004938601	0.032932727
7	0.006637605	0.004178108	0.032932727
8	0.005221536	0.003417306	0.032932727
9	0.003875719	0.002656570	0.032932727
10	0.002617499	0.001883934	0.032932727
11	0.001455122	0.001104317	0.032932727
12	0.000391272	0.000330351	0.032932727
13	-0.000571993	-0.000426222	0.032932727
14	-0.001429114	-0.001159302	0.032932727
15	-0.002173376	-0.001864202	0.032932727
16	-0.002797174	-0.002536425	0.032932727
17	-0.003291955	-0.003170561	0.032932727
18	-0.003647461	-0.003758811	0.032932727
19	-0.003851759	-0.004287325	0.032932727
20	-0.003907182	-0.004727027	0.032932727
21	-0.003859509	-0.005041580	0.032932727
22	-0.003780902	-0.005216391	0.032932727
23	-0.003745701	-0.005270015	0.032932727
24	-0.003705153	-0.005322094	0.032932727
25	-0.003560920	-0.005456726	0.032932727
26	-0.003275580	-0.005617975	0.032932727
27	-0.002841772	-0.005761144	0.032932727
28	-0.002264932	-0.005849480	0.032932727
29	-0.001557607	-0.005861313	0.032932727
30	-0.000733986	-0.005780418	0.032932727
31	0.000190894	-0.005593886	0.032932727
32	0.001201061	-0.005291007	0.032932727
33	0.002279131	-0.004862001	0.032932727
34	0.003406291	-0.004298693	0.032932727
35	0.004565589	-0.003600127	0.032932727
36	0.005741372	-0.002768842	0.032932727
37	0.006914371	-0.001803626	0.032932727
38	0.008064697	-0.000705284	0.032932727
39	0.009186341	0.000510238	0.032932727
40	0.010299426	0.001807218	0.032932727
41	0.011418986	0.003159722	0.032932727
42	0.012560247	0.004543883	0.032932727
43	0.013724059	0.005948665	0.032932727
44	0.014891933	0.007380516	0.032932727
45	0.015995667	0.008882935	0.032932727
1	0.016681816	0.008673910	0.035243636
2	0.015066791	0.007803431	0.035243636
3	0.013424419	0.007008601	0.035243636
4	0.011795205	0.006234719	0.035243636
5	0.010197395	0.005462792	0.035243636
6	0.008640814	0.004691801	0.035243636
7	0.007133726	0.003924581	0.035243636
8	0.005687576	0.003158040	0.035243636
9	0.004315679	0.002386297	0.035243636
10	0.003028029	0.001610270	0.035243636
11	0.001831615	0.000835973	0.035243636
12	0.000730498	0.000073108	0.035243636
13	-0.000272679	-0.000667890	0.035243636
14	-0.001175042	-0.001378259	0.035243636
15	-0.001970256	-0.002054387	0.035243636
16	-0.002649536	-0.002695164	0.035243636
17	-0.003202460	-0.003299386	0.035243636
18	-0.003617218	-0.003863205	0.035243636
19	-0.003880936	-0.004376515	0.035243636
20	-0.003987832	-0.004814857	0.035243636
21	-0.003965116	-0.005137562	0.035243636
22	-0.003894838	-0.005319585	0.035243636
23	-0.003860688	-0.005375248	0.035243636
24	-0.003820193	-0.005428846	0.035243636
25	-0.003672952	-0.005565332	0.035243636
26	-0.003381049	-0.005726772	0.035243636
27	-0.002937031	-0.005864736	0.035243636
28	-0.002348289	-0.005943664	0.035243636
29	-0.001628217	-0.005942419	0.035243636
30	-0.000791530	-0.005844581	0.035243636
31	0.000146506	-0.005638545	0.035243636
32	0.001170808	-0.005317253	0.035243636
33	0.002266664	-0.004876589	0.035243636
34	0.003419503	-0.004314122	0.035243636
35	0.004613320	-0.003626382	0.035243636
36	0.005829981	-0.002808964	0.035243636
37	0.007050624	-0.001859765	0.035243636
38	0.008255364	-0.000778291	0.035243636
39	0.009436126	0.000421727	0.035243636
40	0.010603574	0.001711519	0.035243636
41	0.011789543	0.003048388	0.035243636
42	0.013006603	0.004409491	0.035243636
43	0.014249250	0.005788656	0.035243636
44	0.015496352	0.007195172	0.035243636
45	0.016681816	0.008673910	0.035243636
1	0.017371856	0.008505984	0.037554545
2	0.015710039	0.007642969	0.037554545
3	0.014030516	0.006839408	0.037554545
4	0.012367886	0.006049544	0.037554545
5	0.010738280	0.005259271	0.037554545
6	0.009149504	0.004472310	0.037554545
7	0.007608715	0.003694108	0.037554545
8	0.006128022	0.002920384	0.037554545
9	0.004725712	0.002136232	0.037554545
10	0.003405540	0.001353847	0.037554545
11	0.002172966	0.000581320	0.037554545
12	0.001033783	-0.000174889	0.037554545
13	-0.000008508	-0.000905800	0.037554545
14	-0.000952820	-0.001600378	0.037554545
15	-0.001793520	-0.002254926	0.037554545
16	-0.002521526	-0.002870256	0.037554545
17	-0.003125665	-0.003448204	0.037554545
18	-0.003593346	-0.003988433	0.037554545
19	-0.003911350	-0.004484466	0.037554545
20	-0.004068488	-0.004917398	0.037554545
21	-0.004071991	-0.005247102	0.037554545
22	-0.004010783	-0.005436534	0.037554545
23	-0.003977519	-0.005494283	0.037554545
24	-0.003936872	-0.005549343	0.037554545
25	-0.003785999	-0.005687392	0.037554545
26	-0.003486331	-0.005847641	0.037554545
27	-0.003031053	-0.005978535	0.037554545
28	-0.002429496	-0.006045181	0.037554545
29	-0.001696064	-0.006026295	0.037554545
30	-0.000846283	-0.005905581	0.037554545
31	0.000104288	-0.005673154	0.037554545
32	0.001141516	-0.005325777	0.037554545
33	0.002253479	-0.004865271	0.037554545
34	0.003429930	-0.004295679	0.037554545
35	0.004655427	-0.003610917	0.037554545
36	0.005910019	-0.002800627	0.037554545
37	0.007176374	-0.001863223	0.037554545
38	0.008436337	-0.000798468	0.037554545
39	0.009680224	0.000382689	0.037554545
40	0.010904520	0.001664513	0.037554545
41	0.012160823	0.002982521	0.037554545
42	0.013456392	0.004317436	0.037554545
43	0.014778877	0.005669262	0.037554545
44	0.016104957	0.007050178	0.037554545
45	0.017371856	0.008505984	0.037554545
1	0.018060279	0.008365958	0.039865455
2	0.016347993	0.007511206	0.039865455
3	0.014627697	0.006699091	0.039865455
4	0.012928015	0.005893681	0.039865455
5	0.011262909	0.005085841	0.039865455
6	0.009639040	0.004282234	0.039865455
7	0.008062762	0.003490378	0.039865455
8	0.006545499	0.002707584	0.039865455
9	0.005109633	0.001911317	0.039865455
10	0.003754914	0.001121271	0.039865455
11	0.002485417	0.000347795	0.039865455
12	0.001308516	-0.000405468	0.039865455
13	0.000228584	-0.001130878	0.039865455
14	-0.000754121	-0.001816010	0.039865455
15	-0.001634848	-0.002456249	0.039865455
16	-0.002404997	-0.003052781	0.039865455
17	-0.003053549	-0.003609090	0.039865455
18	-0.003567935	-0.004127514	0.039865455
19	-0.003935085	-0.004604978	0.039865455
20	-0.004140602	-0.005028542	0.039865455
21	-0.004173692	-0.005363418	0.039865455
22	-0.004122904	-0.005560239	0.039865455
23	-0.004090432	-0.005620087	0.039865455
24	-0.004049467	-0.005676544	0.039865455
25	-0.003894344	-0.005815684	0.039865455
26	-0.003585729	-0.005972878	0.039865455
27	-0.003118407	-0.006094446	0.039865455
28	-0.002503633	-0.006146277	0.039865455
29	-0.001756800	-0.006106932	0.039865455
30	-0.000894232	-0.005960385	0.039865455
31	0.000068287	-0.005698401	0.039865455
32	0.001117621	-0.005321213	0.039865455
33	0.002244582	-0.004836174	0.039865455
34	0.003442905	-0.004253538	0.039865455
35	0.004697178	-0.003564552	0.039865455
36	0.005986986	-0.002755657	0.039865455
37	0.007297032	-0.001826466	0.039865455
38	0.008611609	-0.000777802	0.039865455
39	0.009919848	0.000382331	0.039865455
40	0.011205933	0.001651487	0.039865455
41	0.012535678	0.002946333	0.039865455
42	0.013909832	0.004252851	0.039865455
43	0.015310659	0.005576776	0.039865455
44	0.016713585	0.006932594	0.039865455
45	0.018060279	0.008365958	0.039865455
1	0.018731025	0.008242442	0.042176364
2	0.016966705	0.007398474	0.042176364
3	0.015204070	0.006579718	0.042176364
4	0.013465735	0.005760802	0.042176364
5	0.011763496	0.004937552	0.042176364
6	0.010103386	0.004118500	0.042176364
7	0.008491335	0.003312510	0.042176364
8	0.006937719	0.002519307	0.042176364
9	0.005466950	0.001712482	0.042176364
10	0.004077127	0.000915063	0.042176364
11	0.002771433	0.000139087	0.042176364
12	0.001558426	-0.000613835	0.042176364
13	0.000443287	-0.001337220	0.042176364
14	-0.000573756	-0.002018239	0.042176364
15	-0.001488966	-0.002650755	0.042176364
16	-0.002294902	-0.003234863	0.042176364
17	-0.002981353	-0.003774347	0.042176364
18	-0.003536339	-0.004273258	0.042176364
19	-0.003947258	-0.004731567	0.042176364
20	-0.004198109	-0.005142221	0.042176364
21	-0.004264553	-0.005479257	0.042176364
22	-0.004225758	-0.005682993	0.042176364
23	-0.004194084	-0.005744915	0.042176364
24	-0.004152711	-0.005802705	0.042176364
25	-0.003992957	-0.005942486	0.042176364
26	-0.003674801	-0.006095177	0.042176364
27	-0.003195375	-0.006206117	0.042176364
28	-0.002567670	-0.006242241	0.042176364
29	-0.001807908	-0.006181993	0.042176364
30	-0.000933096	-0.006009587	0.042176364
31	0.000040824	-0.005718116	0.042176364
32	0.001101659	-0.005310671	0.042176364
33	0.002242739	-0.004799410	0.042176364
34	0.003461128	-0.004199795	0.042176364
35	0.004741205	-0.003500939	0.042176364
36	0.006063514	-0.002689189	0.042176364
37	0.007414831	-0.001765495	0.042176364
38	0.008781887	-0.000731954	0.042176364
39	0.010152995	0.000406195	0.042176364
40	0.011505360	0.001655897	0.042176364
41	0.012909025	0.002923657	0.042176364
42	0.014358608	0.004201236	0.042176364
43	0.015833352	0.005498376	0.042176364
44	0.017308513	0.006830816	0.042176364
45	0.018731025	0.008242442	0.042176364
1	0.019364382	0.008120829	0.044487273
2	0.017548969	0.007291186	0.044487273
3	0.015744635	0.006469140	0.044487273
4	0.013968147	0.005640247	0.044487273
5	0.012229214	0.004805141	0.044487273
6	0.010533553	0.003973570	0.044487273
7	0.008887025	0.003155035	0.044487273
8	0.007299152	0.002351350	0.044487273
9	0.005794014	0.001536660	0.044487273
10	0.004370087	0.000733632	0.044487273
11	0.003030355	-0.000045079	0.044487273
12	0.001784056	-0.000798953	0.044487273
13	0.000637060	-0.001522439	0.044487273
14	-0.000409798	-0.002203234	0.044487273
15	-0.001353867	-0.002833327	0.044487273
16	-0.002189444	-0.003410434	0.044487273
17	-0.002907571	-0.003937476	0.044487273
18	-0.003497176	-0.004419317	0.044487273
19	-0.003946208	-0.004858556	0.044487273
20	-0.004238047	-0.005253615	0.044487273
21	-0.004340323	-0.005588760	0.044487273
22	-0.004314856	-0.005798389	0.044487273
23	-0.004284042	-0.005862286	0.044487273
24	-0.004242267	-0.005921338	0.044487273
25	-0.004077864	-0.006061411	0.044487273
26	-0.003750320	-0.006208824	0.044487273
27	-0.003259521	-0.006309092	0.044487273
28	-0.002619835	-0.006330479	0.044487273
29	-0.001848058	-0.006251300	0.044487273
30	-0.000961715	-0.006055820	0.044487273
31	0.000023104	-0.005737928	0.044487273
32	0.001094953	-0.005302801	0.044487273
33	0.002249282	-0.004766455	0.044487273
34	0.003485576	-0.004148055	0.044487273
35	0.004788378	-0.003436117	0.044487273
36	0.006140212	-0.002619228	0.044487273
37	0.007529687	-0.001699544	0.044487273
38	0.008945565	-0.000680293	0.044487273
39	0.010375831	0.000435389	0.044487273
40	0.011796361	0.001658305	0.044487273
41	0.013270951	0.002896237	0.044487273
42	0.014789789	0.004145826	0.044487273
43	0.016331454	0.005418491	0.044487273
44	0.017872005	0.006729976	0.044487273
45	0.019364382	0.008120829	0.044487273
1	0.019940709	0.007985805	0.046798182
2	0.018077640	0.007174251	0.046798182
3	0.016234294	0.006353245	0.046798182
4	0.014422023	0.005519095	0.046798182
5	0.012648640	0.004676890	0.046798182
6	0.010919743	0.003837166	0.046798182
7	0.009241412	0.003009455	0.046798182
8	0.007622721	0.002196857	0.046798182
9	0.006085440	0.001377889	0.046798182
10	0.004629808	0.000572221	0.046798182
11	0.003259367	-0.000208173	0.046798182
12	0.001983531	-0.000962946	0.046798182
13	0.000808727	-0.001687248	0.046798182
14	-0.000263169	-0.002370021	0.046798182
15	-0.001230559	-0.003001292	0.046798182
16	-0.002089930	-0.003575410	0.046798182
17	-0.002833862	-0.004093545	0.046798182
18	-0.003452292	-0.004560636	0.046798182
19	-0.003933604	-0.004981525	0.046798182
20	-0.004260997	-0.005359530	0.046798182
21	-0.004398984	-0.005688518	0.046798182
22	-0.004387395	-0.005902567	0.046798182
23	-0.004357513	-0.005968264	0.046798182
24	-0.004315405	-0.006028476	0.046798182
25	-0.004146692	-0.006168617	0.046798182
26	-0.003810615	-0.006310745	0.046798182
27	-0.003309831	-0.006401587	0.046798182
28	-0.002659615	-0.006410932	0.046798182
29	-0.001877022	-0.006316904	0.046798182
30	-0.000979923	-0.006103489	0.046798182
31	0.000015383	-0.005764726	0.046798182
32	0.001097873	-0.005307012	0.046798182
33	0.002264543	-0.004749160	0.046798182
34	0.003516320	-0.004112443	0.046798182
35	0.004838727	-0.003386890	0.046798182
36	0.006216756	-0.002564579	0.046798182
37	0.007640472	-0.001648627	0.046798182
38	0.009100123	-0.000643110	0.046798182
39	0.010584037	0.000449800	0.046798182
40	0.012070754	0.001639813	0.046798182
41	0.013609888	0.002846922	0.046798182
42	0.015189460	0.004070626	0.046798182
43	0.016789181	0.005321757	0.046798182
44	0.018386615	0.006614912	0.046798182
45	0.019940709	0.007985805	0.046798182
1	0.020444086	0.007823394	0.049109091
2	0.018538884	0.007033265	0.049109091
3	0.016660815	0.006218128	0.049109091
4	0.014816558	0.005384220	0.049109091
5	0.013012314	0.004540534	0.049109091
6	0.011253710	0.003698044	0.049109091
7	0.009547244	0.002865871	0.049109091
8	0.007901908	0.002047636	0.049109091
9	0.006335984	0.001228580	0.049109091
10	0.004852144	0.000424016	0.049109091
11	0.003455089	-0.000355906	0.049109091
12	0.002154042	-0.001110319	0.049109091
13	0.000955844	-0.001834846	0.049109091
14	-0.000136362	-0.002520097	0.049109091
15	-0.001121900	-0.003154276	0.049109091
16	-0.001999699	-0.003727797	0.049109091
17	-0.002764012	-0.004239510	0.049109091
18	-0.003405738	-0.004693927	0.049109091
19	-0.003913470	-0.005097794	0.049109091
20	-0.004270337	-0.005458669	0.049109091
21	-0.004440948	-0.005778164	0.049109091
22	-0.004442676	-0.005995019	0.049109091
23	-0.004413758	-0.006062268	0.049109091
24	-0.004371433	-0.006123503	0.049109091
25	-0.004199086	-0.006263660	0.049109091
26	-0.003855914	-0.006401293	0.049109091
27	-0.003347004	-0.006485087	0.049109091
28	-0.002688041	-0.006486400	0.049109091
29	-0.001896030	-0.006383069	0.049109091
30	-0.000989024	-0.006158436	0.049109091
31	0.000016376	-0.005806042	0.049109091
32	0.001109174	-0.005332652	0.049109091
33	0.002287246	-0.004758814	0.049109091
34	0.003552089	-0.004106607	0.049109091
35	0.004891067	-0.003369470	0.049109091
36	0.006291645	-0.002543259	0.049109091
37	0.007744952	-0.001631825	0.049109091
38	0.009242227	-0.000639820	0.049109091
39	0.010772776	0.000430251	0.049109091
40	0.012319514	0.001584014	0.049109091
41	0.013914138	0.002761130	0.049109091
42	0.015544454	0.003961661	0.049109091
43	0.017192305	0.005194186	0.049109091
44	0.018837141	0.006471332	0.049109091
45	0.020444086	0.007823394	0.049109091
1	0.020865424	0.007623572	0.051420000
2	0.018925101	0.006857175	0.051420000
3	0.017017672	0.006052694	0.051420000
4	0.015146128	0.005224796	0.051420000
5	0.013315445	0.004385624	0.051420000
6	0.011531404	0.003546263	0.051420000
7	0.009801019	0.002715148	0.051420000
8	0.008133384	0.001896003	0.051420000
9	0.006543068	0.001081351	0.051420000
10	0.005035214	0.000281927	0.051420000
11	0.003615977	-0.000494575	0.051420000
12	0.002294199	-0.001246409	0.051420000
13	0.001077014	-0.001969489	0.051420000
14	-0.000031148	-0.002656190	0.051420000
15	-0.001030338	-0.003293177	0.051420000
16	-0.001921914	-0.003866846	0.051420000
17	-0.002701768	-0.004373557	0.051420000
18	-0.003361617	-0.004817124	0.051420000
19	-0.003890045	-0.005205885	0.051420000
20	-0.004270111	-0.005550884	0.051420000
21	-0.004467889	-0.005859395	0.051420000
22	-0.004481336	-0.006077645	0.051420000
23	-0.004453373	-0.006146153	0.051420000
24	-0.004410987	-0.006208263	0.051420000
25	-0.004235977	-0.006348632	0.051420000
26	-0.003887526	-0.006483290	0.051420000
27	-0.003372574	-0.006563206	0.051420000
28	-0.002706788	-0.006561163	0.051420000
29	-0.001906876	-0.006454638	0.051420000
30	-0.000990919	-0.006226061	0.051420000
31	0.000024114	-0.005867957	0.051420000
32	0.001126898	-0.005386740	0.051420000
33	0.002315536	-0.004803746	0.051420000
34	0.003591463	-0.004141028	0.051420000
35	0.004944334	-0.003396401	0.051420000
36	0.006363781	-0.002569182	0.051420000
37	0.007841674	-0.001663800	0.051420000
38	0.009369882	-0.000685322	0.051420000
39	0.010938994	0.000362519	0.051420000
40	0.012536188	0.001480405	0.051420000
41	0.014175804	0.002629927	0.051420000
42	0.015846488	0.003810099	0.051420000
43	0.017532475	0.005026459	0.051420000
44	0.019215157	0.006289293	0.051420000
45	0.020865424	0.007623572	0.051420000
1	0.021205502	0.007382300	0.053730909
2	0.019237724	0.006640511	0.053730909
3	0.017306680	0.005850881	0.053730909
4	0.015412841	0.005034417	0.053730909
5	0.013560386	0.004205507	0.053730909
6	0.011755364	0.003375040	0.053730909
7	0.010005302	0.002550678	0.053730909
8	0.008319368	0.001736233	0.053730909
9	0.006709067	0.000930376	0.053730909
10	0.005181596	0.000139911	0.053730909
11	0.003744449	-0.000629833	0.053730909
12	0.002406100	-0.001376252	0.053730909
13	0.001173884	-0.002095419	0.053730909
14	0.000053361	-0.002781299	0.053730909
15	-0.000956039	-0.003419332	0.053730909
16	-0.001857772	-0.003992366	0.053730909
17	-0.002649128	-0.004494505	0.053730909
18	-0.003322449	-0.004928841	0.053730909
19	-0.003866182	-0.005304961	0.053730909
20	-0.004263338	-0.005636530	0.053730909
21	-0.004481499	-0.005934734	0.053730909
22	-0.004504340	-0.006153405	0.053730909
23	-0.004477297	-0.006222880	0.053730909
24	-0.004435045	-0.006285736	0.053730909
25	-0.004258542	-0.006426775	0.053730909
26	-0.003906786	-0.006560508	0.053730909
27	-0.003387869	-0.006640015	0.053730909
28	-0.002717169	-0.006639192	0.053730909
29	-0.001910947	-0.006535149	0.053730909
30	-0.000987177	-0.006309320	0.053730909
31	0.000036833	-0.005952971	0.053730909
32	0.001149209	-0.005471697	0.053730909
33	0.002347782	-0.004886910	0.053730909
34	0.003633564	-0.004220288	0.053730909
35	0.004998308	-0.003473721	0.053730909
36	0.006433336	-0.002649337	0.053730909
37	0.007931015	-0.001752050	0.053730909
38	0.009483630	-0.000787291	0.053730909
39	0.011082866	0.000239860	0.053730909
40	0.012719000	0.001325989	0.053730909
41	0.014392952	0.002451412	0.053730909
42	0.016094317	0.003613675	0.053730909
43	0.017809369	0.004815445	0.053730909
44	0.019521193	0.006064818	0.053730909
45	0.021205502	0.007382300	0.053730909
1	0.021477834	0.007103728	0.056041818
2	0.019489853	0.006385732	0.056041818
3	0.017540490	0.005613970	0.056041818
4	0.015628909	0.004813275	0.056041818
5	0.013758931	0.003999315	0.056041818
6	0.011936923	0.003182594	0.056041818
7	0.010170829	0.002370104	0.056041818
8	0.008469763	0.001565947	0.056041818
9	0.006843387	0.000772591	0.056041818
10	0.005300246	-0.000005815	0.056041818
11	0.003848733	-0.000765582	0.056041818
12	0.002497110	-0.001503563	0.056041818
13	0.001252846	-0.002215923	0.056041818
14	0.000122324	-0.002897795	0.056041818
15	-0.000895330	-0.003533745	0.056041818
16	-0.001805004	-0.004104055	0.056041818
17	-0.002604944	-0.004601201	0.056041818
18	-0.003287894	-0.005027741	0.056041818
19	-0.003842175	-0.005394110	0.056041818
20	-0.004250817	-0.005715643	0.056041818
21	-0.004482324	-0.006006073	0.056041818
22	-0.004511855	-0.006224707	0.056041818
23	-0.004485659	-0.006294887	0.056041818
24	-0.004443736	-0.006358391	0.056041818
25	-0.004266911	-0.006500704	0.056041818
26	-0.003913693	-0.006635698	0.056041818
27	-0.003392635	-0.006717951	0.056041818
28	-0.002718716	-0.006722020	0.056041818
29	-0.001907726	-0.006624694	0.056041818
30	-0.000977432	-0.006406551	0.056041818
31	0.000054632	-0.006057705	0.056041818
32	0.001176055	-0.005582836	0.056041818
33	0.002384151	-0.005003075	0.056041818
34	0.003679430	-0.004339753	0.056041818
35	0.005054982	-0.003597460	0.056041818
36	0.006503209	-0.002780230	0.056041818
37	0.008016781	-0.001893354	0.056041818
38	0.009588253	-0.000942595	0.056041818
39	0.011209891	0.000066168	0.056041818
40	0.012873490	0.001127314	0.056041818
41	0.014572322	0.002232599	0.056041818
42	0.016296468	0.003378690	0.056041818
43	0.018033477	0.004566358	0.056041818
44	0.019767600	0.005802178	0.056041818
45	0.021477834	0.007103728	0.056041818
1	0.021711626	0.006802309	0.058352727
2	0.019708989	0.006105483	0.058352727
3	0.017745137	0.005352752	0.058352727
4	0.015819054	0.004570173	0.058352727
5	0.013934583	0.003773775	0.058352727
6	0.012098336	0.002973787	0.058352727
7	0.010318496	0.002176837	0.058352727
8	0.008604117	0.001387259	0.058352727
9	0.006964336	0.000608667	0.058352727
10	0.005408208	-0.000155807	0.058352727
11	0.003944472	-0.000903116	0.058352727
12	0.002581371	-0.001629993	0.058352727
13	0.001326456	-0.002332664	0.058352727
14	0.000186497	-0.003006801	0.058352727
15	-0.000839421	-0.003636555	0.058352727
16	-0.001756665	-0.004201058	0.058352727
17	-0.002563827	-0.004692095	0.058352727
18	-0.003253818	-0.005112029	0.058352727
19	-0.003814950	-0.005471703	0.058352727
20	-0.004230358	-0.005787183	0.058352727
21	-0.004468832	-0.006073482	0.058352727
22	-0.004502284	-0.006292124	0.058352727
23	-0.004476815	-0.006362816	0.058352727
24	-0.004435366	-0.006426912	0.058352727
25	-0.004259152	-0.006571092	0.058352727
26	-0.003905879	-0.006709242	0.058352727
27	-0.003383947	-0.006796466	0.058352727
28	-0.002707989	-0.006807428	0.058352727
29	-0.001893447	-0.006718634	0.058352727
30	-0.000957882	-0.006510137	0.058352727
31	0.000081126	-0.006171403	0.058352727
32	0.001210870	-0.005706594	0.058352727
33	0.002428257	-0.005136658	0.058352727
34	0.003733468	-0.004482872	0.058352727
35	0.005119974	-0.003750715	0.058352727
36	0.006580498	-0.002944846	0.058352727
37	0.008107775	-0.002070684	0.058352727
38	0.009694416	-0.001134106	0.058352727
39	0.011332754	-0.000141122	0.058352727
40	0.013014794	0.000902292	0.058352727
41	0.014731756	0.001991070	0.058352727
42	0.016473736	0.003121800	0.058352727
43	0.018228658	0.004294725	0.058352727
44	0.019981219	0.005515948	0.058352727
45	0.021711626	0.006802309	0.058352727
1	0.021942712	0.006497845	0.060663636
2	0.019927781	0.005820420	0.060663636
3	0.017951151	0.005086527	0.060663636
4	0.016012064	0.004322314	0.060663636
5	0.014114580	0.003543744	0.060663636
6	0.012265394	0.002761087	0.060663636
7	0.010472801	0.001980848	0.060663636
8	0.008745911	0.001207304	0.060663636
9	0.007093933	0.000443961	0.060663636
10	0.005525965	-0.000306113	0.060663636
11	0.004050810	-0.001039973	0.060663636
12	0.002676736	-0.001754371	0.060663636
13	0.001411434	-0.002445755	0.060663636
14	0.000261654	-0.003109708	0.060663636
15	-0.000773328	-0.003730373	0.060663636
16	-0.001698679	-0.004286775	0.060663636
17	-0.002512940	-0.004770629	0.060663636
18	-0.003208977	-0.005184464	0.060663636
19	-0.003775231	-0.005539196	0.060663636
20	-0.004194964	-0.005851107	0.060663636
21	-0.004437045	-0.006135599	0.060663636
22	-0.004472750	-0.006354454	0.060663636
23	-0.004447920	-0.006425568	0.060663636
24	-0.004406996	-0.006490227	0.060663636
25	-0.004231775	-0.006636502	0.060663636
26	-0.003879032	-0.006778560	0.060663636
27	-0.003356717	-0.006871353	0.060663636
28	-0.002679220	-0.006889329	0.060663636
29	-0.001861763	-0.006808783	0.060663636
30	-0.000921735	-0.006609541	0.060663636
31	0.000123352	-0.006280838	0.060663636
32	0.001260708	-0.005826680	0.060663636
33	0.002487013	-0.005268044	0.060663636
34	0.003802229	-0.004626263	0.060663636
35	0.005199758	-0.003906773	0.060663636
36	0.006672262	-0.003114177	0.060663636
37	0.008212403	-0.002253832	0.060663636
38	0.009812714	-0.001331554	0.060663636
39	0.011465450	-0.000353294	0.060663636
40	0.013162538	0.000675039	0.060663636
41	0.014895124	0.001748456	0.060663636
42	0.016653245	0.002863638	0.060663636
43	0.018424804	0.004020948	0.060663636
44	0.020194527	0.005226662	0.060663636
45	0.021942712	0.006497845	0.060663636
1	0.022178833	0.006194756	0.062974545
2	0.020152748	0.005536922	0.062974545
3	0.018164476	0.004822065	0.062974545
4	0.016213525	0.004076405	0.062974545
5	0.014304124	0.003315901	0.062974545
6	0.012443086	0.002550782	0.062974545
7	0.010638789	0.001787477	0.062974545
8	0.008900403	0.001030194	0.062974545
9	0.007237195	0.000282340	0.062974545
10	0.005658309	-0.000453097	0.062974545
11	0.004172599	-0.001173255	0.062974545
12	0.002788382	-0.001874966	0.062974545
13	0.001513400	-0.002554746	0.062974545
14	0.000354466	-0.003208242	0.062974545
15	-0.000688976	-0.003819571	0.062974545
16	-0.001621893	-0.004367647	0.062974545
17	-0.002442751	-0.004844169	0.062974545
18	-0.003144430	-0.005251735	0.062974545
19	-0.003715459	-0.005601404	0.062974545
20	-0.004139236	-0.005909655	0.062974545
21	-0.004384698	-0.006192265	0.062974545
22	-0.004422608	-0.006411210	0.062974545
23	-0.004398395	-0.006482702	0.062974545
24	-0.004357995	-0.006547874	0.062974545
25	-0.004183816	-0.006696117	0.062974545
26	-0.003831757	-0.006841923	0.062974545
27	-0.003309324	-0.006940125	0.062974545
28	-0.002630651	-0.006964998	0.062974545
29	-0.001810734	-0.006892650	0.062974545
30	-0.000866774	-0.006702688	0.062974545
31	0.000183798	-0.006384117	0.062974545
32	0.001328115	-0.005940788	0.062974545
33	0.002562623	-0.005393654	0.062974545
34	0.003887072	-0.004764117	0.062974545
35	0.005294799	-0.004057566	0.062974545
36	0.006778409	-0.003278544	0.062974545
37	0.008330493	-0.002432342	0.062974545
38	0.009943511	-0.001524714	0.062974545
39	0.011609645	-0.000561546	0.062974545
40	0.013320746	0.000451320	0.062974545
41	0.015067894	0.001508972	0.062974545
42	0.016841075	0.002608186	0.062974545
43	0.018628173	0.003749447	0.062974545
44	0.020413949	0.004939201	0.062974545
45	0.022178833	0.006194756	0.062974545
1	0.022416902	0.005892268	0.065285455
2	0.020381025	0.005254222	0.065285455
3	0.018382460	0.004558629	0.065285455
4	0.016420974	0.003831771	0.065285455
5	0.014500960	0.003089598	0.065285455
6	0.012629340	0.002342296	0.065285455
7	0.010814574	0.001596213	0.065285455
8	0.009065879	0.000855485	0.065285455
9	0.007392578	0.000123423	0.065285455
10	0.005803856	-0.000597072	0.065285455
11	0.004308608	-0.001303221	0.065285455
12	0.002915198	-0.001991935	0.065285455
13	0.001631414	-0.002659805	0.065285455
14	0.000464126	-0.003302541	0.065285455
15	-0.000587053	-0.003904246	0.065285455
16	-0.001526892	-0.004443741	0.065285455
17	-0.002353779	-0.004912710	0.065285455
18	-0.003060614	-0.005313818	0.065285455
19	-0.003636019	-0.005658261	0.065285455
20	-0.004063539	-0.005962701	0.065285455
21	-0.004312186	-0.006243283	0.065285455
22	-0.004352231	-0.006462189	0.065285455
23	-0.004328633	-0.006534009	0.065285455
24	-0.004288766	-0.006599644	0.065285455
25	-0.004115710	-0.006749724	0.065285455
26	-0.003764538	-0.006899128	0.065285455
27	-0.003242309	-0.007002608	0.065285455
28	-0.002562897	-0.007034289	0.065285455
29	-0.001741059	-0.006970116	0.065285455
30	-0.000793795	-0.006789491	0.065285455
31	0.000261556	-0.006481194	0.065285455
32	0.001412058	-0.006048904	0.065285455
33	0.002653917	-0.005513524	0.065285455
34	0.003986679	-0.004896520	0.065285455
35	0.005403619	-0.004203232	0.065285455
36	0.006897292	-0.003438144	0.065285455
37	0.008460219	-0.002606474	0.065285455
38	0.010084796	-0.001713912	0.065285455
39	0.011763134	-0.000766277	0.065285455
40	0.013487016	0.000230659	0.065285455
41	0.015247463	0.001272064	0.065285455
42	0.017034415	0.002354806	0.065285455
43	0.018835747	0.003479493	0.065285455
44	0.020636265	0.004652733	0.065285455
45	0.022416902	0.005892268	0.065285455
1	0.022571203	0.005565985	0.067596364
2	0.020532709	0.004948615	0.067596364
3	0.018530905	0.004273449	0.067596364
4	0.016565813	0.003566718	0.067596364
5	0.014641974	0.002844300	0.067596364
6	0.012766394	0.002116300	0.067596364
7	0.010947584	0.001388963	0.067596364
8	0.009194782	0.000666341	0.067596364
9	0.007517331	-0.000048367	0.067596364
10	0.005924428	-0.000752348	0.067596364
11	0.004424979	-0.001442915	0.067596364
12	0.003027363	-0.002117065	0.067596364
13	0.001739390	-0.002771469	0.067596364
14	0.000567956	-0.003401905	0.067596364
15	-0.000487200	-0.003992451	0.067596364
16	-0.001430622	-0.004521946	0.067596364
17	-0.002260605	-0.004982126	0.067596364
18	-0.002970081	-0.005375738	0.067596364
19	-0.003547787	-0.005714082	0.067596364
20	-0.003977455	-0.006013942	0.067596364
21	-0.004228262	-0.006291741	0.067596364
22	-0.004270159	-0.006509915	0.067596364
23	-0.004247229	-0.006581819	0.067596364
24	-0.004208016	-0.006647690	0.067596364
25	-0.004036643	-0.006799090	0.067596364
26	-0.003687508	-0.006951536	0.067596364
27	-0.003167204	-0.007059819	0.067596364
28	-0.002489317	-0.007097994	0.067596364
29	-0.001668331	-0.007041915	0.067596364
30	-0.000721008	-0.006870847	0.067596364
31	0.000335450	-0.006573383	0.067596364
32	0.001488075	-0.006153019	0.067596364
33	0.002732850	-0.005630534	0.067596364
34	0.004069132	-0.005027410	0.067596364
35	0.005490167	-0.004348932	0.067596364
36	0.006988481	-0.003599512	0.067596364
37	0.008556560	-0.002784286	0.067596364
38	0.010186759	-0.001908866	0.067596364
39	0.011871152	-0.000978990	0.067596364
40	0.013601484	-0.000000345	0.067596364
41	0.015368749	0.001022325	0.067596364
42	0.017162878	0.002085983	0.067596364
43	0.018971783	0.003191340	0.067596364
44	0.020780367	0.004345126	0.067596364
45	0.022571203	0.005565985	0.067596364
1	0.022617763	0.005209597	0.069907273
2	0.020585310	0.004614140	0.069907273
3	0.018588807	0.003960901	0.069907273
4	0.016628518	0.003275953	0.069907273
5	0.014709105	0.002575037	0.069907273
6	0.012837626	0.001868134	0.069907273
7	0.011022604	0.001161367	0.069907273
8	0.009273258	0.000458688	0.069907273
9	0.007598910	-0.000236817	0.069907273
10	0.006008732	-0.000922432	0.069907273
11	0.004511603	-0.001595565	0.069907273
12	0.003115882	-0.002253305	0.069907273
13	0.001829362	-0.002892409	0.069907273
14	0.000658935	-0.003508733	0.069907273
15	-0.000395548	-0.004086385	0.069907273
16	-0.001338395	-0.004604314	0.069907273
17	-0.002167824	-0.005054351	0.069907273
18	-0.002876816	-0.005439310	0.069907273
19	-0.003454270	-0.005770542	0.069907273
20	-0.003884158	-0.006064873	0.069907273
21	-0.004135950	-0.006338907	0.069907273
22	-0.004179438	-0.006555487	0.069907273
23	-0.004157243	-0.006627174	0.069907273
24	-0.004118817	-0.006693005	0.069907273
25	-0.003949750	-0.006845042	0.069907273
26	-0.003603977	-0.006999741	0.069907273
27	-0.003087628	-0.007112104	0.069907273
28	-0.002413966	-0.007156214	0.069907273
29	-0.001597167	-0.007107940	0.069907273
30	-0.000653703	-0.006946502	0.069907273
31	0.000399420	-0.006660371	0.069907273
32	0.001549263	-0.006252870	0.069907273
33	0.002791621	-0.005744587	0.069907273
34	0.004125678	-0.005156922	0.069907273
35	0.005544674	-0.004495083	0.069907273
36	0.007041144	-0.003763404	0.069907273
37	0.008607569	-0.002966918	0.069907273
38	0.010236299	-0.002111142	0.069907273
39	0.011919406	-0.001201714	0.069907273
40	0.013648632	-0.000244217	0.069907273
41	0.015414982	0.000756707	0.069907273
42	0.017208422	0.001798125	0.069907273
43	0.019016942	0.002880846	0.069907273
44	0.020825599	0.004011685	0.069907273
45	0.022617763	0.005209597	0.069907273
1	0.022589003	0.004834079	0.072218182
2	0.020568985	0.004261237	0.072218182
3	0.018584085	0.003630854	0.072218182
4	0.016634805	0.002968741	0.072218182
5	0.014725906	0.002290451	0.072218182
6	0.012864476	0.001605813	0.072218182
7	0.011059020	0.000920811	0.072218182
8	0.009318709	0.000239292	0.072218182
9	0.007652818	-0.000435778	0.072218182
10	0.006070461	-0.001101782	0.072218182
11	0.004580463	-0.001756226	0.072218182
12	0.003191136	-0.002396294	0.072218182
13	0.001910233	-0.003018838	0.072218182
14	0.000744618	-0.003619796	0.072218182
15	-0.000305743	-0.004183372	0.072218182
16	-0.001244929	-0.004688681	0.072218182
17	-0.002071089	-0.005127663	0.072218182
18	-0.002777282	-0.005503185	0.072218182
19	-0.003352593	-0.005826605	0.072218182
20	-0.003781279	-0.006114731	0.072218182
21	-0.004033194	-0.006384288	0.072218182
22	-0.004078072	-0.006598643	0.072218182
23	-0.004056653	-0.006669893	0.072218182
24	-0.004019103	-0.006735469	0.072218182
25	-0.003852783	-0.006887610	0.072218182
26	-0.003511337	-0.007043927	0.072218182
27	-0.003000440	-0.007159766	0.072218182
28	-0.002333011	-0.007209326	0.072218182
29	-0.001522887	-0.007168563	0.072218182
30	-0.000586213	-0.007016730	0.072218182
31	0.000460247	-0.006742224	0.072218182
32	0.001603625	-0.006348201	0.072218182
33	0.002839564	-0.005855011	0.072218182
34	0.004167076	-0.005283894	0.072218182
35	0.005579424	-0.004639969	0.072218182
36	0.007069173	-0.003927477	0.072218182
37	0.008628825	-0.003151341	0.072218182
38	0.010250753	-0.002316967	0.072218182
39	0.011927049	-0.001429882	0.072218182
40	0.013649480	-0.000495551	0.072218182
41	0.015409094	0.000481497	0.072218182
42	0.017195922	0.001498435	0.072218182
43	0.018998069	0.002556155	0.072218182
44	0.020800791	0.003661524	0.072218182
45	0.022589003	0.004834079	0.072218182
1	0.022515914	0.004449807	0.074529091
2	0.020512495	0.003899868	0.074529091
3	0.018543327	0.003292738	0.074529091
4	0.016609129	0.002653932	0.074529091
5	0.014714747	0.001998789	0.074529091
6	0.012867277	0.001336966	0.074529091
7	0.011075191	0.000674306	0.074529091
8	0.009347591	0.000014546	0.074529091
9	0.007693682	-0.000639469	0.074529091
10	0.006122504	-0.001285222	0.074529091
11	0.004642809	-0.001920319	0.074529091
12	0.003262844	-0.002542042	0.074529091
13	0.001990308	-0.003147337	0.074529091
14	0.000832020	-0.003732239	0.074529091
15	-0.000211936	-0.004281085	0.074529091
16	-0.001145415	-0.004773192	0.074529091
17	-0.001966508	-0.005200619	0.074529091
18	-0.002668367	-0.005566273	0.074529091
19	-0.003240282	-0.005881488	0.074529091
20	-0.003666821	-0.006163016	0.074529091
21	-0.003918275	-0.006427660	0.074529091
22	-0.003964394	-0.006639386	0.074529091
23	-0.003943768	-0.006710053	0.074529091
24	-0.003907142	-0.006775236	0.074529091
25	-0.003743823	-0.006927122	0.074529091
26	-0.003407287	-0.007084609	0.074529091
27	-0.002902769	-0.007203478	0.074529091
28	-0.002242826	-0.007258097	0.074529091
29	-0.001440943	-0.007224561	0.074529091
30	-0.000512919	-0.007082203	0.074529091
31	0.000524755	-0.006819384	0.074529091
32	0.001659314	-0.006439099	0.074529091
33	0.002886264	-0.005961427	0.074529091
34	0.004204462	-0.005407402	0.074529091
35	0.005607199	-0.004782042	0.074529091
36	0.007087089	-0.004089489	0.074529091
37	0.008636673	-0.003334550	0.074529091
38	0.010248358	-0.002522513	0.074529091
39	0.011914279	-0.001658783	0.074529091
40	0.013626245	-0.000748702	0.074529091
41	0.015375362	0.000203321	0.074529091
42	0.017151745	0.001194568	0.074529091
43	0.018943639	0.002226014	0.074529091
44	0.020736515	0.003304564	0.074529091
45	0.022515914	0.004449807	0.074529091
1	0.022423882	0.004065589	0.076840000
2	0.020439407	0.003538405	0.076840000
3	0.018488303	0.002954446	0.076840000
4	0.016571497	0.002338910	0.076840000
5	0.014693905	0.001706908	0.076840000
6	0.012862621	0.001067924	0.076840000
7	0.011086069	0.000427653	0.076840000
8	0.009373272	-0.000210277	0.076840000
9	0.007733356	-0.000843141	0.076840000
10	0.006175274	-0.001468523	0.076840000
11	0.004707695	-0.002084126	0.076840000
12	0.003338793	-0.002687333	0.076840000
13	0.002076200	-0.003275186	0.076840000
14	0.000926688	-0.003843818	0.076840000
15	-0.000109543	-0.004377728	0.076840000
16	-0.001036131	-0.004856456	0.076840000
17	-0.001851118	-0.005272179	0.076840000
18	-0.002547756	-0.005627832	0.076840000
19	-0.003115551	-0.005934709	0.076840000
20	-0.003539389	-0.006209483	0.076840000
21	-0.003790033	-0.006469009	0.076840000
22	-0.003837280	-0.006677895	0.076840000
23	-0.003817447	-0.006747898	0.076840000
24	-0.003781761	-0.006812606	0.076840000
25	-0.003621560	-0.006964014	0.076840000
26	-0.003290231	-0.007122374	0.076840000
27	-0.002792581	-0.007243952	0.076840000
28	-0.002140804	-0.007303316	0.076840000
29	-0.001348030	-0.007276736	0.076840000
30	-0.000429697	-0.007143650	0.076840000
31	0.000597989	-0.006892407	0.076840000
32	0.001722382	-0.006525844	0.076840000
33	0.002938868	-0.006063754	0.076840000
34	0.004246151	-0.005526937	0.076840000
35	0.005637562	-0.004920303	0.076840000
36	0.007105774	-0.004247894	0.076840000
37	0.008643372	-0.003514398	0.076840000
38	0.010242811	-0.002724982	0.076840000
39	0.011896276	-0.001884926	0.076840000
40	0.013595629	-0.000999444	0.076840000
41	0.015332045	-0.000072825	0.076840000
42	0.017095736	0.000892324	0.076840000
43	0.018875093	0.001897056	0.076840000
44	0.020655818	0.002948306	0.076840000
45	0.022423882	0.004065589	0.076840000
1	0.022322113	0.003684929	0.079150909
2	0.020358200	0.003180152	0.079150909
3	0.018426779	0.002619061	0.079150909
4	0.016528972	0.002026523	0.079150909
5	0.014669754	0.001417420	0.079150909
6	0.012856210	0.000801055	0.079150909
7	0.011096706	0.000182978	0.079150909
8	0.009400178	-0.000433293	0.079150909
9	0.007775664	-0.001045149	0.079150909
10	0.006232024	-0.001650273	0.079150909
11	0.004777838	-0.002246468	0.079150909
12	0.003421199	-0.002831216	0.079150909
13	0.002169667	-0.003401654	0.079150909
14	0.001029960	-0.003954016	0.079150909
15	0.000002391	-0.004472982	0.079150909
16	-0.000916465	-0.004938325	0.079150909
17	-0.001724608	-0.005342342	0.079150909
18	-0.002415395	-0.005687991	0.079150909
19	-0.002978551	-0.005986514	0.079150909
20	-0.003399287	-0.006254486	0.079150909
21	-0.003648848	-0.006508798	0.079150909
22	-0.003697113	-0.006714712	0.079150909
23	-0.003678059	-0.006783992	0.079150909
24	-0.003643314	-0.006848165	0.079150909
25	-0.003486287	-0.006998927	0.079150909
26	-0.003160342	-0.007157919	0.079150909
27	-0.002669872	-0.007281932	0.079150909
28	-0.002026708	-0.007345759	0.079150909
29	-0.001243620	-0.007325865	0.079150909
30	-0.000335686	-0.007201820	0.079150909
31	0.000681185	-0.006961970	0.079150909
32	0.001794475	-0.006608998	0.079150909
33	0.002999460	-0.006162393	0.079150909
34	0.004294700	-0.005642706	0.079150909
35	0.005673571	-0.005054737	0.079150909
36	0.007128810	-0.004402430	0.079150909
37	0.008653053	-0.003690351	0.079150909
38	0.010238813	-0.002923542	0.079150909
39	0.011878329	-0.002107160	0.079150909
40	0.013563524	-0.001246291	0.079150909
41	0.015285652	-0.000345100	0.079150909
42	0.017035026	0.000593912	0.079150909
43	0.018800194	0.001571872	0.079150909
44	0.020567094	0.002595739	0.079150909
45	0.022322113	0.003684929	0.079150909
1	0.022207139	0.003307218	0.081461818
2	0.020265546	0.002824478	0.081461818
3	0.018355568	0.002285936	0.081461818
4	0.016478506	0.001716112	0.081461818
5	0.014639387	0.001129650	0.081461818
6	0.012845273	0.000535671	0.081461818
7	0.011104464	-0.000060419	0.081461818
8	0.009425801	-0.000655214	0.081461818
9	0.007818225	-0.001246216	0.081461818
10	0.006290495	-0.001831209	0.081461818
11	0.004851094	-0.002408092	0.081461818
12	0.003508027	-0.002974445	0.081461818
13	0.002268775	-0.003527502	0.081461818
14	0.001139994	-0.004063598	0.081461818
15	0.000122107	-0.004567606	0.081461818
16	-0.000788103	-0.005019551	0.081461818
17	-0.001588602	-0.005411854	0.081461818
18	-0.002272854	-0.005747491	0.081461818
19	-0.002830807	-0.006037641	0.081461818
20	-0.003248000	-0.006298765	0.081461818
21	-0.003496174	-0.006547764	0.081461818
22	-0.003545330	-0.006750563	0.081461818
23	-0.003527041	-0.006819059	0.081461818
24	-0.003493238	-0.006882631	0.081461818
25	-0.003339454	-0.007032563	0.081461818
26	-0.003019097	-0.007191935	0.081461818
27	-0.002536157	-0.007318096	0.081461818
28	-0.001902104	-0.007386092	0.081461818
29	-0.001129347	-0.007372609	0.081461818
30	-0.000232595	-0.007257370	0.081461818
31	0.000772545	-0.007028735	0.081461818
32	0.001873695	-0.006689225	0.081461818
33	0.003066030	-0.006258008	0.081461818
34	0.004347975	-0.005755374	0.081461818
35	0.005712960	-0.005186014	0.081461818
36	0.007153790	-0.004553773	0.081461818
37	0.008663163	-0.003863090	0.081461818
38	0.010233653	-0.003118887	0.081461818
39	0.011857564	-0.002326191	0.081461818
40	0.013526890	-0.001489960	0.081461818
41	0.015232969	-0.000614238	0.081461818
42	0.016966227	0.000298581	0.081461818
43	0.018715375	0.001249693	0.081461818
44	0.020466598	0.002246070	0.081461818
45	0.022207139	0.003307218	0.081461818
1	0.022069834	0.002930042	0.083772727
2	0.020152858	0.002469009	0.083772727
3	0.018266609	0.001952763	0.083772727
4	0.016412556	0.001405449	0.083772727
5	0.014595766	0.000841461	0.083772727
6	0.012823266	0.000269731	0.083772727
7	0.011103279	-0.000304485	0.083772727
8	0.009444541	-0.000877888	0.083772727
9	0.007855885	-0.001448096	0.083772727
10	0.006345958	-0.002012988	0.083772727
11	0.004923137	-0.002570561	0.083772727
12	0.003595328	-0.003118489	0.083772727
13	0.002369926	-0.003654106	0.083772727
14	0.001253516	-0.004173847	0.083772727
15	0.000246618	-0.004662786	0.083772727
16	-0.000653780	-0.005101228	0.083772727
17	-0.001445610	-0.005481731	0.083772727
18	-0.002122451	-0.005807285	0.083772727
19	-0.002674478	-0.006088987	0.083772727
20	-0.003087565	-0.006343166	0.083772727
21	-0.003333974	-0.006586696	0.083772727
22	-0.003383879	-0.006786186	0.083772727
23	-0.003366350	-0.006853817	0.083772727
24	-0.003333501	-0.006916709	0.083772727
25	-0.003183067	-0.007065597	0.083772727
26	-0.002868574	-0.007225056	0.083772727
27	-0.002393625	-0.007353040	0.083772727
28	-0.001769328	-0.007424875	0.083772727
29	-0.001007725	-0.007417500	0.083772727
30	-0.000123155	-0.007310814	0.083772727
31	0.000869094	-0.007093211	0.083772727
32	0.001956794	-0.006767055	0.083772727
33	0.003135032	-0.006351173	0.083772727
34	0.004402109	-0.005865573	0.083772727
35	0.005751518	-0.005314838	0.083772727
36	0.007176140	-0.004702709	0.083772727
37	0.008668747	-0.004033499	0.083772727
38	0.010221983	-0.003312006	0.083772727
39	0.011828225	-0.002543127	0.083772727
40	0.013479550	-0.001731689	0.083772727
41	0.015167391	-0.000881615	0.083772727
42	0.016882297	0.000004807	0.083772727
43	0.018613155	0.000928837	0.083772727
44	0.020346406	0.001897444	0.083772727
45	0.022069834	0.002930042	0.083772727
1	0.021902663	0.002551392	0.086083636
2	0.020013019	0.002111790	0.086083636
3	0.018153198	0.001617651	0.086083636
4	0.016324824	0.001092718	0.086083636
5	0.014532990	0.000551117	0.086083636
6	0.012784677	0.000001579	0.086083636
7	0.011088018	-0.000550792	0.086083636
8	0.009451631	-0.001102807	0.086083636
9	0.007884227	-0.001652197	0.086083636
10	0.006394332	-0.002196938	0.086083636
11	0.004990202	-0.002735119	0.086083636
12	0.003679635	-0.003264513	0.086083636
13	0.002469926	-0.003782549	0.086083636
14	0.001367580	-0.004285763	0.086083636
15	0.000373205	-0.004759445	0.086083636
16	-0.000516010	-0.005184211	0.086083636
17	-0.001297968	-0.005552767	0.086083636
18	-0.001966369	-0.005868114	0.086083636
19	-0.002511623	-0.006141249	0.086083636
20	-0.002919950	-0.006388340	0.086083636
21	-0.003164160	-0.006626197	0.086083636
22	-0.003214668	-0.006822141	0.086083636
23	-0.003197896	-0.006888812	0.086083636
24	-0.003166022	-0.006950931	0.086083636
25	-0.003019078	-0.007098527	0.086083636
26	-0.002710795	-0.007257744	0.086083636
27	-0.002244401	-0.007387188	0.086083636
28	-0.001630637	-0.007462503	0.086083636
29	-0.000881180	-0.007460908	0.086083636
30	-0.000009986	-0.007362517	0.086083636
31	0.000967984	-0.007155776	0.086083636
32	0.002040675	-0.006842900	0.086083636
33	0.003203101	-0.006442355	0.086083636
34	0.004453448	-0.005973843	0.086083636
35	0.005785282	-0.005441831	0.086083636
36	0.007191574	-0.004849958	0.086083636
37	0.008665176	-0.004202410	0.086083636
38	0.010198816	-0.003503853	0.086083636
39	0.011784960	-0.002759056	0.086083636
40	0.013415774	-0.001972708	0.086083636
41	0.015082803	-0.001148611	0.086083636
42	0.016776731	-0.000288950	0.086083636
43	0.018486634	0.000607594	0.086083636
44	0.020199223	0.001547973	0.086083636
45	0.021902663	0.002551392	0.086083636
1	0.021705121	0.002171558	0.088394545
2	0.019845463	0.001753077	0.088394545
3	0.018014707	0.001280826	0.088394545
4	0.016214625	0.000778110	0.088394545
5	0.014450319	0.000258770	0.088394545
6	0.012728713	-0.000268671	0.088394545
7	0.011057835	-0.000799263	0.088394545
8	0.009446174	-0.001329928	0.088394545
9	0.007902308	-0.001858508	0.088394545
10	0.006434625	-0.002383075	0.088394545
11	0.005051253	-0.002901810	0.088394545
12	0.003759869	-0.003412583	0.088394545
13	0.002567658	-0.003912919	0.088394545
14	0.001481034	-0.004399457	0.088394545
15	0.000500688	-0.004857724	0.088394545
16	-0.000375997	-0.005268670	0.088394545
17	-0.001146901	-0.005625159	0.088394545
18	-0.001805851	-0.005930194	0.088394545
19	-0.002343501	-0.006194656	0.088394545
20	-0.002746427	-0.006434523	0.088394545
21	-0.002988019	-0.006666508	0.088394545
22	-0.003038983	-0.006858672	0.088394545
23	-0.003022964	-0.006924291	0.088394545
24	-0.002992082	-0.006985544	0.088394545
25	-0.002848758	-0.007131594	0.088394545
26	-0.002547018	-0.007290227	0.088394545
27	-0.002089728	-0.007420754	0.088394545
28	-0.001487264	-0.007499169	0.088394545
29	-0.000750932	-0.007503013	0.088394545
30	0.000105703	-0.007412640	0.088394545
31	0.001068023	-0.007216578	0.088394545
32	0.002124161	-0.006916895	0.088394545
33	0.003269075	-0.006531676	0.088394545
34	0.004500848	-0.006080291	0.088394545
35	0.005813127	-0.005567087	0.088394545
36	0.007198984	-0.004995598	0.088394545
37	0.008651365	-0.004369881	0.088394545
38	0.010163091	-0.003694470	0.088394545
39	0.011726728	-0.002973997	0.088394545
40	0.013334545	-0.002213018	0.088394545
41	0.014978211	-0.001415207	0.088394545
42	0.016648557	-0.000582647	0.088394545
43	0.018334864	0.000286029	0.088394545
44	0.020024125	0.001197742	0.088394545
45	0.021705121	0.002171558	0.088394545
1	0.021483148	0.001792842	0.090705455
2	0.019655627	0.001395061	0.090705455
3	0.017856082	0.000944347	0.090705455
4	0.016086417	0.000463548	0.090705455
5	0.014351734	-0.000033795	0.090705455
6	0.012658888	-0.000539372	0.090705455
7	0.011015791	-0.001048389	0.090705455
8	0.009430794	-0.001557879	0.090705455
9	0.007912328	-0.002065793	0.090705455
10	0.006468639	-0.002570297	0.090705455
11	0.005107714	-0.003069664	0.090705455
12	0.003837100	-0.003561858	0.090705455
13	0.002663865	-0.004044501	0.090705455
14	0.001594325	-0.004514338	0.090705455
15	0.000629247	-0.004957151	0.090705455
16	-0.000233796	-0.005354246	0.090705455
17	-0.000992671	-0.005698646	0.090705455
18	-0.001641339	-0.005993349	0.090705455
19	-0.002170701	-0.006249100	0.090705455
20	-0.002567696	-0.006481668	0.090705455
21	-0.002806320	-0.006707636	0.090705455
22	-0.002857610	-0.006895841	0.090705455
23	-0.002842333	-0.006960332	0.090705455
24	-0.002812448	-0.007020641	0.090705455
25	-0.002672829	-0.007164928	0.090705455
26	-0.002377874	-0.007322670	0.090705455
27	-0.001930107	-0.007453928	0.090705455
28	-0.001339538	-0.007535079	0.090705455
29	-0.000617100	-0.007544009	0.090705455
30	0.000224034	-0.007461347	0.090705455
31	0.001169603	-0.007275720	0.090705455
32	0.002207942	-0.006989057	0.090705455
33	0.003333969	-0.006619048	0.090705455
34	0.004545673	-0.006184703	0.090705455
35	0.005836790	-0.005690252	0.090705455
36	0.007200503	-0.005139120	0.090705455
37	0.008629858	-0.004535232	0.090705455
38	0.010117782	-0.003882992	0.090705455
39	0.011656948	-0.003186892	0.090705455
40	0.013239741	-0.002451351	0.090705455
41	0.014857961	-0.001679918	0.090705455
42	0.016502600	-0.000874577	0.090705455
43	0.018163150	-0.000033916	0.090705455
44	0.019826902	0.000848940	0.090705455
45	0.021483148	0.001792842	0.090705455
1	0.021245466	0.001418200	0.093016364
2	0.019451532	0.001040562	0.093016364
3	0.017684653	0.000610882	0.093016364
4	0.015946851	0.000151534	0.093016364
5	0.014243220	-0.000324248	0.093016364
6	0.012580537	-0.000808372	0.093016364
7	0.010966593	-0.001296197	0.093016364
8	0.009409587	-0.001784868	0.093016364
9	0.007917805	-0.002272441	0.093016364
10	0.006499337	-0.002757172	0.093016364
11	0.005162026	-0.003237427	0.093016364
12	0.003913283	-0.003711261	0.093016364
13	0.002760051	-0.004176391	0.093016364
14	0.001708544	-0.004629669	0.093016364
15	0.000759603	-0.005057151	0.093016364
16	-0.000089021	-0.005440506	0.093016364
17	-0.000835185	-0.005772918	0.093016364
18	-0.001472987	-0.006057372	0.093016364
19	-0.001993581	-0.006304467	0.093016364
20	-0.002384272	-0.006529743	0.093016364
21	-0.002619670	-0.006749637	0.093016364
22	-0.002671182	-0.006933770	0.093016364
23	-0.002656633	-0.006997083	0.093016364
24	-0.002627742	-0.007056395	0.093016364
25	-0.002491862	-0.007198760	0.093016364
26	-0.002203826	-0.007355372	0.093016364
27	-0.001765832	-0.007487069	0.093016364
28	-0.001187528	-0.007570630	0.093016364
29	-0.000479481	-0.007584308	0.093016364
30	0.000345534	-0.007509023	0.093016364
31	0.001273613	-0.007333520	0.093016364
32	0.002293305	-0.007059598	0.093016364
33	0.003399502	-0.006704546	0.093016364
34	0.004590107	-0.006287001	0.093016364
35	0.005858953	-0.005811068	0.093016364
36	0.007199336	-0.005280067	0.093016364
37	0.008604412	-0.004697792	0.093016364
38	0.010067219	-0.004068511	0.093016364
39	0.011580545	-0.003396584	0.093016364
40	0.013136898	-0.002686287	0.093016364
41	0.014728216	-0.001941049	0.093016364
42	0.016345658	-0.001162754	0.093016364
43	0.017978935	-0.000349952	0.093016364
44	0.019615639	0.000504176	0.093016364
45	0.021245466	0.001418200	0.093016364
1	0.021000048	0.001050008	0.095327273
2	0.019240495	0.000691848	0.095327273
3	0.017507090	0.000282566	0.095327273
4	0.015801962	-0.000155945	0.095327273
5	0.014130191	-0.000610758	0.095327273
6	0.012498468	-0.001073996	0.095327273
7	0.010914455	-0.001541174	0.095327273
8	0.009386204	-0.002009543	0.095327273
9	0.007921841	-0.002477262	0.095327273
10	0.006529305	-0.002942677	0.095327273
11	0.005216285	-0.003404237	0.095327273
12	0.003990058	-0.003860093	0.095327273
13	0.002857437	-0.004308053	0.095327273
14	0.001824529	-0.004745073	0.095327273
15	0.000892246	-0.005157492	0.095327273
16	0.000058509	-0.005527349	0.095327273
17	-0.000674535	-0.005847987	0.095327273
18	-0.001301124	-0.006122374	0.095327273
19	-0.001812660	-0.006360952	0.095327273
20	-0.002196813	-0.006579025	0.095327273
21	-0.002428814	-0.006792863	0.095327273
22	-0.002480463	-0.006972880	0.095327273
23	-0.002466625	-0.007034988	0.095327273
24	-0.002438716	-0.007093271	0.095327273
25	-0.002306567	-0.007233612	0.095327273
26	-0.002025485	-0.007388921	0.095327273
27	-0.001597359	-0.007520826	0.095327273
28	-0.001031485	-0.007606516	0.095327273
29	-0.000338066	-0.007624619	0.095327273
30	0.000470510	-0.007556362	0.095327273
31	0.001380698	-0.007390620	0.095327273
32	0.002381267	-0.007129071	0.095327273
33	0.003467095	-0.006788609	0.095327273
34	0.004636006	-0.006387483	0.095327273
35	0.005881933	-0.005929673	0.095327273
36	0.007198291	-0.005418395	0.095327273
37	0.008578348	-0.004857316	0.095327273
38	0.010015257	-0.004250571	0.095327273
39	0.011501928	-0.003602384	0.095327273
40	0.013030993	-0.002916895	0.095327273
41	0.014594534	-0.002197411	0.095327273
42	0.016183880	-0.001445721	0.095327273
43	0.017788965	-0.000660341	0.095327273
44	0.019397680	0.000165487	0.095327273
45	0.021000048	0.001050008	0.095327273
1	0.020751598	0.000689154	0.097638182
2	0.019026778	0.000349743	0.097638182
3	0.017327221	-0.000039858	0.097638182
4	0.015655153	-0.000458232	0.097638182
5	0.014015629	-0.000892760	0.097638182
6	0.012415254	-0.001335779	0.097638182
7	0.010861558	-0.001782954	0.097638182
8	0.009362438	-0.002231639	0.097638182
9	0.007925865	-0.002680092	0.097638182
10	0.006559621	-0.003126747	0.097638182
11	0.005271245	-0.003570136	0.097638182
12	0.004067871	-0.004008496	0.097638182
13	0.002956184	-0.004439728	0.097638182
14	0.001942183	-0.004860892	0.097638182
15	0.001026844	-0.005258611	0.097638182
16	0.000208252	-0.005615297	0.097638182
17	-0.000511447	-0.005924449	0.097638182
18	-0.001126630	-0.006189013	0.097638182
19	-0.001628946	-0.006419273	0.097638182
20	-0.002006423	-0.006630284	0.097638182
21	-0.002234909	-0.006838142	0.097638182
22	-0.002286614	-0.007014045	0.097638182
23	-0.002273464	-0.007074935	0.097638182
24	-0.002246517	-0.007132173	0.097638182
25	-0.002118058	-0.007270420	0.097638182
26	-0.001843895	-0.007424291	0.097638182
27	-0.001425629	-0.007556205	0.097638182
28	-0.000872210	-0.007643769	0.097638182
29	-0.000193489	-0.007665993	0.097638182
30	0.000598528	-0.007604415	0.097638182
31	0.001490651	-0.007448051	0.097638182
32	0.002471870	-0.007198466	0.097638182
33	0.003537060	-0.006872157	0.097638182
34	0.004683973	-0.006486983	0.097638182
35	0.005906644	-0.006046805	0.097638182
36	0.007198608	-0.005554733	0.097638182
37	0.008553249	-0.005014310	0.097638182
38	0.009963838	-0.004429540	0.097638182
39	0.011423405	-0.003804514	0.097638182
40	0.012924713	-0.003143239	0.097638182
41	0.014459989	-0.002448902	0.097638182
42	0.016020733	-0.001723201	0.097638182
43	0.017597102	-0.000964621	0.097638182
44	0.019177286	-0.000166471	0.097638182
45	0.020751598	0.000689154	0.097638182
1	0.020502301	0.000335584	0.099949091
2	0.018812295	0.000014166	0.099949091
3	0.017146691	-0.000356506	0.099949091
4	0.015507804	-0.000755491	0.099949091
5	0.013900658	-0.001170468	0.099949091
6	0.012331766	-0.001593986	0.099949091
7	0.010808525	-0.002021854	0.099949091
8	0.009338679	-0.002451528	0.099949091
9	0.007930040	-0.002881360	0.099949091
10	0.006590234	-0.003309867	0.099949091
11	0.005326647	-0.003735662	0.099949091
12	0.004146273	-0.004157066	0.099949091
13	0.003055668	-0.004572070	0.099949091
14	0.002060719	-0.004977833	0.099949091
15	0.001162466	-0.005361270	0.099949091
16	0.000359148	-0.005705159	0.099949091
17	-0.000347096	-0.006003154	0.099949091
18	-0.000950779	-0.006258176	0.099949091
19	-0.001443792	-0.006480344	0.099949091
20	-0.001814515	-0.006684467	0.099949091
21	-0.002039404	-0.006886452	0.099949091
22	-0.002091093	-0.007058269	0.099949091
23	-0.002078604	-0.007117938	0.099949091
24	-0.002052595	-0.007174121	0.099949091
25	-0.001927762	-0.007310226	0.099949091
26	-0.001660445	-0.007462548	0.099949091
27	-0.001251967	-0.007594297	0.099949091
28	-0.000710945	-0.007683499	0.099949091
29	-0.000046887	-0.007709549	0.099949091
30	0.000728572	-0.007654301	0.099949091
31	0.001602594	-0.007506919	0.099949091
32	0.002564392	-0.007268859	0.099949091
33	0.003608841	-0.006956228	0.099949091
34	0.004733632	-0.006586496	0.099949091
35	0.005932902	-0.006163401	0.099949091
36	0.007200306	-0.005689956	0.099949091
37	0.008529346	-0.005169579	0.099949091
38	0.009913412	-0.004606148	0.099949091
39	0.011345659	-0.004003624	0.099949091
40	0.012818978	-0.003365884	0.099949091
41	0.014325744	-0.002695998	0.099949091
42	0.015857627	-0.001995576	0.099949091
43	0.017405007	-0.001263076	0.099949091
44	0.018956368	-0.000491878	0.099949091
45	0.020502301	0.000335584	0.099949091
1	0.020253724	-0.000010586	0.102260000
2	0.018598385	-0.000314796	0.102260000
3	0.016966616	-0.000667326	0.102260000
4	0.015360807	-0.001047702	0.102260000
5	0.013785950	-0.001443899	0.102260000
6	0.012248463	-0.001848672	0.102260000
7	0.010755608	-0.002257970	0.102260000
8	0.009314976	-0.002669347	0.102260000
9	0.007934223	-0.003081245	0.102260000
10	0.006620817	-0.003492261	0.102260000
11	0.005381993	-0.003901083	0.102260000
12	0.004224605	-0.004306117	0.102260000
13	0.003155080	-0.004705436	0.102260000
14	0.002179194	-0.005096300	0.102260000
15	0.001298044	-0.005465909	0.102260000
16	0.000510015	-0.005797410	0.102260000
17	-0.000182761	-0.006084606	0.102260000
18	-0.000774934	-0.006330391	0.102260000
19	-0.001258631	-0.006544718	0.102260000
20	-0.001622574	-0.006742146	0.102260000
21	-0.001843821	-0.006938386	0.102260000
22	-0.001895436	-0.007106166	0.102260000
23	-0.001883586	-0.007164620	0.102260000
24	-0.001858489	-0.007219748	0.102260000
25	-0.001737208	-0.007353685	0.102260000
26	-0.001476628	-0.007504374	0.102260000
27	-0.001077814	-0.007635807	0.102260000
28	-0.000549060	-0.007726428	0.102260000
29	0.000100457	-0.007756016	0.102260000
30	0.000859466	-0.007706745	0.102260000
31	0.001715469	-0.007567931	0.102260000
32	0.002657901	-0.007340929	0.102260000
33	0.003681649	-0.007041466	0.102260000
34	0.004784347	-0.006686623	0.102260000
35	0.005960234	-0.006280019	0.102260000
36	0.007203088	-0.005824569	0.102260000
37	0.008506527	-0.005323574	0.102260000
38	0.009864061	-0.004780788	0.102260000
39	0.011268969	-0.004200044	0.102260000
40	0.012714273	-0.003585093	0.102260000
41	0.014192495	-0.002938894	0.102260000
42	0.015695475	-0.002262970	0.102260000
43	0.017213810	-0.001555755	0.102260000
44	0.018736276	-0.000810702	0.102260000
45	0.020253724	-0.000010586	0.102260000
1	0.020008596	-0.000348156	0.104570909
2	0.018387472	-0.000635989	0.104570909
3	0.016789113	-0.000971214	0.104570909
4	0.015215982	-0.001333816	0.104570909
5	0.013673030	-0.001712061	0.104570909
6	0.012166580	-0.002098901	0.104570909
7	0.010703763	-0.002490423	0.104570909
8	0.009292016	-0.002884274	0.104570909
9	0.007938840	-0.003278983	0.104570909
10	0.006651549	-0.003673221	0.104570909
11	0.005437228	-0.004065752	0.104570909
12	0.004302593	-0.004455058	0.104570909
13	0.003253942	-0.004839293	0.104570909
14	0.002296943	-0.005215816	0.104570909
15	0.001432746	-0.005572109	0.104570909
16	0.000659871	-0.005891678	0.104570909
17	-0.000019558	-0.006168476	0.104570909
18	-0.000600324	-0.006405366	0.104570909
19	-0.001074784	-0.006612135	0.104570909
20	-0.001431993	-0.006803089	0.104570909
21	-0.001649597	-0.006993741	0.104570909
22	-0.001701099	-0.007157562	0.104570909
23	-0.001689863	-0.007214816	0.104570909
24	-0.001665649	-0.007268899	0.104570909
25	-0.001547825	-0.007400667	0.104570909
26	-0.001293826	-0.007549665	0.104570909
27	-0.000904477	-0.007680654	0.104570909
28	-0.000387763	-0.007772490	0.104570909
29	0.000247457	-0.007805333	0.104570909
30	0.000990261	-0.007761674	0.104570909
31	0.001828485	-0.007630988	0.104570909
32	0.002751785	-0.007414540	0.104570909
33	0.003755064	-0.007127689	0.104570909
34	0.004835906	-0.006787129	0.104570909
35	0.005988651	-0.006396361	0.104570909
36	0.007207198	-0.005958209	0.104570909
37	0.008485284	-0.005475856	0.104570909
38	0.009816535	-0.004952940	0.104570909
39	0.011194355	-0.004393169	0.104570909
40	0.012611895	-0.003800172	0.104570909
41	0.014061821	-0.003176799	0.104570909
42	0.015536144	-0.002524493	0.104570909
43	0.017025674	-0.001841666	0.104570909
44	0.018519467	-0.001121845	0.104570909
45	0.020008596	-0.000348156	0.104570909
1	0.019771687	-0.000674670	0.106881818
2	0.018183880	-0.000947007	0.106881818
3	0.016618070	-0.001265824	0.106881818
4	0.015076778	-0.001611550	0.106881818
5	0.013564919	-0.001972736	0.106881818
6	0.012088721	-0.002342526	0.106881818
7	0.010655185	-0.002717136	0.106881818
8	0.009271599	-0.003094303	0.106881818
9	0.007945313	-0.003472639	0.106881818
10	0.006683490	-0.003850888	0.106881818
11	0.005493072	-0.004227880	0.106881818
12	0.004380636	-0.004602174	0.106881818
13	0.003352358	-0.004972002	0.106881818
14	0.002413799	-0.005334814	0.106881818
15	0.001566159	-0.005678377	0.106881818
16	0.000808087	-0.005986545	0.106881818
17	0.000141695	-0.006253407	0.106881818
18	-0.000427930	-0.006481795	0.106881818
19	-0.000893366	-0.006681333	0.106881818
20	-0.001243989	-0.006866077	0.106881818
21	-0.001458018	-0.007051341	0.106881818
22	-0.001509384	-0.007211323	0.106881818
23	-0.001498732	-0.007267409	0.106881818
24	-0.001475363	-0.007320471	0.106881818
25	-0.001360861	-0.007450098	0.106881818
26	-0.001113215	-0.007597382	0.106881818
27	-0.000733024	-0.007727829	0.106881818
28	-0.000227983	-0.007820700	0.106881818
29	0.000393356	-0.007856528	0.106881818
30	0.001120405	-0.007818120	0.106881818
31	0.001941322	-0.007695108	0.106881818
32	0.002845978	-0.007488678	0.106881818
33	0.003829300	-0.007213832	0.106881818
34	0.004888825	-0.006886885	0.106881818
35	0.006018993	-0.006511224	0.106881818
36	0.007213821	-0.006089584	0.106881818
37	0.008467158	-0.005625037	0.106881818
38	0.009772750	-0.005121107	0.106881818
39	0.011124120	-0.004581385	0.106881818
40	0.012514546	-0.004009381	0.106881818
41	0.013936836	-0.003407842	0.106881818
42	0.015383163	-0.002778134	0.106881818
43	0.016844547	-0.002118651	0.106881818
44	0.018310318	-0.001422998	0.106881818
45	0.019771687	-0.000674670	0.106881818
1	0.019548773	-0.000987841	0.109192727
2	0.017992865	-0.001245592	0.109192727
3	0.016458221	-0.001548939	0.109192727
4	0.014947421	-0.001878739	0.109192727
5	0.013465343	-0.002223816	0.109192727
6	0.012018121	-0.002577499	0.109192727
7	0.010612632	-0.002936128	0.109192727
8	0.009256023	-0.003297523	0.109192727
9	0.007955498	-0.003660374	0.109192727
10	0.006718077	-0.004023493	0.109192727
11	0.005550562	-0.004385777	0.109192727
12	0.004459401	-0.004745855	0.109192727
13	0.003450649	-0.005102032	0.109192727
14	0.002529767	-0.005451849	0.109192727
15	0.001698003	-0.005783350	0.109192727
16	0.000954128	-0.006080717	0.109192727
17	0.000300239	-0.006338168	0.109192727
18	-0.000258702	-0.006558502	0.109192727
19	-0.000715484	-0.006751182	0.109192727
20	-0.001059790	-0.006930027	0.109192727
21	-0.001270384	-0.007110159	0.109192727
22	-0.001321609	-0.007266473	0.109192727
23	-0.001311511	-0.007321442	0.109192727
24	-0.001288944	-0.007373525	0.109192727
25	-0.001177600	-0.007501090	0.109192727
26	-0.000936005	-0.007646696	0.109192727
27	-0.000564551	-0.007776566	0.109192727
28	-0.000070654	-0.007870349	0.109192727
29	0.000537420	-0.007908935	0.109192727
30	0.001249400	-0.007875436	0.109192727
31	0.002053751	-0.007759638	0.109192727
32	0.002940553	-0.007562656	0.109192727
33	0.003904758	-0.007299155	0.109192727
34	0.004943859	-0.006985083	0.109192727
35	0.006052394	-0.006623718	0.109192727
36	0.007224489	-0.006217709	0.109192727
37	0.008454107	-0.005770026	0.109192727
38	0.009735103	-0.005284081	0.109192727
39	0.011061117	-0.004763355	0.109192727
40	0.012425548	-0.004211247	0.109192727
41	0.013821340	-0.003630405	0.109192727
42	0.015240824	-0.003022122	0.109192727
43	0.016675218	-0.002384779	0.109192727
44	0.018114112	-0.001712058	0.109192727
45	0.019548773	-0.000987841	0.109192727
1	0.019345440	-0.001287051	0.111503636
2	0.017819486	-0.001531124	0.111503636
3	0.016314107	-0.001819956	0.111503636
4	0.014831938	-0.002134812	0.111503636
5	0.013377821	-0.002464770	0.111503636
6	0.011957806	-0.002803335	0.111503636
7	0.010578653	-0.003146963	0.111503636
8	0.009247375	-0.003493553	0.111503636
9	0.007971038	-0.003841869	0.111503636
10	0.006756530	-0.004190785	0.111503636
11	0.005610519	-0.004539260	0.111503636
12	0.004539335	-0.004885991	0.111503636
13	0.003548917	-0.005229353	0.111503636
14	0.002644634	-0.005566970	0.111503636
15	0.001827781	-0.005887151	0.111503636
16	0.001097238	-0.006174384	0.111503636
17	0.000455090	-0.006423005	0.111503636
18	-0.000093818	-0.006635781	0.111503636
19	-0.000542474	-0.006822023	0.111503636
20	-0.000880848	-0.006995328	0.111503636
21	-0.001088218	-0.007170640	0.111503636
22	-0.001139316	-0.007323509	0.111503636
23	-0.001129743	-0.007377427	0.111503636
24	-0.001107933	-0.007428594	0.111503636
25	-0.000999564	-0.007554230	0.111503636
26	-0.000763656	-0.007698272	0.111503636
27	-0.000400407	-0.007827613	0.111503636
28	0.000083028	-0.007922259	0.111503636
29	0.000678649	-0.007963433	0.111503636
30	0.001376485	-0.007934532	0.111503636
31	0.002165284	-0.007825492	0.111503636
32	0.003035325	-0.007637362	0.111503636
33	0.003981583	-0.007384502	0.111503636
34	0.005001511	-0.007082510	0.111503636
35	0.006089737	-0.006734557	0.111503636
36	0.007240493	-0.006343216	0.111503636
37	0.008447843	-0.005911356	0.111503636
38	0.009705750	-0.005442289	0.111503636
39	0.011007962	-0.004939391	0.111503636
40	0.012347991	-0.004405955	0.111503636
41	0.013718910	-0.003844538	0.111503636
42	0.015113197	-0.003256366	0.111503636
43	0.016522255	-0.002639805	0.111503636
44	0.017935922	-0.001988609	0.111503636
45	0.019345440	-0.001287051	0.111503636
1	0.019166224	-0.001574230	0.113814545
2	0.017667797	-0.001805514	0.113814545
3	0.016189308	-0.002080798	0.113814545
4	0.014733445	-0.002381717	0.113814545
5	0.013305017	-0.002697581	0.113814545
6	0.011909995	-0.003022056	0.113814545
7	0.010555033	-0.003351707	0.113814545
8	0.009247020	-0.003684505	0.113814545
9	0.007992898	-0.004019283	0.113814545
10	0.006799430	-0.004354977	0.113814545
11	0.005673165	-0.004690600	0.113814545
12	0.004620319	-0.005024914	0.113814545
13	0.003646731	-0.005356358	0.113814545
14	0.002757680	-0.005682637	0.113814545
15	0.001954510	-0.005992305	0.113814545
16	0.001236204	-0.006270129	0.113814545
17	0.000604832	-0.006510552	0.113814545
18	0.000065131	-0.006716308	0.113814545
19	-0.000376069	-0.006896573	0.113814545
20	-0.000709003	-0.007064742	0.113814545
21	-0.000913424	-0.007235596	0.113814545
22	-0.000964425	-0.007385288	0.113814545
23	-0.000955343	-0.007438247	0.113814545
24	-0.000934240	-0.007488574	0.113814545
25	-0.000828635	-0.007612460	0.113814545
26	-0.000597990	-0.007755115	0.113814545
27	-0.000242315	-0.007884039	0.113814545
28	0.000231478	-0.007979564	0.113814545
29	0.000815638	-0.008023213	0.113814545
30	0.001500465	-0.007998639	0.113814545
31	0.002274973	-0.007895915	0.113814545
32	0.003129617	-0.007716038	0.113814545
33	0.004059397	-0.007473086	0.113814545
34	0.005061726	-0.007182335	0.113814545
35	0.006131312	-0.006846858	0.113814545
36	0.007262486	-0.006469153	0.113814545
37	0.008449406	-0.006051998	0.113814545
38	0.009686130	-0.005598612	0.113814545
39	0.010966507	-0.005112274	0.113814545
40	0.012284154	-0.004596178	0.113814545
41	0.013632259	-0.004052797	0.113814545
42	0.015003436	-0.003483291	0.113814545
43	0.016389260	-0.002886013	0.113814545
44	0.017779795	-0.002254781	0.113814545
45	0.019166224	-0.001574230	0.113814545
1	0.019015145	-0.001851825	0.116125455
2	0.017541363	-0.002071242	0.116125455
3	0.016086943	-0.002333999	0.116125455
4	0.014654619	-0.002622053	0.116125455
5	0.013249175	-0.002924923	0.116125455
6	0.011876511	-0.003236415	0.116125455
7	0.010543185	-0.003553191	0.116125455
8	0.009255976	-0.003873291	0.116125455
9	0.008021715	-0.004195609	0.116125455
10	0.006847052	-0.004519137	0.116125455
11	0.005738429	-0.004842944	0.116125455
12	0.004701962	-0.005165849	0.116125455
13	0.003743399	-0.005486352	0.116125455
14	0.002867942	-0.005802232	0.116125455
15	0.002076982	-0.006102271	0.116125455
16	0.001369595	-0.006371481	0.116125455
17	0.000747840	-0.006604395	0.116125455
18	0.000216355	-0.006803720	0.116125455
19	-0.000218195	-0.006978513	0.116125455
20	-0.000546288	-0.007141989	0.116125455
21	-0.000748102	-0.007308792	0.116125455
22	-0.000799058	-0.007455619	0.116125455
23	-0.000790436	-0.007507707	0.116125455
24	-0.000769988	-0.007557288	0.116125455
25	-0.000666912	-0.007679643	0.116125455
26	-0.000441040	-0.007821133	0.116125455
27	-0.000092204	-0.007949795	0.116125455
28	0.000372906	-0.008046249	0.116125455
29	0.000946768	-0.008092279	0.116125455
30	0.001619928	-0.008071768	0.116125455
31	0.002381636	-0.007974907	0.116125455
32	0.003222508	-0.007802646	0.116125455
33	0.004137561	-0.007568820	0.116125455
34	0.005124168	-0.007288409	0.116125455
35	0.006177111	-0.006964394	0.116125455
36	0.007290804	-0.006599206	0.116125455
37	0.008459492	-0.006195543	0.116125455
38	0.009677318	-0.005756535	0.116125455
39	0.010938219	-0.005285372	0.116125455
40	0.012235905	-0.004785161	0.116125455
41	0.013563669	-0.004258295	0.116125455
42	0.014914245	-0.003705872	0.116125455
43	0.016279362	-0.003126229	0.116125455
44	0.017649286	-0.002513231	0.116125455
45	0.019015145	-0.001851825	0.116125455
1	0.018897072	-0.002119087	0.118436364
2	0.017444561	-0.002327653	0.118436364
3	0.016010899	-0.002579008	0.118436364
4	0.014598867	-0.002855380	0.118436364
5	0.013213228	-0.003146464	0.118436364
6	0.011859824	-0.003446189	0.118436364
7	0.010545129	-0.003751304	0.118436364
8	0.009275829	-0.004059907	0.118436364
9	0.008058656	-0.004370953	0.118436364
10	0.006900166	-0.004683483	0.118436364
11	0.005806706	-0.004996616	0.118436364
12	0.004784309	-0.005309225	0.118436364
13	0.003838641	-0.005619865	0.118436364
14	0.002974840	-0.005926384	0.118436364
15	0.002194344	-0.006217768	0.118436364
16	0.001496316	-0.006479239	0.118436364
17	0.000882806	-0.006705405	0.118436364
18	0.000358365	-0.006898949	0.118436364
19	-0.000070492	-0.007068825	0.118436364
20	-0.000394457	-0.007228098	0.118436364
21	-0.000594085	-0.007391303	0.118436364
22	-0.000645071	-0.007535621	0.118436364
23	-0.000636876	-0.007586974	0.118436364
24	-0.000617017	-0.007635918	0.118436364
25	-0.000516185	-0.007756991	0.118436364
26	-0.000294509	-0.007897561	0.118436364
27	0.000048352	-0.008026131	0.118436364
28	0.000505902	-0.008123562	0.118436364
29	0.001070823	-0.008171862	0.118436364
30	0.001733880	-0.008155107	0.118436364
31	0.002484531	-0.008063595	0.118436364
32	0.003313531	-0.007898239	0.118436364
33	0.004215911	-0.007672668	0.118436364
34	0.005189004	-0.007401598	0.118436364
35	0.006227649	-0.007087923	0.118436364
36	0.007326338	-0.006734018	0.118436364
37	0.008479386	-0.006342503	0.118436364
38	0.009681009	-0.005916434	0.118436364
39	0.010925219	-0.005458920	0.118436364
40	0.012205808	-0.004972989	0.118436364
41	0.013516155	-0.004460961	0.118436364
42	0.014849099	-0.003923878	0.118436364
43	0.016196502	-0.003360054	0.118436364
44	0.017548805	-0.002763388	0.118436364
45	0.018897072	-0.002119087	0.118436364
1	0.018818682	-0.002369417	0.120747273
2	0.017383504	-0.002568271	0.120747273
3	0.015966725	-0.002809455	0.120747273
4	0.014571179	-0.003075428	0.120747273
5	0.013201614	-0.003356035	0.120747273
6	0.011863830	-0.003645311	0.120747273
7	0.010564235	-0.003940081	0.120747273
8	0.009309438	-0.004238495	0.120747273
9	0.008106094	-0.004539559	0.120747273
10	0.006960678	-0.004842363	0.120747273
11	0.005879464	-0.005146067	0.120747273
12	0.004868413	-0.005449596	0.120747273
13	0.003933127	-0.005751552	0.120747273
14	0.003078693	-0.006049844	0.120747273
15	0.002306597	-0.006333641	0.120747273
16	0.001616085	-0.006588334	0.120747273
17	0.001009198	-0.006808588	0.120747273
18	0.000490413	-0.006997063	0.120747273
19	0.000066116	-0.007162631	0.120747273
20	-0.000254571	-0.007318233	0.120747273
21	-0.000452539	-0.007478326	0.120747273
22	-0.000503688	-0.007620537	0.120747273
23	-0.000495884	-0.007671289	0.120747273
24	-0.000476544	-0.007719726	0.120747273
25	-0.000377623	-0.007839803	0.120747273
26	-0.000159457	-0.007979731	0.120747273
27	0.000178439	-0.008108395	0.120747273
28	0.000629743	-0.008206852	0.120747273
29	0.001187310	-0.008257290	0.120747273
30	0.001842091	-0.008243947	0.120747273
31	0.002583724	-0.008157211	0.120747273
32	0.003403082	-0.007997972	0.120747273
33	0.004295204	-0.007779698	0.120747273
34	0.005257377	-0.007516869	0.120747273
35	0.006284490	-0.007212303	0.120747273
36	0.007371092	-0.006868322	0.120747273
37	0.008511557	-0.006487482	0.120747273
38	0.009700160	-0.006072772	0.120747273
39	0.010930973	-0.005627231	0.120747273
40	0.012197849	-0.005153820	0.120747273
41	0.013494242	-0.004654793	0.120747273
42	0.014813071	-0.004131140	0.120747273
43	0.016146311	-0.003581156	0.120747273
44	0.017484552	-0.002998760	0.120747273
45	0.018818682	-0.002369417	0.120747273
1	0.018787096	-0.002594402	0.123058182
2	0.017364752	-0.002784642	0.123058182
3	0.015960418	-0.003016846	0.123058182
4	0.014576984	-0.003273664	0.123058182
5	0.013219207	-0.003545067	0.123058182
6	0.011892859	-0.003825184	0.123058182
7	0.010604303	-0.004110903	0.123058182
8	0.009360094	-0.004400422	0.123058182
9	0.008166824	-0.004692790	0.123058182
10	0.007030915	-0.004987140	0.123058182
11	0.005958583	-0.005282673	0.123058182
12	0.004955736	-0.005578355	0.123058182
13	0.004027932	-0.005872832	0.123058182
14	0.003180219	-0.006164069	0.123058182
15	0.002414139	-0.006441388	0.123058182
16	0.001729011	-0.006690301	0.123058182
17	0.001126874	-0.006905510	0.123058182
18	0.000612143	-0.007089657	0.123058182
19	0.000191098	-0.007251552	0.123058182
20	-0.000127300	-0.007404050	0.123058182
21	-0.000324212	-0.007561571	0.123058182
22	-0.000375679	-0.007702129	0.123058182
23	-0.000368228	-0.007752437	0.123058182
24	-0.000349330	-0.007800513	0.123058182
25	-0.000251955	-0.007919937	0.123058182
26	-0.000036542	-0.008059570	0.123058182
27	0.000297522	-0.008188593	0.123058182
28	0.000744059	-0.008288204	0.123058182
29	0.001296068	-0.008340724	0.123058182
30	0.001944658	-0.008330509	0.123058182
31	0.002679608	-0.008248020	0.123058182
32	0.003491885	-0.008094131	0.123058182
33	0.004376527	-0.007882194	0.123058182
34	0.005330773	-0.007626495	0.123058182
35	0.006349540	-0.007329780	0.123058182
36	0.007427425	-0.006994331	0.123058182
37	0.008558839	-0.006622646	0.123058182
38	0.009738100	-0.006217660	0.123058182
39	0.010959321	-0.005782354	0.123058182
40	0.012216400	-0.005319628	0.123058182
41	0.013502842	-0.004831686	0.123058182
42	0.014811629	-0.004319472	0.123058182
43	0.016134823	-0.003781262	0.123058182
44	0.017463132	-0.003210991	0.123058182
45	0.018787096	-0.002594402	0.123058182
1	0.018806334	-0.002793981	0.125369091
2	0.017391943	-0.002976449	0.125369091
3	0.015995235	-0.003200640	0.125369091
4	0.014619169	-0.003449346	0.125369091
5	0.013268523	-0.003712635	0.125369091
6	0.011949066	-0.003984710	0.125369091
7	0.010667135	-0.004262514	0.125369091
8	0.009429252	-0.004544283	0.125369091
9	0.008241975	-0.004829109	0.125369091
10	0.007111690	-0.005116162	0.125369091
11	0.006044576	-0.005404679	0.125369091
12	0.005046512	-0.005693665	0.125369091
13	0.004123026	-0.005981804	0.125369091
14	0.003279150	-0.006267107	0.125369091
15	0.002516484	-0.006539018	0.125369091
16	0.001834414	-0.006783117	0.125369091
17	0.001234982	-0.006994118	0.125369091
18	0.000722558	-0.007174651	0.125369091
19	0.000303336	-0.007333497	0.125369091
20	-0.000013844	-0.007483473	0.125369091
21	-0.000210343	-0.007639009	0.125369091
22	-0.000262249	-0.007778418	0.125369091
23	-0.000255117	-0.007828450	0.125369091
24	-0.000236588	-0.007876329	0.125369091
25	-0.000140409	-0.007995501	0.125369091
26	0.000073006	-0.008135305	0.125369091
27	0.000404404	-0.008265104	0.125369091
28	0.000847725	-0.008366174	0.125369091
29	0.001396091	-0.008420906	0.125369091
30	0.002040730	-0.008413720	0.125369091
31	0.002771529	-0.008335109	0.125369091
32	0.003579514	-0.008185940	0.125369091
33	0.004459705	-0.007979495	0.125369091
34	0.005409286	-0.007729916	0.125369091
35	0.006423189	-0.007439889	0.125369091
36	0.007496034	-0.007111665	0.125369091
37	0.008622255	-0.006747693	0.125369091
38	0.009796191	-0.006350865	0.125369091
39	0.011011977	-0.005924114	0.125369091
40	0.012263535	-0.005470295	0.125369091
41	0.013544399	-0.004991566	0.125369091
42	0.014847593	-0.004488834	0.125369091
43	0.016165235	-0.003960356	0.125369091
44	0.017488124	-0.003400069	0.125369091
45	0.018806334	-0.002793981	0.125369091
1	0.018874224	-0.002983577	0.127680000
2	0.017462877	-0.003158829	0.127680000
3	0.016068958	-0.003375749	0.127680000
4	0.014695503	-0.003617194	0.127680000
5	0.013347324	-0.003873284	0.127680000
6	0.012030202	-0.004138270	0.127680000
7	0.010750473	-0.004409136	0.127680000
8	0.009514647	-0.004684152	0.127680000
9	0.008329270	-0.004962448	0.127680000
10	0.007200713	-0.005243229	0.127680000
11	0.006135143	-0.005525765	0.127680000
12	0.005138429	-0.005809099	0.127680000
13	0.004216090	-0.006091946	0.127680000
14	0.003373156	-0.006372358	0.127680000
15	0.002611289	-0.006639855	0.127680000
16	0.001929939	-0.006880030	0.127680000
17	0.001331156	-0.007087591	0.127680000
18	0.000819281	-0.007265170	0.127680000
19	0.000400449	-0.007421553	0.127680000
20	0.000083415	-0.007569572	0.127680000
21	-0.000113299	-0.007723722	0.127680000
22	-0.000165771	-0.007862486	0.127680000
23	-0.000158925	-0.007912421	0.127680000
24	-0.000140706	-0.007960270	0.127680000
25	-0.000045433	-0.008079636	0.127680000
26	0.000166666	-0.008220181	0.127680000
27	0.000496497	-0.008351323	0.127680000
28	0.000938106	-0.008454334	0.127680000
29	0.001484713	-0.008511596	0.127680000
30	0.002127633	-0.008507521	0.127680000
31	0.002856817	-0.008432592	0.127680000
32	0.003663313	-0.008287662	0.127680000
33	0.004542101	-0.008085998	0.127680000
34	0.005490299	-0.007841660	0.127680000
35	0.006502836	-0.007557287	0.127680000
36	0.007574340	-0.007235106	0.127680000
37	0.008699245	-0.006877528	0.127680000
38	0.009871892	-0.006487412	0.127680000
39	0.011086420	-0.006067655	0.127680000
40	0.012336752	-0.005621077	0.127680000
41	0.013616431	-0.005149797	0.127680000
42	0.014918493	-0.004654688	0.127680000
43	0.016235090	-0.004133972	0.127680000
44	0.017557072	-0.003581560	0.127680000
45	0.018874224	-0.002983577	0.127680000
1	0.018949939	-0.003124323	0.129347976
2	0.017537893	-0.003294778	0.129347976
3	0.016143145	-0.003506994	0.129347976
4	0.014768784	-0.003743814	0.129347976
5	0.013419651	-0.003995359	0.129347976
6	0.012101546	-0.004255900	0.129347976
7	0.010820814	-0.004522439	0.129347976
8	0.009583972	-0.004793266	0.129347976
9	0.008397569	-0.005067535	0.129347976
10	0.007267980	-0.005344477	0.129347976
11	0.006201374	-0.005623383	0.129347976
12	0.005203626	-0.005903321	0.129347976
13	0.004280258	-0.006183027	0.129347976
14	0.003436312	-0.006460576	0.129347976
15	0.002673491	-0.006725513	0.129347976
16	0.001991289	-0.006963412	0.129347976
17	0.001391768	-0.007168970	0.129347976
18	0.000879259	-0.007344828	0.129347976
19	0.000459868	-0.007499798	0.129347976
20	0.000142313	-0.007646753	0.129347976
21	-0.000054926	-0.007800260	0.129347976
22	-0.000107877	-0.007938857	0.129347976
23	-0.000101221	-0.007988822	0.129347976
24	-0.000083191	-0.008036749	0.129347976
25	0.000011605	-0.008156516	0.129347976
26	0.000223167	-0.008297919	0.129347976
27	0.000552529	-0.008430341	0.129347976
28	0.000993803	-0.008534999	0.129347976
29	0.001540262	-0.008594226	0.129347976
30	0.002183265	-0.008592386	0.129347976
31	0.002912783	-0.008519934	0.129347976
32	0.003719856	-0.008377716	0.129347976
33	0.004599425	-0.008179022	0.129347976
34	0.005548557	-0.007937885	0.129347976
35	0.006562168	-0.007656917	0.129347976
36	0.007634878	-0.007338333	0.129347976
37	0.008761114	-0.006984521	0.129347976
38	0.009935207	-0.006598327	0.129347976
39	0.011151282	-0.006182625	0.129347976
40	0.012403255	-0.005740216	0.129347976
41	0.013684660	-0.005273196	0.129347976
42	0.014988528	-0.004782408	0.129347976
43	0.016307012	-0.004266042	0.129347976
44	0.017630980	-0.003717958	0.129347976
45	0.018949939	-0.003124323	0.129347976
1	0.019045194	-0.003265945	0.131006623
2	0.017630250	-0.003432223	0.131006623
3	0.016232518	-0.003640436	0.131006623
4	0.014855136	-0.003873373	0.131006623
5	0.013502978	-0.004121132	0.131006623
6	0.012181870	-0.004377984	0.131006623
7	0.010898176	-0.004640947	0.131006623
8	0.009658427	-0.004908323	0.131006623
9	0.008469187	-0.005179290	0.131006623
10	0.007336842	-0.005453100	0.131006623
11	0.006267576	-0.005729066	0.131006623
12	0.005267275	-0.006006276	0.131006623
13	0.004341478	-0.006283485	0.131006623
14	0.003495241	-0.006558789	0.131006623
15	0.002730312	-0.006821741	0.131006623
16	0.002046226	-0.007057879	0.131006623
17	0.001445059	-0.007261881	0.131006623
18	0.000931140	-0.007436401	0.131006623
19	0.000510557	-0.007590285	0.131006623
20	0.000192003	-0.007736464	0.131006623
21	-0.000006055	-0.007889593	0.131006623
22	-0.000059558	-0.008028245	0.131006623
23	-0.000053071	-0.008078317	0.131006623
24	-0.000035187	-0.008126392	0.131006623
25	0.000059326	-0.008246710	0.131006623
26	0.000270738	-0.008389107	0.131006623
27	0.000600195	-0.008522891	0.131006623
28	0.001041861	-0.008629205	0.131006623
29	0.001589047	-0.008690312	0.131006623
30	0.002233138	-0.008690516	0.131006623
31	0.002964112	-0.008620233	0.131006623
32	0.003772991	-0.008480309	0.131006623
33	0.004654672	-0.008284070	0.131006623
34	0.005606168	-0.008045543	0.131006623
35	0.006622377	-0.007767315	0.131006623
36	0.007697905	-0.007451595	0.131006623
37	0.008827158	-0.007100755	0.131006623
38	0.010004450	-0.006717626	0.131006623
39	0.011223888	-0.006305069	0.131006623
40	0.012479369	-0.005865871	0.131006623
41	0.013764406	-0.005402107	0.131006623
42	0.015072015	-0.004914593	0.131006623
43	0.016394340	-0.004401481	0.131006623
44	0.017722245	-0.003856569	0.131006623
45	0.019045194	-0.003265945	0.131006623
1	0.019158240	-0.003391974	0.132646667
2	0.017738547	-0.003555027	0.132646667
3	0.016336005	-0.003760179	0.132646667
4	0.014953807	-0.003990167	0.132646667
5	0.013596865	-0.004235060	0.132646667
6	0.012271037	-0.004489132	0.132646667
7	0.010982716	-0.004749407	0.132646667
8	0.009738455	-0.005014198	0.132646667
9	0.008544840	-0.005282701	0.132646667
10	0.007408281	-0.005554186	0.132646667
11	0.006334979	-0.005827982	0.132646667
12	0.005330843	-0.006103197	0.132646667
13	0.004401431	-0.006378601	0.132646667
14	0.003551822	-0.006652304	0.132646667
15	0.002783807	-0.006913863	0.132646667
16	0.002096963	-0.007148769	0.132646667
17	0.001493383	-0.007351679	0.132646667
18	0.000977397	-0.007525258	0.132646667
19	0.000555084	-0.007678384	0.132646667
20	0.000235117	-0.007824047	0.132646667
21	0.000035954	-0.007976998	0.132646667
22	-0.000018204	-0.008115881	0.132646667
23	-0.000011859	-0.008166127	0.132646667
24	0.000005935	-0.008214401	0.132646667
25	0.000100413	-0.008335339	0.132646667
26	0.000312109	-0.008478704	0.132646667
27	0.000642236	-0.008613720	0.132646667
28	0.001084982	-0.008721466	0.132646667
29	0.001633683	-0.008784136	0.132646667
30	0.002279738	-0.008785983	0.132646667
31	0.003013125	-0.008717392	0.132646667
32	0.003824846	-0.008579209	0.132646667
33	0.004709754	-0.008384797	0.132646667
34	0.005664814	-0.008148186	0.132646667
35	0.006684898	-0.007871946	0.132646667
36	0.007764590	-0.007558280	0.132646667
37	0.008898273	-0.007209547	0.132646667
38	0.010080235	-0.006828572	0.132646667
39	0.011304557	-0.006418206	0.132646667
40	0.012565109	-0.005981225	0.132646667
41	0.013855379	-0.005519691	0.132646667
42	0.015168358	-0.005034401	0.132646667
43	0.016496170	-0.004523476	0.132646667
44	0.017829667	-0.003980658	0.132646667
45	0.019158240	-0.003391974	0.132646667
1	0.019284779	-0.003477349	0.134258935
2	0.017859182	-0.003638249	0.134258935
3	0.016450675	-0.003841306	0.134258935
4	0.015062515	-0.004069247	0.134258935
5	0.013699663	-0.004312139	0.134258935
6	0.012368019	-0.004564269	0.134258935
7	0.011074007	-0.004822670	0.134258935
8	0.009824212	-0.005085667	0.134258935
9	0.008625247	-0.005352469	0.134258935
10	0.007483547	-0.005622360	0.134258935
11	0.006405341	-0.005894682	0.134258935
12	0.005396560	-0.006168553	0.134258935
13	0.004462788	-0.006442755	0.134258935
14	0.003609124	-0.006715403	0.134258935
15	0.002837397	-0.006976033	0.134258935
16	0.002147231	-0.007210110	0.134258935
17	0.001540743	-0.007412285	0.134258935
18	0.001022270	-0.007585233	0.134258935
19	0.000597885	-0.007737865	0.134258935
20	0.000276242	-0.007883210	0.134258935
21	0.000075772	-0.008036102	0.134258935
22	0.000020865	-0.008175321	0.134258935
23	0.000027087	-0.008225784	0.134258935
24	0.000044841	-0.008274288	0.134258935
25	0.000139496	-0.008395852	0.134258935
26	0.000351836	-0.008540064	0.134258935
27	0.000683077	-0.008676075	0.134258935
28	0.001127406	-0.008784916	0.134258935
29	0.001678168	-0.008848742	0.134258935
30	0.002326767	-0.008851774	0.134258935
31	0.003063183	-0.008784377	0.134258935
32	0.003878402	-0.008647398	0.134258935
33	0.004767238	-0.008454217	0.134258935
34	0.005726608	-0.008218873	0.134258935
35	0.006751358	-0.007943929	0.134258935
36	0.007836050	-0.007631590	0.134258935
37	0.008975039	-0.007284202	0.134258935
38	0.010162582	-0.006904587	0.134258935
39	0.011392730	-0.006495589	0.134258935
40	0.012659323	-0.006059979	0.134258935
41	0.013955818	-0.005599815	0.134258935
42	0.015275178	-0.005115882	0.134258935
43	0.016609504	-0.004606290	0.134258935
44	0.017949632	-0.004064760	0.134258935
45	0.019284779	-0.003477349	0.134258935
1	0.019412339	-0.003499766	0.135834412
2	0.017981020	-0.003659392	0.135834412
3	0.016566713	-0.003861078	0.135834412
4	0.015172748	-0.004087612	0.135834412
5	0.013804138	-0.004329092	0.135834412
6	0.012466827	-0.004579835	0.135834412
7	0.011167273	-0.004836891	0.135834412
8	0.009912092	-0.005098598	0.135834412
9	0.008707924	-0.005364178	0.135834412
10	0.007561229	-0.005632926	0.135834412
11	0.006478261	-0.005904188	0.135834412
12	0.005464973	-0.006177094	0.135834412
13	0.004526972	-0.006450430	0.135834412
14	0.003669374	-0.006722303	0.135834412
15	0.002894029	-0.006982194	0.135834412
16	0.002200615	-0.007215586	0.135834412
17	0.001591285	-0.007417157	0.135834412
18	0.001070387	-0.007589602	0.135834412
19	0.000643987	-0.007741853	0.135834412
20	0.000320719	-0.007886961	0.135834412
21	0.000118966	-0.008039813	0.135834412
22	0.000063317	-0.008179362	0.135834412
23	0.000069438	-0.008230036	0.135834412
24	0.000087185	-0.008278755	0.135834412
25	0.000182133	-0.008400843	0.135834412
26	0.000395257	-0.008545674	0.135834412
27	0.000727724	-0.008682356	0.135834412
28	0.001173704	-0.008791923	0.135834412
29	0.001726543	-0.008856524	0.135834412
30	0.002377656	-0.008860388	0.135834412
31	0.003117033	-0.008793870	0.135834412
32	0.003935654	-0.008657787	0.135834412
33	0.004828288	-0.008465477	0.135834412
34	0.005791816	-0.008231007	0.135834412
35	0.006821066	-0.007956957	0.135834412
36	0.007910576	-0.007645531	0.135834412
37	0.009054673	-0.007299067	0.135834412
38	0.010247586	-0.006920376	0.135834412
39	0.011483338	-0.006512300	0.135834412
40	0.012755736	-0.006077607	0.135834412
41	0.014058213	-0.005618355	0.135834412
42	0.015383705	-0.005135334	0.135834412
43	0.016724295	-0.004626665	0.135834412
44	0.018070815	-0.004086089	0.135834412
45	0.019412339	-0.003499766	0.135834412
1	0.019517026	-0.003450452	0.137364285
2	0.018082286	-0.003609102	0.137364285
3	0.016664462	-0.003809622	0.137364285
4	0.015266949	-0.004034898	0.137364285
5	0.013894805	-0.004275078	0.137364285
6	0.012554004	-0.004524519	0.137364285
7	0.011251031	-0.004780295	0.137364285
8	0.009992519	-0.005040759	0.137364285
9	0.008785124	-0.005305141	0.137364285
10	0.007635324	-0.005572743	0.137364285
11	0.006549384	-0.005842918	0.137364285
12	0.005533271	-0.006114797	0.137364285
13	0.004592604	-0.006387176	0.137364285
14	0.003732504	-0.006658138	0.137364285
15	0.002954817	-0.006917074	0.137364285
16	0.002259286	-0.007149551	0.137364285
17	0.001648108	-0.007350326	0.137364285
18	0.001125640	-0.007522123	0.137364285
19	0.000697938	-0.007673885	0.137364285
20	0.000373605	-0.007818654	0.137364285
21	0.000170963	-0.007971327	0.137364285
22	0.000114768	-0.008111026	0.137364285
23	0.000120817	-0.008161829	0.137364285
24	0.000138572	-0.008210671	0.137364285
25	0.000233761	-0.008333011	0.137364285
26	0.000447433	-0.008478079	0.137364285
27	0.000780679	-0.008615021	0.137364285
28	0.001227652	-0.008724931	0.137364285
29	0.001781708	-0.008790026	0.137364285
30	0.002434299	-0.008794577	0.137364285
31	0.003175449	-0.008728927	0.137364285
32	0.003996142	-0.008593810	0.137364285
33	0.004891095	-0.008402416	0.137364285
34	0.005857167	-0.008168874	0.137364285
35	0.006889183	-0.007895811	0.137364285
36	0.007981667	-0.007585423	0.137364285
37	0.009128928	-0.007240038	0.137364285
38	0.010325174	-0.006862450	0.137364285
39	0.011564409	-0.006455497	0.137364285
40	0.012840423	-0.006021941	0.137364285
41	0.014146631	-0.005563846	0.137364285
42	0.015475958	-0.005082009	0.137364285
43	0.016820485	-0.004574575	0.137364285
44	0.018171051	-0.004035331	0.137364285
45	0.019517026	-0.003450452	0.137364285
1	0.019568567	-0.003336937	0.138840000
2	0.018135268	-0.003494160	0.138840000
3	0.016718777	-0.003693048	0.138840000
4	0.015322524	-0.003916591	0.138840000
5	0.013951582	-0.004154987	0.138840000
6	0.012611933	-0.004402637	0.138840000
7	0.011310057	-0.004656635	0.138840000
8	0.010052587	-0.004915354	0.138840000
9	0.008846171	-0.005178029	0.138840000
10	0.007697280	-0.005443969	0.138840000
11	0.006612170	-0.005712525	0.138840000
12	0.005596800	-0.005982829	0.138840000
13	0.004656782	-0.006253685	0.138840000
14	0.003797215	-0.006523131	0.138840000
15	0.003019905	-0.006780425	0.138840000
16	0.002324672	-0.007011319	0.138840000
17	0.001713768	-0.007210723	0.138840000
18	0.001191554	-0.007381406	0.138840000
19	0.000764062	-0.007532307	0.138840000
20	0.000439846	-0.007676406	0.138840000
21	0.000237126	-0.007828533	0.138840000
22	0.000180703	-0.007967961	0.138840000
23	0.000186701	-0.008018713	0.138840000
24	0.000204422	-0.008067501	0.138840000
25	0.000299547	-0.008189657	0.138840000
26	0.000513041	-0.008334450	0.138840000
27	0.000845926	-0.008471162	0.138840000
28	0.001292355	-0.008581028	0.138840000
29	0.001845723	-0.008646396	0.138840000
30	0.002497544	-0.008651636	0.138840000
31	0.003237915	-0.008587082	0.138840000
32	0.004057842	-0.008453330	0.138840000
33	0.004951992	-0.008263324	0.138840000
34	0.005917220	-0.008031259	0.138840000
35	0.006948373	-0.007759838	0.138840000
36	0.008039980	-0.007451245	0.138840000
37	0.009186352	-0.007107793	0.138840000
38	0.010381698	-0.006732247	0.138840000
39	0.011620022	-0.006327435	0.138840000
40	0.012895119	-0.005896104	0.138840000
41	0.014200411	-0.005440314	0.138840000
42	0.015528834	-0.004960864	0.138840000
43	0.016872486	-0.004455915	0.138840000
44	0.018222238	-0.003919294	0.138840000
45	0.019568567	-0.003336937	0.138840000
1	0.019540133	-0.003176504	0.140253304
2	0.018115558	-0.003331316	0.140253304
3	0.016707649	-0.003527556	0.140253304
4	0.015319834	-0.003748338	0.140253304
5	0.013957160	-0.003983913	0.140253304
6	0.012625578	-0.004228726	0.140253304
7	0.011331532	-0.004479898	0.140253304
8	0.010081615	-0.004735822	0.140253304
9	0.008882435	-0.004995736	0.140253304
10	0.007740421	-0.005258958	0.140253304
11	0.006661790	-0.005524834	0.140253304
12	0.005652459	-0.005792496	0.140253304
13	0.004718006	-0.006060752	0.140253304
14	0.003863473	-0.006327585	0.140253304
15	0.003090590	-0.006582091	0.140253304
16	0.002399262	-0.006810327	0.140253304
17	0.001791802	-0.007007435	0.140253304
18	0.001272559	-0.007176239	0.140253304
19	0.000847519	-0.007325641	0.140253304
20	0.000525158	-0.007468492	0.140253304
21	0.000323533	-0.007619461	0.140253304
22	0.000267340	-0.007757971	0.140253304
23	0.000273288	-0.007808410	0.140253304
24	0.000290903	-0.007856886	0.140253304
25	0.000385480	-0.007978223	0.140253304
26	0.000597678	-0.008122015	0.140253304
27	0.000928467	-0.008257830	0.140253304
28	0.001372032	-0.008367147	0.140253304
29	0.001921842	-0.008432542	0.140253304
30	0.002569525	-0.008438555	0.140253304
31	0.003305300	-0.008375532	0.140253304
32	0.004120230	-0.008243874	0.140253304
33	0.005008938	-0.008056147	0.140253304
34	0.005968298	-0.007826604	0.140253304
35	0.006993213	-0.007558043	0.140253304
36	0.008078243	-0.007252626	0.140253304
37	0.009217733	-0.006912641	0.140253304
38	0.010405917	-0.006540809	0.140253304
39	0.011636839	-0.006139935	0.140253304
40	0.012904323	-0.005712735	0.140253304
41	0.014201835	-0.005261257	0.140253304
42	0.015522357	-0.004786291	0.140253304
43	0.016858041	-0.004286005	0.140253304
44	0.018199825	-0.003754260	0.140253304
45	0.019540133	-0.003176504	0.140253304
1	0.019411912	-0.002988160	0.141596292
2	0.018005410	-0.003139458	0.141596292
3	0.016615335	-0.003331712	0.141596292
4	0.015245088	-0.003548280	0.141596292
5	0.013899656	-0.003779522	0.141596292
6	0.012584917	-0.004019959	0.141596292
7	0.011307236	-0.004266752	0.141596292
8	0.010073125	-0.004518325	0.141596292
9	0.008889106	-0.004773924	0.141596292
10	0.007761526	-0.005032871	0.141596292
11	0.006696519	-0.005294510	0.141596292
12	0.005699925	-0.005557972	0.141596292
13	0.004777246	-0.005822074	0.141596292
14	0.003933433	-0.006084732	0.141596292
15	0.003170106	-0.006334902	0.141596292
16	0.002487265	-0.006559070	0.141596292
17	0.001887274	-0.006752668	0.141596292
18	0.001374450	-0.006918576	0.141596292
19	0.000954700	-0.007065606	0.141596292
20	0.000636375	-0.007206405	0.141596292
21	0.000437292	-0.007355375	0.141596292
22	0.000381883	-0.007492128	0.141596292
23	0.000387805	-0.007541912	0.141596292
24	0.000405242	-0.007589741	0.141596292
25	0.000498703	-0.007709415	0.141596292
26	0.000708226	-0.007851220	0.141596292
27	0.001034736	-0.007985231	0.141596292
28	0.001472498	-0.008093302	0.141596292
29	0.002015104	-0.008158373	0.141596292
30	0.002654365	-0.008165246	0.141596292
31	0.003380688	-0.008104306	0.141596292
32	0.004185244	-0.007975701	0.141596292
33	0.005062625	-0.007791464	0.141596292
34	0.006009750	-0.007565866	0.141596292
35	0.007021618	-0.007301827	0.141596292
36	0.008092855	-0.007001465	0.141596292
37	0.009217879	-0.006667036	0.141596292
38	0.010390987	-0.006301193	0.141596292
39	0.011606297	-0.005906704	0.141596292
40	0.012857711	-0.005486236	0.141596292
41	0.014138780	-0.005041815	0.141596292
42	0.015442575	-0.004574216	0.141596292
43	0.016761356	-0.004081625	0.141596292
44	0.018086186	-0.003557968	0.141596292
45	0.019411912	-0.002988160	0.141596292
1	0.019168760	-0.002788375	0.142861456
2	0.017791458	-0.002935295	0.142861456
3	0.016430164	-0.003122189	0.142861456
4	0.015088257	-0.003332900	0.142861456
5	0.013770635	-0.003558019	0.142861456
6	0.012483064	-0.003792215	0.142861456
7	0.011231784	-0.004032723	0.142861456
8	0.010023175	-0.004278017	0.142861456
9	0.008863625	-0.004527357	0.142861456
10	0.007759347	-0.004780077	0.142861456
11	0.006716347	-0.005035521	0.142861456
12	0.005740340	-0.005292824	0.142861456
13	0.004836713	-0.005550818	0.142861456
14	0.004010276	-0.005807347	0.142861456
15	0.003262513	-0.006051268	0.142861456
16	0.002593529	-0.006269632	0.142861456
17	0.002005728	-0.006458230	0.142861456
18	0.001503364	-0.006619985	0.142861456
19	0.001092223	-0.006763560	0.142861456
20	0.000780476	-0.006901296	0.142861456
21	0.000585589	-0.007047215	0.142861456
22	0.000531545	-0.007181195	0.142861456
23	0.000537432	-0.007229930	0.142861456
24	0.000554585	-0.007276723	0.142861456
25	0.000646237	-0.007393766	0.142861456
26	0.000851454	-0.007532458	0.142861456
27	0.001171121	-0.007663622	0.142861456
28	0.001599636	-0.007769641	0.142861456
29	0.002130772	-0.007833959	0.142861456
30	0.002756594	-0.007841753	0.142861456
31	0.003467775	-0.007783489	0.142861456
32	0.004255655	-0.007659018	0.142861456
33	0.005114822	-0.007479698	0.142861456
34	0.006042263	-0.007259732	0.142861456
35	0.007033118	-0.007002175	0.142861456
36	0.008082119	-0.006709083	0.142861456
37	0.009183800	-0.006382659	0.142861456
38	0.010332565	-0.006025469	0.142861456
39	0.011522654	-0.005640221	0.142861456
40	0.012748092	-0.005229520	0.142861456
41	0.014002570	-0.004795362	0.142861456
42	0.015279310	-0.004338521	0.142861456
43	0.016570746	-0.003857252	0.142861456
44	0.017868152	-0.003345656	0.142861456
45	0.019168760	-0.002788375	0.142861456
1	0.018799245	-0.002590128	0.144041718
2	0.017463512	-0.002732060	0.144041718
3	0.016143146	-0.002912297	0.144041718
4	0.014841513	-0.003115482	0.144041718
5	0.013563401	-0.003332610	0.144041718
6	0.012314428	-0.003558590	0.144041718
7	0.011100654	-0.003790778	0.144041718
8	0.009928275	-0.004027720	0.144041718
9	0.008803488	-0.004268696	0.144041718
10	0.007732322	-0.004513055	0.144041718
11	0.006720595	-0.004760147	0.144041718
12	0.005773849	-0.005009112	0.144041718
13	0.004897306	-0.005258809	0.144041718
14	0.004095587	-0.005507001	0.144041718
15	0.003370021	-0.005742526	0.144041718
16	0.002720819	-0.005953146	0.144041718
17	0.002150413	-0.006135060	0.144041718
18	0.001662960	-0.006291226	0.144041718
19	0.001264077	-0.006430087	0.144041718
20	0.000961684	-0.006563577	0.144041718
21	0.000772766	-0.006705209	0.144041718
22	0.000720670	-0.006835268	0.144041718
23	0.000726517	-0.006882516	0.144041718
24	0.000743259	-0.006927853	0.144041718
25	0.000832309	-0.007041221	0.144041718
26	0.001031403	-0.007175585	0.144041718
27	0.001341391	-0.007302781	0.144041718
28	0.001756861	-0.007405872	0.144041718
29	0.002271830	-0.007468947	0.144041718
30	0.002878686	-0.007477675	0.144041718
31	0.003568451	-0.007422671	0.144041718
32	0.004332702	-0.007303452	0.144041718
33	0.005166055	-0.007130563	0.144041718
34	0.006065591	-0.006918026	0.144041718
35	0.007026638	-0.006669037	0.144041718
36	0.008044081	-0.006385570	0.144041718
37	0.009112613	-0.006069759	0.144041718
38	0.010226800	-0.005724066	0.144041718
39	0.011381054	-0.005351120	0.144041718
40	0.012569579	-0.004953450	0.144041718
41	0.013786264	-0.004533023	0.144041718
42	0.015024553	-0.004090635	0.144041718
43	0.016277133	-0.003624675	0.144041718
44	0.017535590	-0.003129574	0.144041718
45	0.018799245	-0.002590128	0.144041718
1	0.018299823	-0.002403639	0.145130479
2	0.017018148	-0.002539884	0.145130479
3	0.015751017	-0.002712215	0.145130479
4	0.014501771	-0.002906299	0.145130479
5	0.013275053	-0.003113672	0.145130479
6	0.012076285	-0.003329554	0.145130479
7	0.010911297	-0.003551462	0.145130479
8	0.009786044	-0.003778034	0.145130479
9	0.008706475	-0.004008583	0.145130479
10	0.007678377	-0.004242479	0.145130479
11	0.006707333	-0.004479083	0.145130479
12	0.005798657	-0.004717554	0.145130479
13	0.004957358	-0.004956784	0.145130479
14	0.004187821	-0.005194463	0.145130479
15	0.003491207	-0.005419519	0.145130479
16	0.002867836	-0.005620544	0.145130479
17	0.002320139	-0.005794180	0.145130479
18	0.001852139	-0.005943392	0.145130479
19	0.001469234	-0.006076331	0.145130479
20	0.001179034	-0.006204415	0.145130479
21	0.000997907	-0.006340542	0.145130479
22	0.000948359	-0.006465520	0.145130479
23	0.000954136	-0.006510841	0.145130479
24	0.000970336	-0.006554294	0.145130479
25	0.001055998	-0.006662912	0.145130479
26	0.001247147	-0.006791681	0.145130479
27	0.001544608	-0.006913697	0.145130479
28	0.001943209	-0.007012861	0.145130479
29	0.002437261	-0.007074052	0.145130479
30	0.003019546	-0.007083561	0.145130479
31	0.003681513	-0.007032228	0.145130479
32	0.004415054	-0.006919239	0.145130479
33	0.005214865	-0.006754221	0.145130479
34	0.006078139	-0.006550866	0.145130479
35	0.007000443	-0.006312514	0.145130479
36	0.007976859	-0.006041037	0.145130479
37	0.009002295	-0.005738485	0.145130479
38	0.010071524	-0.005407189	0.145130479
39	0.011179182	-0.005049679	0.145130479
40	0.012319708	-0.004668389	0.145130479
41	0.013487249	-0.004265241	0.145130479
42	0.014675529	-0.003841061	0.145130479
43	0.015877566	-0.003394417	0.145130479
44	0.017085341	-0.002920163	0.145130479
45	0.018299823	-0.002403639	0.145130479
1	0.017688828	-0.002234992	0.146121649
2	0.016471724	-0.002364416	0.146121649
3	0.015268283	-0.002527593	0.146121649
4	0.014081774	-0.002711284	0.146121649
5	0.012916636	-0.002907551	0.146121649
6	0.011778035	-0.003111925	0.146121649
7	0.010671519	-0.003322081	0.146121649
8	0.009602750	-0.003536751	0.146121649
9	0.008577380	-0.003755280	0.146121649
10	0.007600904	-0.003977070	0.146121649
11	0.006678622	-0.004201494	0.146121649
12	0.005815580	-0.004427741	0.146121649
13	0.005016533	-0.004654749	0.146121649
14	0.004285590	-0.004880142	0.146121649
15	0.003623747	-0.005093074	0.146121649
16	0.003031421	-0.005283047	0.146121649
17	0.002511012	-0.005447149	0.146121649
18	0.002066376	-0.005588320	0.146121649
19	0.001702647	-0.005714342	0.146121649
20	0.001427064	-0.005836033	0.146121649
21	0.001255250	-0.005965563	0.146121649
22	0.001208658	-0.006084427	0.146121649
23	0.001214344	-0.006127442	0.146121649
24	0.001229868	-0.006168649	0.146121649
25	0.001311424	-0.006271618	0.146121649
26	0.001493035	-0.006393726	0.146121649
27	0.001775496	-0.006509546	0.146121649
28	0.002153919	-0.006603932	0.146121649
29	0.002622951	-0.006662664	0.146121649
30	0.003175821	-0.006672761	0.146121649
31	0.003804470	-0.006625375	0.146121649
32	0.004501174	-0.006519392	0.146121649
33	0.005260760	-0.006363476	0.146121649
34	0.006080552	-0.006170833	0.146121649
35	0.006956396	-0.005944923	0.146121649
36	0.007883612	-0.005687501	0.146121649
37	0.008857361	-0.005400515	0.146121649
38	0.009872671	-0.005086155	0.146121649
39	0.010924448	-0.004746829	0.146121649
40	0.012007412	-0.004384853	0.146121649
41	0.013116014	-0.004002089	0.146121649
42	0.014244308	-0.003599363	0.146121649
43	0.015385689	-0.003175402	0.146121649
44	0.016532586	-0.002725454	0.146121649
45	0.017688828	-0.002234992	0.146121649
1	0.017000433	-0.002088422	0.147009687
2	0.015854787	-0.002208923	0.147009687
3	0.014722083	-0.002361558	0.147009687
4	0.013605392	-0.002533855	0.147009687
5	0.012508856	-0.002718179	0.147009687
6	0.011437315	-0.002910251	0.147009687
7	0.010395984	-0.003107847	0.147009687
8	0.009390190	-0.003309766	0.147009687
9	0.008425247	-0.003515377	0.147009687
10	0.007506329	-0.003724110	0.147009687
11	0.006638419	-0.003935356	0.147009687
12	0.005826265	-0.004148339	0.147009687
13	0.005074337	-0.004362047	0.147009687
14	0.004386447	-0.004574063	0.147009687
15	0.003763435	-0.004773888	0.147009687
16	0.003205796	-0.004951964	0.147009687
17	0.002715875	-0.005105801	0.147009687
18	0.002297330	-0.005238285	0.147009687
19	0.001955004	-0.005356776	0.147009687
20	0.001695726	-0.005471426	0.147009687
21	0.001534282	-0.005593621	0.147009687
22	0.001490935	-0.005705662	0.147009687
23	0.001496456	-0.005746106	0.147009687
24	0.001511200	-0.005784822	0.147009687
25	0.001588125	-0.005881545	0.147009687
26	0.001759082	-0.005996289	0.147009687
27	0.002024829	-0.006105243	0.147009687
28	0.002380794	-0.006194279	0.147009687
29	0.002821987	-0.006250147	0.147009687
30	0.003342111	-0.006260664	0.147009687
31	0.003933642	-0.006217371	0.147009687
32	0.004589289	-0.006118910	0.147009687
33	0.005304065	-0.005972995	0.147009687
34	0.006075434	-0.005792206	0.147009687
35	0.006899539	-0.005580090	0.147009687
36	0.007771970	-0.005338278	0.147009687
37	0.008688172	-0.005068607	0.147009687
38	0.009643459	-0.004773117	0.147009687
39	0.010633038	-0.004454074	0.147009687
40	0.011651939	-0.004113657	0.147009687
41	0.012694943	-0.003753619	0.147009687
42	0.013756454	-0.003374717	0.147009687
43	0.014830247	-0.002975694	0.147009687
44	0.015909169	-0.002551947	0.147009687
45	0.017000433	-0.002088422	0.147009687
1	0.016285767	-0.001964492	0.147789625
2	0.015213604	-0.002073857	0.147789625
3	0.014153929	-0.002214824	0.147789625
4	0.013109485	-0.002375215	0.147789625
5	0.012084015	-0.002547372	0.147789625
6	0.011081985	-0.002727033	0.147789625
7	0.010108236	-0.002911992	0.147789625
8	0.009167740	-0.003101074	0.147789625
9	0.008265460	-0.003293655	0.147789625
10	0.007406230	-0.003489187	0.147789625
11	0.006594709	-0.003687084	0.147789625
12	0.005835332	-0.003886603	0.147789625
13	0.005132279	-0.004086790	0.147789625
14	0.004489061	-0.004285207	0.147789625
15	0.003906378	-0.004471805	0.147789625
16	0.003384786	-0.004637927	0.147789625
17	0.002926543	-0.004781455	0.147789625
18	0.002535099	-0.004905184	0.147789625
19	0.002214993	-0.005016023	0.147789625
20	0.001972627	-0.005123439	0.147789625
21	0.001821899	-0.005238009	0.147789625
22	0.001781802	-0.005342942	0.147789625
23	0.001787134	-0.005380753	0.147789625
24	0.001801041	-0.005416896	0.147789625
25	0.001873136	-0.005507169	0.147789625
26	0.002033029	-0.005614305	0.147789625
27	0.002281448	-0.005716149	0.147789625
28	0.002614140	-0.005799610	0.147789625
29	0.003026485	-0.005852414	0.147789625
30	0.003512665	-0.005863208	0.147789625
31	0.004065702	-0.005823972	0.147789625
32	0.004678768	-0.005733171	0.147789625
33	0.005347096	-0.005597635	0.147789625
34	0.006068292	-0.005429231	0.147789625
35	0.006838798	-0.005231549	0.147789625
36	0.007654487	-0.005006097	0.147789625
37	0.008511100	-0.004754594	0.147789625
38	0.009404250	-0.004478929	0.147789625
39	0.010329450	-0.004181210	0.147789625
40	0.011282051	-0.003863455	0.147789625
41	0.012257164	-0.003527258	0.147789625
42	0.013249528	-0.003173210	0.147789625
43	0.014253266	-0.002799889	0.147789625
44	0.015261573	-0.002402496	0.147789625
45	0.016285767	-0.001964492	0.147789625
1	0.015594892	-0.001862424	0.148457102
2	0.014593523	-0.001959428	0.148457102
3	0.013604428	-0.002088410	0.148457102
4	0.012629931	-0.002237072	0.148457102
5	0.011673329	-0.002397487	0.148457102
6	0.010738685	-0.002565275	0.148457102
7	0.009830470	-0.002738180	0.148457102
8	0.008953296	-0.002915021	0.148457102
9	0.008111786	-0.003095169	0.148457102
10	0.007310445	-0.003278095	0.148457102
11	0.006553614	-0.003463228	0.148457102
12	0.005845430	-0.003649866	0.148457102
13	0.005189790	-0.003837104	0.148457102
14	0.004589916	-0.004022512	0.148457102
15	0.004046399	-0.004196539	0.148457102
16	0.003559826	-0.004351342	0.148457102
17	0.003132357	-0.004485113	0.148457102
18	0.002767233	-0.004600536	0.148457102
19	0.002468700	-0.004704071	0.148457102
20	0.002242744	-0.004804522	0.148457102
21	0.002102386	-0.004911687	0.148457102
22	0.002065379	-0.005009709	0.148457102
23	0.002070454	-0.005044969	0.148457102
24	0.002083526	-0.005078628	0.148457102
25	0.002150905	-0.005162672	0.148457102
26	0.002300054	-0.005262461	0.148457102
27	0.002531664	-0.005357435	0.148457102
28	0.002841794	-0.005435491	0.148457102
29	0.003226178	-0.005485287	0.148457102
30	0.003679453	-0.005496273	0.148457102
31	0.004195165	-0.005460881	0.148457102
32	0.004766943	-0.005377459	0.148457102
33	0.005390259	-0.005252058	0.148457102
34	0.006062850	-0.005095809	0.148457102
35	0.006781443	-0.004912301	0.148457102
36	0.007542185	-0.004702922	0.148457102
37	0.008341104	-0.004469275	0.148457102
38	0.009174101	-0.004213103	0.148457102
39	0.010036988	-0.003936352	0.148457102
40	0.010925420	-0.003640867	0.148457102
41	0.011834817	-0.003328054	0.148457102
42	0.012760227	-0.002998271	0.148457102
43	0.013696075	-0.002649799	0.148457102
44	0.014635825	-0.002277397	0.148457102
45	0.015594892	-0.001862424	0.148457102
1	0.014971143	-0.001780728	0.149008385
2	0.014033763	-0.001865861	0.149008385
3	0.013108560	-0.001983689	0.149008385
4	0.012197429	-0.002121616	0.149008385
5	0.011303240	-0.002271376	0.149008385
6	0.010429680	-0.002428437	0.149008385
7	0.009580871	-0.002590469	0.149008385
8	0.008761105	-0.002756272	0.149008385
9	0.007974689	-0.002925210	0.149008385
10	0.007225831	-0.003096766	0.149008385
11	0.006518586	-0.003270388	0.149008385
12	0.005856818	-0.003445406	0.149008385
13	0.005244167	-0.003620963	0.149008385
14	0.004683604	-0.003794655	0.149008385
15	0.004175630	-0.003957423	0.149008385
16	0.003720845	-0.004102118	0.149008385
17	0.003321310	-0.004227178	0.149008385
18	0.002980074	-0.004335169	0.149008385
19	0.002701113	-0.004432140	0.149008385
20	0.002490038	-0.004526293	0.149008385
21	0.002359068	-0.004626730	0.149008385
22	0.002324807	-0.004718468	0.149008385
23	0.002329670	-0.004751393	0.149008385
24	0.002341967	-0.004782806	0.149008385
25	0.002405045	-0.004861228	0.149008385
26	0.002544442	-0.004954384	0.149008385
27	0.002760813	-0.005043153	0.149008385
28	0.003050499	-0.005116315	0.149008385
29	0.003409549	-0.005163357	0.149008385
30	0.003833007	-0.005174453	0.149008385
31	0.004314891	-0.005142466	0.149008385
32	0.004849248	-0.005065677	0.149008385
33	0.005431781	-0.004949484	0.149008385
34	0.006060347	-0.004804323	0.149008385
35	0.006731924	-0.004633746	0.149008385
36	0.007442905	-0.004439036	0.149008385
37	0.008189580	-0.004221689	0.149008385
38	0.008968112	-0.003983312	0.149008385
39	0.009774582	-0.003725702	0.149008385
40	0.010604916	-0.003450540	0.149008385
41	0.011454812	-0.003159042	0.149008385
42	0.012319588	-0.002851330	0.149008385
43	0.013193929	-0.002525366	0.149008385
44	0.014071519	-0.002175413	0.149008385
45	0.014971143	-0.001780728	0.149008385
1	0.014449775	-0.001718099	0.149440391
2	0.013566099	-0.001793365	0.149440391
3	0.012694507	-0.001901880	0.149440391
4	0.011836537	-0.002030799	0.149440391
5	0.010994702	-0.002171600	0.149440391
6	0.010172379	-0.002319632	0.149440391
7	0.009373401	-0.002472512	0.149440391
8	0.008601787	-0.002629027	0.149440391
9	0.007861583	-0.002788533	0.149440391
10	0.007156747	-0.002950526	0.149440391
11	0.006491094	-0.003114468	0.149440391
12	0.005868259	-0.003279720	0.149440391
13	0.005291668	-0.003445464	0.149440391
14	0.004764084	-0.003609331	0.149440391
15	0.004285942	-0.003762703	0.149440391
16	0.003857844	-0.003898980	0.149440391
17	0.003481760	-0.004016787	0.149440391
18	0.003160575	-0.004118580	0.149440391
19	0.002898038	-0.004210057	0.149440391
20	0.002699443	-0.004298918	0.149440391
21	0.002576326	-0.004393686	0.149440391
22	0.002544320	-0.004480135	0.149440391
23	0.002548992	-0.004511112	0.149440391
24	0.002560626	-0.004540648	0.149440391
25	0.002620079	-0.004614371	0.149440391
26	0.002751291	-0.004701982	0.149440391
27	0.002954885	-0.004785559	0.149440391
28	0.003227436	-0.004854608	0.149440391
29	0.003565254	-0.004899303	0.149440391
30	0.003963720	-0.004910423	0.149440391
31	0.004417240	-0.004881203	0.149440391
32	0.004920216	-0.004809892	0.149440391
33	0.005468555	-0.004701381	0.149440391
34	0.006060215	-0.004565505	0.149440391
35	0.006692377	-0.004405760	0.149440391
36	0.007361646	-0.004223342	0.149440391
37	0.008064526	-0.004019656	0.149440391
38	0.008797403	-0.003796195	0.149440391
39	0.009556580	-0.003554630	0.149440391
40	0.010338214	-0.003296503	0.149440391
41	0.011138232	-0.003022874	0.149440391
42	0.011952182	-0.002733670	0.149440391
43	0.012774966	-0.002426595	0.149440391
44	0.013600459	-0.002095526	0.149440391
45	0.014449775	-0.001718099	0.149440391
1	0.013732487	-0.001638267	0.150000000
2	0.012923220	-0.001701032	0.150000000
3	0.012125763	-0.001797213	0.150000000
4	0.011341212	-0.001913856	0.150000000
5	0.010571640	-0.002042276	0.150000000
6	0.009820017	-0.002177753	0.150000000
7	0.009089789	-0.002317878	0.150000000
8	0.008384605	-0.002461439	0.150000000
9	0.007708151	-0.002607795	0.150000000
10	0.007064042	-0.002756460	0.150000000
11	0.006455761	-0.002906923	0.150000000
12	0.005886630	-0.003058584	0.150000000
13	0.005359777	-0.003210682	0.150000000
14	0.004877687	-0.003360920	0.150000000
15	0.004440714	-0.003501318	0.150000000
16	0.004049454	-0.003626000	0.150000000
17	0.003705741	-0.003733812	0.150000000
18	0.003412227	-0.003827049	0.150000000
19	0.003172349	-0.003910920	0.150000000
20	0.002990960	-0.003992439	0.150000000
21	0.002878647	-0.004079337	0.150000000
22	0.002849692	-0.004158463	0.150000000
23	0.002854056	-0.004186765	0.150000000
24	0.002864759	-0.004213720	0.150000000
25	0.002919189	-0.004280989	0.150000000
26	0.003039106	-0.004360977	0.150000000
27	0.003225088	-0.004437395	0.150000000
28	0.003474030	-0.004500740	0.150000000
29	0.003782596	-0.004542111	0.150000000
30	0.004146616	-0.004553115	0.150000000
31	0.004561028	-0.004527515	0.150000000
32	0.005020719	-0.004463552	0.150000000
33	0.005521895	-0.004365469	0.150000000
34	0.006062654	-0.004242254	0.150000000
35	0.006640454	-0.004097290	0.150000000
36	0.007252185	-0.003931655	0.150000000
37	0.007894651	-0.003746624	0.150000000
38	0.008564544	-0.003543541	0.150000000
39	0.009258475	-0.003323899	0.150000000
40	0.009972918	-0.003089062	0.150000000
41	0.010704125	-0.002839889	0.150000000
42	0.011447967	-0.002576087	0.150000000
43	0.012199672	-0.002295105	0.150000000
44	0.012953422	-0.001990469	0.150000000
45	0.013732487	-0.001638267	0.150000000
