######## Panel parameters ########
type=propeller
n_blades=5

rotation_center=[0, 0, 0]
rotation_axis=[0, -1, 0]
n_span_all= 58
n_points=45
######## End of parameters ########
1	0.015834381	0.018897405	0.027000000
2	0.014150444	0.017040790	0.027000000
3	0.012318896	0.015343892	0.027000000
4	0.010462270	0.013719632	0.027000000
5	0.008622302	0.012138722	0.027000000
6	0.006826059	0.010586453	0.027000000
7	0.005093110	0.009057546	0.027000000
8	0.003441817	0.007549099	0.027000000
9	0.001893149	0.006056622	0.027000000
10	0.000491817	0.004554742	0.027000000
11	-0.000747332	0.003052872	0.027000000
12	-0.001818794	0.001569141	0.027000000
13	-0.002718028	0.000121932	0.027000000
14	-0.003436000	-0.001272985	0.027000000
15	-0.003973694	-0.002593604	0.027000000
16	-0.004337202	-0.003816324	0.027000000
17	-0.004531954	-0.004917997	0.027000000
18	-0.004553284	-0.005873501	0.027000000
19	-0.004399607	-0.006646153	0.027000000
20	-0.004133922	-0.007203085	0.027000000
21	-0.003866195	-0.007556605	0.027000000
22	-0.003669496	-0.007737268	0.027000000
23	-0.003598653	-0.007791571	0.027000000
24	-0.003523956	-0.007843865	0.027000000
25	-0.003286625	-0.007978528	0.027000000
26	-0.002861094	-0.008134188	0.027000000
27	-0.002241288	-0.008253025	0.027000000
28	-0.001435831	-0.008256308	0.027000000
29	-0.000476948	-0.008072055	0.027000000
30	0.000598395	-0.007685439	0.027000000
31	0.001759233	-0.007093741	0.027000000
32	0.002974551	-0.006291129	0.027000000
33	0.004213351	-0.005274671	0.027000000
34	0.005441525	-0.004041757	0.027000000
35	0.006636769	-0.002604353	0.027000000
36	0.007786540	-0.000981474	0.027000000
37	0.008873782	0.000813115	0.027000000
38	0.009886843	0.002762526	0.027000000
39	0.010828056	0.004844214	0.027000000
40	0.011734368	0.007024021	0.027000000
41	0.012602735	0.009288457	0.027000000
42	0.013456513	0.011615233	0.027000000
43	0.014306832	0.013988832	0.027000000
44	0.015134939	0.016407041	0.027000000
45	0.015834381	0.018897405	0.027000000
1	0.016920800	0.018618711	0.029431395
2	0.015151647	0.016818066	0.029431395
3	0.013264489	0.015159295	0.029431395
4	0.011365487	0.013560045	0.029431395
5	0.009495254	0.011990220	0.029431395
6	0.007680563	0.010435302	0.029431395
7	0.005937254	0.008894859	0.029431395
8	0.004276130	0.007375005	0.029431395
9	0.002710506	0.005879332	0.029431395
10	0.001283190	0.004382981	0.029431395
11	0.000005982	0.002895979	0.029431395
12	-0.001120767	0.001438107	0.029431395
13	-0.002096360	0.000027133	0.029431395
14	-0.002910084	-0.001326646	0.029431395
15	-0.003557691	-0.002607847	0.029431395
16	-0.004038005	-0.003798926	0.029431395
17	-0.004349842	-0.004881277	0.029431395
18	-0.004486781	-0.005833892	0.029431395
19	-0.004442090	-0.006625925	0.029431395
20	-0.004255543	-0.007218216	0.029431395
21	-0.004028298	-0.007602192	0.029431395
22	-0.003843675	-0.007797361	0.029431395
23	-0.003774594	-0.007854821	0.029431395
24	-0.003700411	-0.007909590	0.029431395
25	-0.003459946	-0.008044671	0.029431395
26	-0.003023067	-0.008182236	0.029431395
27	-0.002389993	-0.008262997	0.029431395
28	-0.001575897	-0.008225212	0.029431395
29	-0.000608439	-0.008024968	0.029431395
30	0.000483549	-0.007645857	0.029431395
31	0.001672901	-0.007078211	0.029431395
32	0.002930652	-0.006311451	0.029431395
33	0.004224822	-0.005335924	0.029431395
34	0.005520014	-0.004144222	0.029431395
35	0.006792374	-0.002745785	0.029431395
36	0.008027577	-0.001158275	0.029431395
37	0.009202514	0.000608743	0.029431395
38	0.010296720	0.002542378	0.029431395
39	0.011311555	0.004618029	0.029431395
40	0.012291836	0.006794987	0.029431395
41	0.013241703	0.009056288	0.029431395
42	0.014189465	0.011376572	0.029431395
43	0.015147741	0.013738886	0.029431395
44	0.016094717	0.016142489	0.029431395
45	0.016920800	0.018618711	0.029431395
1	0.017980669	0.018461916	0.031862791
2	0.016136038	0.016691862	0.031862791
3	0.014198213	0.015044615	0.031862791
4	0.012259212	0.013445182	0.031862791
5	0.010357005	0.011865802	0.031862791
6	0.008514885	0.010296482	0.031862791
7	0.006746589	0.008739778	0.031862791
8	0.005061674	0.007203592	0.031862791
9	0.003472036	0.005693213	0.031862791
10	0.002011737	0.004192076	0.031862791
11	0.000691172	0.002709825	0.031862791
12	-0.000490846	0.001265918	0.031862791
13	-0.001535533	-0.000122201	0.031862791
14	-0.002435189	-0.001444957	0.031862791
15	-0.003182619	-0.002692067	0.031862791
16	-0.003770772	-0.003852210	0.031862791
17	-0.004192097	-0.004912359	0.031862791
18	-0.004436814	-0.005855976	0.031862791
19	-0.004494561	-0.006657500	0.031862791
20	-0.004385811	-0.007276697	0.031862791
21	-0.004195804	-0.007686245	0.031862791
22	-0.004022079	-0.007895417	0.031862791
23	-0.003954304	-0.007956124	0.031862791
24	-0.003880199	-0.008013278	0.031862791
25	-0.003635738	-0.008149387	0.031862791
26	-0.003188672	-0.008276318	0.031862791
27	-0.002543316	-0.008331653	0.031862791
28	-0.001718720	-0.008263947	0.031862791
29	-0.000739973	-0.008044779	0.031862791
30	0.000367409	-0.007656841	0.031862791
31	0.001577896	-0.007087449	0.031862791
32	0.002864631	-0.006325884	0.031862791
33	0.004198064	-0.005362473	0.031862791
34	0.005546366	-0.004190400	0.031862791
35	0.006885494	-0.002815846	0.031862791
36	0.008197082	-0.001251247	0.031862791
37	0.009454684	0.000497251	0.031862791
38	0.010632362	0.002420340	0.031862791
39	0.011728862	0.004493264	0.031862791
40	0.012787762	0.006672943	0.031862791
41	0.013829118	0.008934085	0.031862791
42	0.014882700	0.011249342	0.031862791
43	0.015957051	0.013602494	0.031862791
44	0.017026370	0.015994894	0.031862791
45	0.017980669	0.018461916	0.031862791
1	0.019014646	0.018415315	0.034294186
2	0.017102750	0.016652033	0.034294186
3	0.015118993	0.014991875	0.034294186
4	0.013142997	0.013369093	0.034294186
5	0.011208491	0.011761213	0.034294186
6	0.009332033	0.010166882	0.034294186
7	0.007525143	0.008591546	0.034294186
8	0.005802741	0.007037155	0.034294186
9	0.004181771	0.005503891	0.034294186
10	0.002681826	0.003990084	0.034294186
11	0.001311508	0.002505854	0.034294186
12	0.000071713	0.001067663	0.034294186
13	-0.001038147	-0.000308388	0.034294186
14	-0.002015299	-0.001610360	0.034294186
15	-0.002852000	-0.002830609	0.034294186
16	-0.003537397	-0.003962985	0.034294186
17	-0.004058892	-0.005000196	0.034294186
18	-0.004402791	-0.005930789	0.034294186
19	-0.004555716	-0.006734300	0.034294186
20	-0.004522946	-0.007373038	0.034294186
21	-0.004366872	-0.007804508	0.034294186
22	-0.004202802	-0.008027200	0.034294186
23	-0.004135954	-0.008091240	0.034294186
24	-0.004061519	-0.008150681	0.034294186
25	-0.003812320	-0.008288387	0.034294186
26	-0.003355781	-0.008412133	0.034294186
27	-0.002697828	-0.008454340	0.034294186
28	-0.001860035	-0.008367564	0.034294186
29	-0.000867733	-0.008127058	0.034294186
30	0.000253432	-0.007715076	0.034294186
31	0.001478243	-0.007119851	0.034294186
32	0.002782286	-0.006334731	0.034294186
33	0.004141331	-0.005356087	0.034294186
34	0.005530984	-0.004182697	0.034294186
35	0.006927719	-0.002816868	0.034294186
36	0.008307262	-0.001262403	0.034294186
37	0.009642340	0.000476750	0.034294186
38	0.010904970	0.002393872	0.034294186
39	0.012090180	0.004466017	0.034294186
40	0.013230664	0.006653330	0.034294186
41	0.014371863	0.008915870	0.034294186
42	0.015541373	0.011225792	0.034294186
43	0.016738363	0.013570478	0.034294186
44	0.017932226	0.015954203	0.034294186
45	0.019014646	0.018415315	0.034294186
1	0.020032358	0.018449679	0.036725581
2	0.018052006	0.016681384	0.036725581
3	0.016019742	0.014996319	0.036725581
4	0.014003427	0.013339160	0.036725581
5	0.012031966	0.011693749	0.036725581
6	0.010116222	0.010066149	0.036725581
7	0.008265056	0.008465272	0.036725581
8	0.006496721	0.006889328	0.036725581
9	0.004838121	0.005327884	0.036725581
10	0.003294295	0.003794756	0.036725581
11	0.001871063	0.002302112	0.036725581
12	0.000572968	0.000862273	0.036725581
13	-0.000598856	-0.000510501	0.036725581
14	-0.001645739	-0.001801360	0.036725581
15	-0.002560721	-0.003003332	0.036725581
16	-0.003331124	-0.004113697	0.036725581
17	-0.003941358	-0.005129900	0.036725581
18	-0.004374745	-0.006045550	0.036725581
19	-0.004615721	-0.006845345	0.036725581
20	-0.004658326	-0.007496918	0.036725581
21	-0.004536577	-0.007948523	0.036725581
22	-0.004382495	-0.008185071	0.036725581
23	-0.004316269	-0.008252477	0.036725581
24	-0.004241183	-0.008314061	0.036725581
25	-0.003986431	-0.008453044	0.036725581
26	-0.003519520	-0.008573528	0.036725581
27	-0.002847994	-0.008602981	0.036725581
28	-0.001995954	-0.008495690	0.036725581
29	-0.000990191	-0.008227082	0.036725581
30	0.000142529	-0.007779740	0.036725581
31	0.001377146	-0.007144436	0.036725581
32	0.002691999	-0.006319826	0.036725581
33	0.004069079	-0.005309982	0.036725581
34	0.005492651	-0.004121339	0.036725581
35	0.006939341	-0.002752168	0.036725581
36	0.008379286	-0.001197440	0.036725581
37	0.009786925	0.000539253	0.036725581
38	0.011135891	0.002452014	0.036725581
39	0.012417620	0.004521066	0.036725581
40	0.013641566	0.006718246	0.036725581
41	0.014889362	0.008980547	0.036725581
42	0.016181204	0.011282377	0.036725581
43	0.017504032	0.013617174	0.036725581
44	0.018822619	0.015992616	0.036725581
45	0.020032358	0.018449679	0.036725581
1	0.021041194	0.018531549	0.039156977
2	0.018985911	0.016756628	0.039156977
3	0.016898852	0.015044258	0.039156977
4	0.014835732	0.013350862	0.039156977
5	0.012820518	0.011666714	0.039156977
6	0.010860795	0.010002397	0.039156977
7	0.008963252	0.008369820	0.039156977
8	0.007145274	0.006768402	0.039156977
9	0.005443493	0.005177061	0.039156977
10	0.003852747	0.003620775	0.039156977
11	0.002375869	0.002114513	0.039156977
12	0.001020923	0.000666815	0.039156977
13	-0.000209170	-0.000709761	0.039156977
14	-0.001318013	-0.001998296	0.039156977
15	-0.002300094	-0.003191144	0.039156977
16	-0.003142755	-0.004286967	0.039156977
17	-0.003829465	-0.005286247	0.039156977
18	-0.004342131	-0.006186855	0.039156977
19	-0.004663928	-0.006978579	0.039156977
20	-0.004781090	-0.007636231	0.039156977
21	-0.004698532	-0.008106737	0.039156977
22	-0.004556229	-0.008357741	0.039156977
23	-0.004490424	-0.008428503	0.039156977
24	-0.004414429	-0.008492056	0.039156977
25	-0.004153300	-0.008631388	0.039156977
26	-0.003674739	-0.008745149	0.039156977
27	-0.002989076	-0.008757670	0.039156977
28	-0.002122992	-0.008624991	0.039156977
29	-0.001104811	-0.008322675	0.039156977
30	0.000037596	-0.007833942	0.039156977
31	0.001279421	-0.007152147	0.039156977
32	0.002601766	-0.006280859	0.039156977
33	0.003992728	-0.005231468	0.039156977
34	0.005444920	-0.004018218	0.039156977
35	0.006934292	-0.002635410	0.039156977
36	0.008428049	-0.001072190	0.039156977
37	0.009903823	0.000667021	0.039156977
38	0.011338922	0.002575902	0.039156977
39	0.012721811	0.004638463	0.039156977
40	0.014037292	0.006841714	0.039156977
41	0.015398904	0.009098731	0.039156977
42	0.016815941	0.011388644	0.039156977
43	0.018264366	0.013711520	0.039156977
44	0.019705693	0.016078189	0.039156977
45	0.021041194	0.018531549	0.039156977
1	0.022023000	0.018637621	0.041588372
2	0.019888514	0.016858362	0.041588372
3	0.017742701	0.015119987	0.041588372
4	0.015628739	0.013391871	0.041588372
5	0.013565612	0.011670756	0.041588372
6	0.011559044	0.009970041	0.041588372
7	0.009614387	0.008303707	0.041588372
8	0.007746696	0.006674200	0.041588372
9	0.005998336	0.005054033	0.041588372
10	0.004359166	0.003473894	0.041588372
11	0.002829786	0.001951151	0.041588372
12	0.001420999	0.000491502	0.041588372
13	0.000137381	-0.000893962	0.041588372
14	-0.001025268	-0.002187415	0.041588372
15	-0.002063366	-0.003379564	0.041588372
16	-0.002965935	-0.004468412	0.041588372
17	-0.003717144	-0.005455647	0.041588372
18	-0.004298844	-0.006342200	0.041588372
19	-0.004693643	-0.007122607	0.041588372
20	-0.004882709	-0.007779628	0.041588372
21	-0.004846199	-0.008266454	0.041588372
22	-0.004718163	-0.008532013	0.041588372
23	-0.004652750	-0.008606104	0.041588372
24	-0.004575692	-0.008671485	0.041588372
25	-0.004307643	-0.008810269	0.041588372
26	-0.003816821	-0.008914538	0.041588372
27	-0.003117191	-0.008907504	0.041588372
28	-0.002237716	-0.008747271	0.041588372
29	-0.001208059	-0.008409537	0.041588372
30	-0.000057046	-0.007878179	0.041588372
31	0.001190785	-0.007148708	0.041588372
32	0.002519063	-0.006228792	0.041588372
33	0.003921500	-0.005136214	0.041588372
34	0.005397893	-0.003892035	0.041588372
35	0.006923034	-0.002487146	0.041588372
36	0.008464656	-0.000909143	0.041588372
37	0.010003927	0.000836375	0.041588372
38	0.011522248	0.002742156	0.041588372
39	0.013005695	0.004796039	0.041588372
40	0.014422595	0.006997576	0.041588372
41	0.015901756	0.009243518	0.041588372
42	0.017441062	0.011519084	0.041588372
43	0.019009392	0.013829666	0.041588372
44	0.020566998	0.016188225	0.041588372
45	0.022023000	0.018637621	0.041588372
1	0.022953307	0.018737144	0.044019767
2	0.020738781	0.016958794	0.044019767
3	0.018533189	0.015199076	0.044019767
4	0.016367134	0.013441094	0.044019767
5	0.014254753	0.011687905	0.044019767
6	0.012200737	0.009954726	0.044019767
7	0.010209934	0.008256642	0.044019767
8	0.008295242	0.006599005	0.044019767
9	0.006499473	0.004953750	0.044019767
10	0.004812275	0.003352149	0.044019767
11	0.003233391	0.001812737	0.044019767
12	0.001775262	0.000339592	0.044019767
13	0.000443871	-0.001057373	0.044019767
14	-0.000764166	-0.002360630	0.044019767
15	-0.001847500	-0.003558632	0.044019767
16	-0.002798273	-0.004646898	0.044019767
17	-0.003602579	-0.005626641	0.044019767
18	-0.004243151	-0.006500568	0.044019767
19	-0.004702408	-0.007267391	0.044019767
20	-0.004958330	-0.007917730	0.044019767
21	-0.004973848	-0.008416119	0.044019767
22	-0.004862630	-0.008695430	0.044019767
23	-0.004797718	-0.008772750	0.044019767
24	-0.004719596	-0.008839850	0.044019767
25	-0.004444596	-0.008977461	0.044019767
26	-0.003941817	-0.009070751	0.044019767
27	-0.003229183	-0.009043787	0.044019767
28	-0.002337343	-0.008857060	0.044019767
29	-0.001296932	-0.008486324	0.044019767
30	-0.000137553	-0.007915812	0.044019767
31	0.001116386	-0.007142449	0.044019767
32	0.002450511	-0.006176920	0.044019767
33	0.003863270	-0.005042167	0.044019767
34	0.005359792	-0.003764219	0.044019767
35	0.006914543	-0.002332474	0.044019767
36	0.008498517	-0.000736492	0.044019767
37	0.010096117	0.001016997	0.044019767
38	0.011692297	0.002919794	0.044019767
39	0.013271632	0.004962927	0.044019767
40	0.014796889	0.007152523	0.044019767
41	0.016391590	0.009381835	0.044019767
42	0.018044581	0.011641880	0.044019767
43	0.019722228	0.013940874	0.044019767
44	0.021385553	0.016292421	0.044019767
45	0.022953307	0.018737144	0.044019767
1	0.023807162	0.018797984	0.046451163
2	0.021515683	0.017027459	0.046451163
3	0.019252241	0.015253672	0.046451163
4	0.017035468	0.013473510	0.046451163
5	0.014875026	0.011695935	0.046451163
6	0.012775078	0.009937353	0.046451163
7	0.010740681	0.008213105	0.046451163
8	0.008783449	0.006530441	0.046451163
9	0.006941886	0.004866086	0.046451163
10	0.005208886	0.003248064	0.046451163
11	0.003584974	0.001694404	0.046451163
12	0.002083093	0.000208807	0.046451163
13	0.000710339	-0.001199683	0.046451163
14	-0.000534827	-0.002514846	0.046451163
15	-0.001653329	-0.003722651	0.046451163
16	-0.002641571	-0.004814702	0.046451163
17	-0.003488420	-0.005790394	0.046451163
18	-0.004178003	-0.006653083	0.046451163
19	-0.004692579	-0.007405012	0.046451163
20	-0.005007976	-0.008044016	0.046451163
21	-0.005077884	-0.008547543	0.046451163
22	-0.004985159	-0.008838745	0.046451163
23	-0.004920924	-0.008919078	0.046451163
24	-0.004841865	-0.008987774	0.046451163
25	-0.004560420	-0.009123929	0.046451163
26	-0.004046854	-0.009206262	0.046451163
27	-0.003322785	-0.009161374	0.046451163
28	-0.002419763	-0.008952307	0.046451163
29	-0.001368953	-0.008554674	0.046451163
30	-0.000200582	-0.007952528	0.046451163
31	0.001060758	-0.007143257	0.046451163
32	0.002401898	-0.006139373	0.046451163
33	0.003824792	-0.004967573	0.046451163
34	0.005337781	-0.003656768	0.046451163
35	0.006916943	-0.002197707	0.046451163
36	0.008538011	-0.000583949	0.046451163
37	0.010187982	0.001176863	0.046451163
38	0.011854447	0.003075794	0.046451163
39	0.013521863	0.005105684	0.046451163
40	0.015156209	0.007272945	0.046451163
41	0.016858177	0.009481329	0.046451163
42	0.018611689	0.011725676	0.046451163
43	0.020384449	0.014014199	0.046451163
44	0.022139878	0.016359614	0.046451163
45	0.023807162	0.018797984	0.046451163
1	0.024564460	0.018792041	0.048882558
2	0.022202750	0.017036617	0.048882558
3	0.019885884	0.015257661	0.048882558
4	0.017621860	0.013465000	0.048882558
5	0.015416488	0.011672802	0.048882558
6	0.013273770	0.009898182	0.048882558
7	0.011199478	0.008156087	0.048882558
8	0.009204829	0.006454610	0.048882558
9	0.007321019	0.004778746	0.048882558
10	0.005545958	0.003151189	0.048882558
11	0.003882397	0.001587888	0.048882558
12	0.002342887	0.000093142	0.048882558
13	0.000935336	-0.001324579	0.048882558
14	-0.000339381	-0.002650975	0.048882558
15	-0.001484233	-0.003869669	0.048882558
16	-0.002500572	-0.004967468	0.048882558
17	-0.003380517	-0.005941070	0.048882558
18	-0.004109750	-0.006793634	0.048882558
19	-0.004670174	-0.007530324	0.048882558
20	-0.005035932	-0.008155257	0.048882558
21	-0.005157507	-0.008657481	0.048882558
22	-0.005083295	-0.008957950	0.048882558
23	-0.005019887	-0.009040945	0.048882558
24	-0.004940109	-0.009111074	0.048882558
25	-0.004653216	-0.009245889	0.048882558
26	-0.004130692	-0.009318812	0.048882558
27	-0.003397100	-0.009260102	0.048882558
28	-0.002484102	-0.009035263	0.048882558
29	-0.001422945	-0.008619499	0.048882558
30	-0.000244366	-0.007996064	0.048882558
31	0.001026463	-0.007161835	0.048882558
32	0.002376657	-0.006129982	0.048882558
33	0.003810254	-0.004929569	0.048882558
34	0.005336914	-0.003590641	0.048882558
35	0.006936429	-0.002107995	0.048882558
36	0.008589540	-0.000479796	0.048882558
37	0.010285138	0.001285610	0.048882558
38	0.012012561	0.003178785	0.048882558
39	0.013757663	0.005192636	0.048882558
40	0.015494032	0.007329554	0.048882558
41	0.017289682	0.009514538	0.048882558
42	0.019127618	0.011743493	0.048882558
43	0.020979292	0.014022331	0.048882558
44	0.022811516	0.016361685	0.048882558
45	0.024564460	0.018792041	0.048882558
1	0.025214062	0.018700454	0.051313953
2	0.022791769	0.016966490	0.051313953
3	0.020427738	0.015191763	0.051313953
4	0.018121368	0.013397214	0.051313953
5	0.015875467	0.011601233	0.051313953
6	0.013694204	0.009821185	0.051313953
7	0.011584339	0.008071225	0.051313953
8	0.009557185	0.006359654	0.051313953
9	0.007635857	0.004680753	0.051313953
10	0.005823553	0.003051424	0.051313953
11	0.004126013	0.001484595	0.051313953
12	0.002554931	-0.000014311	0.051313953
13	0.001118766	-0.001437151	0.051313953
14	-0.000179086	-0.002771739	0.051313953
15	-0.001343240	-0.003999683	0.051313953
16	-0.002380072	-0.005102810	0.051313953
17	-0.003285005	-0.006074781	0.051313953
18	-0.004045184	-0.006918061	0.051313953
19	-0.004641930	-0.007640168	0.051313953
20	-0.005047998	-0.008250361	0.051313953
21	-0.005213818	-0.008746673	0.051313953
22	-0.005156362	-0.009053620	0.051313953
23	-0.005093883	-0.009138832	0.051313953
24	-0.005013675	-0.009210224	0.051313953
25	-0.004722717	-0.009344319	0.051313953
26	-0.004193422	-0.009410748	0.051313953
27	-0.003452294	-0.009343775	0.051313953
28	-0.002530487	-0.009111008	0.051313953
29	-0.001458964	-0.008687033	0.051313953
30	-0.000268848	-0.008053806	0.051313953
31	0.001013801	-0.007206901	0.051313953
32	0.002375539	-0.006159154	0.051313953
33	0.003821110	-0.004940770	0.051313953
34	0.005360143	-0.003581835	0.051313953
35	0.006977328	-0.002082646	0.051313953
36	0.008657882	-0.000445671	0.051313953
37	0.010392018	0.001320167	0.051313953
38	0.012170180	0.003205050	0.051313953
39	0.013980507	0.005200619	0.051313953
40	0.015804673	0.007303634	0.051313953
41	0.017677181	0.009464710	0.051313953
42	0.019582543	0.011678634	0.051313953
43	0.021496797	0.013947795	0.051313953
44	0.023390438	0.016280139	0.051313953
45	0.025214062	0.018700454	0.051313953
1	0.025757697	0.018517680	0.053745349
2	0.023286195	0.016809550	0.053745349
3	0.020882186	0.015047741	0.053745349
4	0.018539037	0.013261572	0.053745349
5	0.016257558	0.011472444	0.053745349
6	0.014042374	0.009697543	0.053745349
7	0.011901277	0.007950081	0.053745349
8	0.009845657	0.006238517	0.053745349
9	0.007891888	0.004565020	0.053745349
10	0.006047616	0.002941484	0.053745349
11	0.004321403	0.001377869	0.053745349
12	0.002724089	-0.000119277	0.053745349
13	0.001264488	-0.001541981	0.053745349
14	-0.000051767	-0.002879964	0.053745349
15	-0.001230505	-0.004113233	0.053745349
16	-0.002282468	-0.005219184	0.053745349
17	-0.003205949	-0.006188693	0.053745349
18	-0.003989273	-0.007023395	0.053745349
19	-0.004613109	-0.007732595	0.053745349
20	-0.005049179	-0.008329380	0.053745349
21	-0.005248685	-0.008818085	0.053745349
22	-0.005204842	-0.009129104	0.053745349
23	-0.005143352	-0.009216069	0.053745349
24	-0.005063063	-0.009288601	0.053745349
25	-0.004769652	-0.009423106	0.053745349
26	-0.004235831	-0.009486908	0.053745349
27	-0.003489035	-0.009417781	0.053745349
28	-0.002559596	-0.009184864	0.053745349
29	-0.001477961	-0.008762045	0.053745349
30	-0.000275461	-0.008129790	0.053745349
31	0.001020886	-0.007281967	0.053745349
32	0.002396550	-0.006230425	0.053745349
33	0.003855920	-0.005005595	0.053745349
34	0.005407885	-0.003637174	0.053745349
35	0.007041691	-0.002130655	0.053745349
36	0.008746060	-0.000492010	0.053745349
37	0.010512116	0.001269312	0.053745349
38	0.012331044	0.003143114	0.053745349
39	0.014193086	0.005119472	0.053745349
40	0.016085970	0.007190272	0.053745349
41	0.018017647	0.009328656	0.053745349
42	0.019974555	0.011527618	0.053745349
43	0.021936765	0.013786094	0.053745349
44	0.023878048	0.016109446	0.053745349
45	0.025757697	0.018517680	0.053745349
1	0.026213543	0.018255523	0.056176744
2	0.023704249	0.016574728	0.056176744
3	0.021267217	0.014832460	0.056176744
4	0.018892602	0.013063034	0.056176744
5	0.016580260	0.011289546	0.056176744
6	0.014335417	0.009528734	0.056176744
7	0.012166708	0.007792996	0.056176744
8	0.010085331	0.006091194	0.056176744
9	0.008103691	0.004430258	0.056176744
10	0.006232308	0.002818762	0.056176744
11	0.004481611	0.001264642	0.056176744
12	0.002861951	-0.000224861	0.056176744
13	0.001382366	-0.001641854	0.056176744
14	0.000050089	-0.002977442	0.056176744
15	-0.001141454	-0.004210485	0.056176744
16	-0.002205970	-0.005315205	0.056176744
17	-0.003143703	-0.006280489	0.056176744
18	-0.003943743	-0.007107347	0.056176744
19	-0.004586276	-0.007806255	0.056176744
20	-0.005042460	-0.008392703	0.056176744
21	-0.005263901	-0.008875004	0.056176744
22	-0.005229697	-0.009188364	0.056176744
23	-0.005169184	-0.009276653	0.056176744
24	-0.005089148	-0.009350248	0.056176744
25	-0.004794847	-0.009486537	0.056176744
26	-0.004258486	-0.009551760	0.056176744
27	-0.003507609	-0.009486002	0.056176744
28	-0.002571732	-0.009259194	0.056176744
29	-0.001480733	-0.008844586	0.056176744
30	-0.000265950	-0.008221334	0.056176744
31	0.001044869	-0.007381723	0.056176744
32	0.002436082	-0.006336472	0.056176744
33	0.003911221	-0.005115785	0.056176744
34	0.005478327	-0.003749044	0.056176744
35	0.007129507	-0.002245125	0.056176744
36	0.008855707	-0.000612336	0.056176744
37	0.010648617	0.001139436	0.056176744
38	0.012499930	0.002999612	0.056176744
39	0.014400986	0.004957342	0.056176744
40	0.016342436	0.007001927	0.056176744
41	0.018317299	0.009120079	0.056176744
42	0.020313008	0.011303721	0.056176744
43	0.022312122	0.013549540	0.056176744
44	0.024290623	0.015861140	0.056176744
45	0.026213543	0.018255523	0.056176744
1	0.026619473	0.017946785	0.058608140
2	0.024087596	0.016295364	0.058608140
3	0.021628418	0.014579851	0.058608140
4	0.019231656	0.012835979	0.058608140
5	0.016897236	0.011087198	0.058608140
6	0.014630713	0.009350062	0.058608140
7	0.012441164	0.007636526	0.058608140
8	0.010339600	0.005955739	0.058608140
9	0.008337408	0.004315858	0.058608140
10	0.006446001	0.002724367	0.058608140
11	0.004676412	0.001188491	0.058608140
12	0.003038837	-0.000284337	0.058608140
13	0.001542552	-0.001686452	0.058608140
14	0.000195329	-0.003009447	0.058608140
15	-0.001008524	-0.004232697	0.058608140
16	-0.002083727	-0.005329006	0.058608140
17	-0.003031775	-0.006285912	0.058608140
18	-0.003842880	-0.007103422	0.058608140
19	-0.004498664	-0.007791162	0.058608140
20	-0.004974164	-0.008363185	0.058608140
21	-0.005234601	-0.008827632	0.058608140
22	-0.005264042	-0.009143787	0.058608140
23	-0.005226707	-0.009244109	0.058608140
24	-0.005163558	-0.009333225	0.058608140
25	-0.004889313	-0.009507534	0.058608140
26	-0.004355357	-0.009604383	0.058608140
27	-0.003598798	-0.009562463	0.058608140
28	-0.002652693	-0.009356885	0.058608140
29	-0.001547454	-0.008962559	0.058608140
30	-0.000314840	-0.008358262	0.058608140
31	0.001016476	-0.007535294	0.058608140
32	0.002429572	-0.006503639	0.058608140
33	0.003926879	-0.005293539	0.058608140
34	0.005516817	-0.003935853	0.058608140
35	0.007192530	-0.002440911	0.058608140
36	0.008945542	-0.000817758	0.058608140
37	0.010767646	0.000923527	0.058608140
38	0.012650623	0.002772186	0.058608140
39	0.014585921	0.004717183	0.058608140
40	0.016564508	0.006747430	0.058608140
41	0.018575956	0.008852827	0.058608140
42	0.020607709	0.011025195	0.058608140
43	0.022642923	0.013260714	0.058608140
44	0.024658243	0.015562626	0.058608140
45	0.026619473	0.017946785	0.058608140
1	0.027019328	0.017632229	0.061039535
2	0.024456759	0.016000604	0.061039535
3	0.021966717	0.014303791	0.061039535
4	0.019539172	0.012577803	0.061039535
5	0.017174274	0.010846180	0.061039535
6	0.014877783	0.009125467	0.061039535
7	0.012658971	0.007427538	0.061039535
8	0.010529008	0.005761456	0.061039535
9	0.008499466	0.004135245	0.061039535
10	0.006581910	0.002556288	0.061039535
11	0.004787541	0.001031692	0.061039535
12	0.003126714	-0.000431198	0.061039535
13	0.001608877	-0.001824812	0.061039535
14	0.000241879	-0.003140706	0.061039535
15	-0.000980730	-0.004357131	0.061039535
16	-0.002073321	-0.005446764	0.061039535
17	-0.003036719	-0.006397608	0.061039535
18	-0.003860160	-0.007210719	0.061039535
19	-0.004523859	-0.007897272	0.061039535
20	-0.004999008	-0.008474105	0.061039535
21	-0.005237125	-0.008951895	0.061039535
22	-0.005211475	-0.009267754	0.061039535
23	-0.005152598	-0.009357871	0.061039535
24	-0.005073613	-0.009433502	0.061039535
25	-0.004780297	-0.009576217	0.061039535
26	-0.004242175	-0.009652114	0.061039535
27	-0.003485748	-0.009601445	0.061039535
28	-0.002539741	-0.009393708	0.061039535
29	-0.001433412	-0.009001249	0.061039535
30	-0.000197805	-0.008402053	0.061039535
31	0.001139088	-0.007587192	0.061039535
32	0.002560896	-0.006566613	0.061039535
33	0.004070216	-0.005370549	0.061039535
34	0.005674322	-0.004028612	0.061039535
35	0.007365928	-0.002550609	0.061039535
36	0.009136440	-0.000945449	0.061039535
37	0.010977515	0.000776919	0.061039535
38	0.012880794	0.002605861	0.061039535
39	0.014837578	0.004530463	0.061039535
40	0.016838696	0.006539753	0.061039535
41	0.018873581	0.008623770	0.061039535
42	0.020929552	0.010774487	0.061039535
43	0.022989705	0.012988256	0.061039535
44	0.025030695	0.015268534	0.061039535
45	0.027019328	0.017632229	0.061039535
1	0.027418753	0.017317296	0.063470930
2	0.024833092	0.015710321	0.063470930
3	0.022319448	0.014037173	0.063470930
4	0.019868149	0.012334067	0.063470930
5	0.017479592	0.010624594	0.063470930
6	0.015159719	0.008925288	0.063470930
7	0.012917956	0.007247937	0.063470930
8	0.010765576	0.005601526	0.063470930
9	0.008714272	0.003993956	0.063470930
10	0.006775708	0.002432508	0.063470930
11	0.004961185	0.000924185	0.063470930
12	0.003281156	-0.000523763	0.063470930
13	0.001745171	-0.001903853	0.063470930
14	0.000361191	-0.003207708	0.063470930
15	-0.000876996	-0.004413487	0.063470930
16	-0.001983510	-0.005493637	0.063470930
17	-0.002959071	-0.006436105	0.063470930
18	-0.003792915	-0.007242056	0.063470930
19	-0.004465334	-0.007922902	0.063470930
20	-0.004947651	-0.008495813	0.063470930
21	-0.005191347	-0.008972041	0.063470930
22	-0.005168871	-0.009288799	0.063470930
23	-0.005110758	-0.009379679	0.063470930
24	-0.005032354	-0.009456238	0.063470930
25	-0.004739865	-0.009602169	0.063470930
26	-0.004201435	-0.009683751	0.063470930
27	-0.003442948	-0.009640907	0.063470930
28	-0.002492827	-0.009442798	0.063470930
29	-0.001380057	-0.009061418	0.063470930
30	-0.000135486	-0.008474368	0.063470930
31	0.001212933	-0.007672359	0.063470930
32	0.002648663	-0.006665132	0.063470930
33	0.004173944	-0.005482965	0.063470930
34	0.005795771	-0.004155648	0.063470930
35	0.007506747	-0.002692938	0.063470930
36	0.009298173	-0.001103680	0.063470930
37	0.011161578	0.000602250	0.063470930
38	0.013088477	0.002414284	0.063470930
39	0.015070040	0.004321574	0.063470930
40	0.017096964	0.006313223	0.063470930
41	0.019158557	0.008379357	0.063470930
42	0.021242031	0.010512070	0.063470930
43	0.023330412	0.012707885	0.063470930
44	0.025400347	0.014970521	0.063470930
45	0.027418753	0.017317296	0.063470930
1	0.027800328	0.016992191	0.065902326
2	0.025194714	0.015411066	0.065902326
3	0.022660530	0.013762880	0.065902326
4	0.020188466	0.012084009	0.065902326
5	0.017779161	0.010398075	0.065902326
6	0.015438733	0.008721576	0.065902326
7	0.013176744	0.007066209	0.065902326
8	0.011004566	0.005440864	0.065902326
9	0.008933997	0.003853315	0.065902326
10	0.006976787	0.002310731	0.065902326
11	0.005144322	0.000820005	0.065902326
12	0.003447148	-0.000611718	0.065902326
13	0.001894901	-0.001977047	0.065902326
14	0.000495644	-0.003267682	0.065902326
15	-0.000756611	-0.004461691	0.065902326
16	-0.001875712	-0.005531338	0.065902326
17	-0.002862262	-0.006464543	0.065902326
18	-0.003705497	-0.007262579	0.065902326
19	-0.004385803	-0.007937089	0.065902326
20	-0.004874657	-0.008505555	0.065902326
21	-0.005123540	-0.008979773	0.065902326
22	-0.005104150	-0.009297084	0.065902326
23	-0.005046835	-0.009388616	0.065902326
24	-0.004969080	-0.009466000	0.065902326
25	-0.004677712	-0.009614942	0.065902326
26	-0.004139550	-0.009702047	0.065902326
27	-0.003379844	-0.009666983	0.065902326
28	-0.002426677	-0.009478612	0.065902326
29	-0.001308734	-0.009108617	0.065902326
30	-0.000056632	-0.008534238	0.065902326
31	0.001301735	-0.007745826	0.065902326
32	0.002749672	-0.006752885	0.065902326
33	0.004289047	-0.005585687	0.065902326
34	0.005926583	-0.004274184	0.065902326
35	0.007654785	-0.002828087	0.065902326
36	0.009464858	-0.001256164	0.065902326
37	0.011348217	0.000431792	0.065902326
38	0.013296258	0.002225285	0.065902326
39	0.015300036	0.004113546	0.065902326
40	0.017350125	0.006085759	0.065902326
41	0.019435727	0.008132147	0.065902326
42	0.021543962	0.010244926	0.065902326
43	0.023657811	0.012420788	0.065902326
44	0.025753941	0.014663700	0.065902326
45	0.027800328	0.016992191	0.065902326
1	0.028043492	0.016587607	0.068333721
2	0.025430378	0.015037289	0.068333721
3	0.022887802	0.013419419	0.068333721
4	0.020406843	0.011770345	0.068333721
5	0.017988377	0.010113610	0.068333721
6	0.015638662	0.008465598	0.068333721
7	0.013367359	0.006837862	0.068333721
8	0.011185881	0.005239165	0.068333721
9	0.009106080	0.003677121	0.068333721
10	0.007139738	0.002158764	0.068333721
11	0.005298274	0.000690853	0.068333721
12	0.003592272	-0.000719594	0.068333721
13	0.002031411	-0.002065302	0.068333721
14	0.000623801	-0.003338066	0.068333721
15	-0.000636371	-0.004515899	0.068333721
16	-0.001762603	-0.005571049	0.068333721
17	-0.002755342	-0.006491505	0.068333721
18	-0.003603851	-0.007278667	0.068333721
19	-0.004288671	-0.007944351	0.068333721
20	-0.004781543	-0.008506256	0.068333721
21	-0.005034155	-0.008976613	0.068333721
22	-0.005017713	-0.009293102	0.068333721
23	-0.004961410	-0.009384868	0.068333721
24	-0.004884615	-0.009462725	0.068333721
25	-0.004595589	-0.009613969	0.068333721
26	-0.004059987	-0.009706052	0.068333721
27	-0.003302350	-0.009678603	0.068333721
28	-0.002350341	-0.009500320	0.068333721
29	-0.001232251	-0.009142696	0.068333721
30	0.000021634	-0.008582723	0.068333721
31	0.001383587	-0.007810448	0.068333721
32	0.002836828	-0.006835123	0.068333721
33	0.004382863	-0.005686884	0.068333721
34	0.006028142	-0.004395727	0.068333721
35	0.007765113	-0.002971282	0.068333721
36	0.009584934	-0.001422217	0.068333721
37	0.011478947	0.000241796	0.068333721
38	0.013438476	0.002010374	0.068333721
39	0.015454503	0.003872863	0.068333721
40	0.017517533	0.005818569	0.068333721
41	0.019616710	0.007837848	0.068333721
42	0.021739127	0.009923059	0.068333721
43	0.023867795	0.012071065	0.068333721
44	0.025979508	0.014286035	0.068333721
45	0.028043492	0.016587607	0.068333721
1	0.028155327	0.016109674	0.070765116
2	0.025546486	0.014594764	0.070765116
3	0.023006998	0.013012188	0.070765116
4	0.020528378	0.011398078	0.070765116
5	0.018111725	0.009775785	0.070765116
6	0.015763412	0.008161512	0.070765116
7	0.013493150	0.006566622	0.070765116
8	0.011312343	0.004999722	0.070765116
9	0.009232845	0.003468243	0.070765116
10	0.007266414	0.001979064	0.070765116
11	0.005424453	0.000538789	0.070765116
12	0.003717533	-0.000845711	0.070765116
13	0.002155331	-0.002167298	0.070765116
14	0.000745965	-0.003417892	0.070765116
15	-0.000516189	-0.004575543	0.070765116
16	-0.001644246	-0.005612605	0.070765116
17	-0.002638504	-0.006517185	0.070765116
18	-0.003488295	-0.007290796	0.070765116
19	-0.004174396	-0.007945367	0.070765116
20	-0.004668918	-0.008498716	0.070765116
21	-0.004923967	-0.008963427	0.070765116
22	-0.004910408	-0.009277795	0.070765116
23	-0.004855310	-0.009369398	0.070765116
24	-0.004779760	-0.009447375	0.070765116
25	-0.004494191	-0.009600155	0.070765116
26	-0.003963307	-0.009696534	0.070765116
27	-0.003210883	-0.009676357	0.070765116
28	-0.002264073	-0.009508289	0.070765116
29	-0.001150689	-0.009163772	0.070765116
30	0.000099422	-0.008619661	0.070765116
31	0.001458809	-0.007865778	0.070765116
32	0.002910693	-0.006911105	0.070765116
33	0.004456252	-0.005785540	0.070765116
34	0.006101641	-0.004518976	0.070765116
35	0.007839287	-0.003120926	0.070765116
36	0.009660343	-0.001599924	0.070765116
37	0.011556119	0.000034509	0.070765116
38	0.013517912	0.001772142	0.070765116
39	0.015536673	0.003602474	0.070765116
40	0.017602882	0.005514976	0.070765116
41	0.019705677	0.007500164	0.070765116
42	0.021832181	0.009550566	0.070765116
43	0.023965513	0.011663208	0.070765116
44	0.026082694	0.013842422	0.070765116
45	0.028155327	0.016109674	0.070765116
1	0.028177130	0.015584747	0.073196512
2	0.025580950	0.014108317	0.073196512
3	0.023052781	0.012564329	0.073196512
4	0.020584572	0.010988597	0.073196512
5	0.018177630	0.009404218	0.073196512
6	0.015838415	0.007827165	0.073196512
7	0.013576650	0.006268588	0.073196512
8	0.011403698	0.004736915	0.073196512
9	0.009331368	0.003239382	0.073196512
10	0.007371362	0.001782697	0.073196512
11	0.005535026	0.000373300	0.073196512
12	0.003832887	-0.000982103	0.073196512
13	0.002274586	-0.002276527	0.073196512
14	0.000868224	-0.003502034	0.073196512
15	-0.000391617	-0.004636794	0.073196512
16	-0.001517652	-0.005653348	0.073196512
17	-0.002510044	-0.006539946	0.073196512
18	-0.003358228	-0.007298201	0.073196512
19	-0.004043270	-0.007940104	0.073196512
20	-0.004537727	-0.008483528	0.073196512
21	-0.004794265	-0.008941354	0.073196512
22	-0.004783512	-0.009252683	0.073196512
23	-0.004729743	-0.009343835	0.073196512
24	-0.004655621	-0.009421676	0.073196512
25	-0.004374255	-0.009575413	0.073196512
26	-0.003849564	-0.009675534	0.073196512
27	-0.003104526	-0.009662282	0.073196512
28	-0.002165731	-0.009504397	0.073196512
29	-0.001060446	-0.009173358	0.073196512
30	0.000181992	-0.008645975	0.073196512
31	0.001534484	-0.007911896	0.073196512
32	0.002980320	-0.006979831	0.073196512
33	0.004520367	-0.005879360	0.073196512
34	0.006160479	-0.004640175	0.073196512
35	0.007893085	-0.003271637	0.073196512
36	0.009709359	-0.001782132	0.073196512
37	0.011600611	-0.000181001	0.073196512
38	0.013558139	0.001521698	0.073196512
39	0.015572897	0.003315649	0.073196512
40	0.017635368	0.005190507	0.073196512
41	0.019734720	0.007136977	0.073196512
42	0.021858143	0.009147773	0.073196512
43	0.023988910	0.011220088	0.073196512
44	0.026104325	0.013358401	0.073196512
45	0.028177130	0.015584747	0.073196512
1	0.028151204	0.015040404	0.075627907
2	0.025572679	0.013603809	0.075627907
3	0.023060748	0.012099900	0.075627907
4	0.020607783	0.010564117	0.075627907
5	0.018215285	0.009019262	0.075627907
6	0.015889781	0.007481060	0.075627907
7	0.013640989	0.005960433	0.075627907
8	0.011480201	0.004465620	0.075627907
9	0.009419163	0.003003657	0.075627907
10	0.007469496	0.001581075	0.075627907
11	0.005642467	0.000204141	0.075627907
12	0.003948539	-0.001120608	0.075627907
13	0.002397299	-0.002386351	0.075627907
14	0.000996817	-0.003585304	0.075627907
15	-0.000258103	-0.004695815	0.075627907
16	-0.001379773	-0.005690654	0.075627907
17	-0.002368237	-0.006558223	0.075627907
18	-0.003213058	-0.007300219	0.075627907
19	-0.003895620	-0.007928666	0.075627907
20	-0.004388967	-0.008461451	0.075627907
21	-0.004646405	-0.008911716	0.075627907
22	-0.004638381	-0.009219480	0.075627907
23	-0.004585998	-0.009310010	0.075627907
24	-0.004513396	-0.009387556	0.075627907
25	-0.004236635	-0.009541873	0.075627907
26	-0.003718965	-0.009645329	0.075627907
27	-0.002982560	-0.009638683	0.075627907
28	-0.002053416	-0.009490811	0.075627907
29	-0.000958225	-0.009173293	0.075627907
30	0.000274225	-0.008662946	0.075627907
31	0.001617237	-0.007949281	0.075627907
32	0.003054200	-0.007040735	0.075627907
33	0.004585698	-0.005966529	0.075627907
34	0.006217276	-0.004756089	0.075627907
35	0.007941376	-0.003418610	0.075627907
36	0.009749214	-0.001962315	0.075627907
37	0.011632118	-0.000396356	0.075627907
38	0.013581405	0.001269399	0.075627907
39	0.015588048	0.003024828	0.075627907
40	0.017642555	0.004859789	0.075627907
41	0.019734144	0.006765187	0.075627907
42	0.021850097	0.008733927	0.075627907
43	0.023973865	0.010763373	0.075627907
44	0.026083069	0.012858134	0.075627907
45	0.028151204	0.015040404	0.075627907
1	0.028101932	0.014492986	0.078059302
2	0.025544039	0.013096533	0.078059302
3	0.023051299	0.011633085	0.078059302
4	0.020616492	0.010137685	0.078059302
5	0.018241299	0.008632824	0.078059302
6	0.015932301	0.007133966	0.078059302
7	0.013699193	0.005651799	0.078059302
8	0.011553186	0.004194374	0.078059302
9	0.009505946	0.002768524	0.078059302
10	0.007569000	0.001380601	0.078059302
11	0.005753525	0.000036695	0.078059302
12	0.004069906	-0.001256827	0.078059302
13	0.002527666	-0.002493310	0.078059302
14	0.001134835	-0.003665137	0.078059302
15	-0.000113551	-0.004750862	0.078059302
16	-0.001229407	-0.005723509	0.078059302
17	-0.002212670	-0.006571638	0.078059302
18	-0.003053043	-0.007297022	0.078059302
19	-0.003732244	-0.007911693	0.078059302
20	-0.004223819	-0.008433529	0.078059302
21	-0.004481754	-0.008875907	0.078059302
22	-0.004476356	-0.009179818	0.078059302
23	-0.004425373	-0.009269622	0.078059302
24	-0.004354327	-0.009346772	0.078059302
25	-0.004082363	-0.009501412	0.078059302
26	-0.003572150	-0.009607890	0.078059302
27	-0.002845064	-0.009607550	0.078059302
28	-0.001926495	-0.009469446	0.078059302
29	-0.000842544	-0.009165296	0.078059302
30	0.000378568	-0.008671962	0.078059302
31	0.001710566	-0.007978837	0.078059302
32	0.003136964	-0.007094088	0.078059302
33	0.004658073	-0.006046548	0.078059302
34	0.006279132	-0.004865341	0.078059302
35	0.007992605	-0.003559489	0.078059302
36	0.009789761	-0.002137048	0.078059302
37	0.011661957	-0.000606976	0.078059302
38	0.013600537	0.001021056	0.078059302
39	0.015596509	0.002737127	0.078059302
40	0.017640417	0.004531304	0.078059302
41	0.019721544	0.006394695	0.078059302
42	0.021827273	0.008320400	0.078059302
43	0.023941252	0.010305951	0.078059302
44	0.026041431	0.012356078	0.078059302
45	0.028101932	0.014492986	0.078059302
1	0.028032317	0.013945419	0.080490698
2	0.025497687	0.012589146	0.080490698
3	0.023026753	0.011166270	0.080490698
4	0.020612690	0.009711410	0.080490698
5	0.018257343	0.008246735	0.080490698
6	0.015967336	0.006787438	0.080490698
7	0.013752325	0.005343973	0.080490698
8	0.011623431	0.003924198	0.080490698
9	0.009592225	0.002534744	0.080490698
10	0.007670127	0.001181782	0.080490698
11	0.005868214	-0.000128772	0.080490698
12	0.004196786	-0.001390727	0.080490698
13	0.002665288	-0.002597596	0.080490698
14	0.001281704	-0.003741931	0.080490698
15	0.000041299	-0.004802517	0.080490698
16	-0.001067447	-0.005752658	0.080490698
17	-0.002044369	-0.006581078	0.080490698
18	-0.002879322	-0.007289617	0.080490698
19	-0.003554366	-0.007890301	0.080490698
20	-0.004043558	-0.008400975	0.080490698
21	-0.004301595	-0.008835222	0.080490698
22	-0.004298689	-0.009135037	0.080490698
23	-0.004249105	-0.009224019	0.080490698
24	-0.004179637	-0.009300681	0.080490698
25	-0.003912620	-0.009455403	0.080490698
26	-0.003410226	-0.009564600	0.080490698
27	-0.002693041	-0.009570260	0.080490698
28	-0.001785840	-0.009441655	0.080490698
29	-0.000714122	-0.009150677	0.080490698
30	0.000494474	-0.008674262	0.080490698
31	0.001814115	-0.008001705	0.080490698
32	0.003228452	-0.007140894	0.080490698
33	0.004737528	-0.006120242	0.080490698
34	0.006346287	-0.004968553	0.080490698
35	0.008047226	-0.003694671	0.080490698
36	0.009831673	-0.002306483	0.080490698
37	0.011691024	-0.000812746	0.080490698
38	0.013616665	0.000777070	0.080490698
39	0.015599644	0.002453250	0.080490698
40	0.017630556	0.004206071	0.080490698
41	0.019698757	0.006026849	0.080490698
42	0.021791750	0.007908879	0.080490698
43	0.023893390	0.009849855	0.080490698
44	0.025981971	0.011854622	0.080490698
45	0.028032317	0.013945419	0.080490698
1	0.027932604	0.013392556	0.082922093
2	0.025424518	0.012076726	0.082922093
3	0.022978640	0.010694780	0.082922093
4	0.020588529	0.009280872	0.082922093
5	0.018256182	0.007856829	0.082922093
6	0.015988249	0.006437565	0.082922093
7	0.013794333	0.005033293	0.082922093
8	0.011685445	0.003651675	0.082922093
9	0.009673049	0.002299139	0.082922093
10	0.007768443	0.000981675	0.082922093
11	0.005982591	-0.000294980	0.082922093
12	0.004325689	-0.001524810	0.082922093
13	0.002807097	-0.002701501	0.082922093
14	0.001434738	-0.003817774	0.082922093
15	0.000204098	-0.004852669	0.082922093
16	-0.000895944	-0.005779805	0.082922093
17	-0.001865127	-0.006588084	0.082922093
18	-0.002693462	-0.007279409	0.082922093
19	-0.003363364	-0.007865782	0.082922093
20	-0.003849422	-0.008364987	0.082922093
21	-0.004107078	-0.008790774	0.082922093
22	-0.004106521	-0.009086177	0.082922093
23	-0.004058349	-0.009174223	0.082922093
24	-0.003990501	-0.009250286	0.082922093
25	-0.003728650	-0.009404814	0.082922093
26	-0.003234565	-0.009516404	0.082922093
27	-0.002528045	-0.009527752	0.082922093
28	-0.001633235	-0.009408394	0.082922093
29	-0.000575021	-0.009130437	0.082922093
30	0.000619562	-0.008670929	0.082922093
31	0.001925142	-0.008019084	0.082922093
32	0.003325527	-0.007182506	0.082922093
33	0.004820501	-0.006189155	0.082922093
34	0.006414720	-0.005067485	0.082922093
35	0.008100730	-0.003826160	0.082922093
36	0.009869929	-0.002472890	0.082922093
37	0.011713764	-0.001016228	0.082922093
38	0.013623675	0.000534564	0.082922093
39	0.015590768	0.002169983	0.082922093
40	0.017605698	0.003880525	0.082922093
41	0.019657915	0.005657715	0.082922093
42	0.021735053	0.007495045	0.082922093
43	0.023821193	0.009390368	0.082922093
44	0.025894995	0.011348627	0.082922093
45	0.027932604	0.013392556	0.082922093
1	0.027791020	0.012827960	0.085353488
2	0.025313587	0.011553111	0.085353488
3	0.022896815	0.010212762	0.085353488
4	0.020534641	0.008840553	0.085353488
5	0.018229201	0.007457939	0.085353488
6	0.015987155	0.006079531	0.085353488
7	0.013818038	0.004715292	0.085353488
8	0.011732734	0.003372683	0.085353488
9	0.009742577	0.002057923	0.085353488
10	0.007858731	0.000776818	0.085353488
11	0.006092022	-0.000465073	0.085353488
12	0.004452530	-0.001661915	0.085353488
13	0.002949512	-0.002807569	0.085353488
14	0.001590814	-0.003894932	0.085353488
15	0.000372134	-0.004903317	0.085353488
16	-0.000717248	-0.005806705	0.085353488
17	-0.001676973	-0.006594200	0.085353488
18	-0.002497219	-0.007267765	0.085353488
19	-0.003160775	-0.007839352	0.085353488
20	-0.003642782	-0.008326644	0.085353488
21	-0.003899488	-0.008743520	0.085353488
22	-0.003901141	-0.009034110	0.085353488
23	-0.003854412	-0.009121081	0.085353488
24	-0.003788244	-0.009196416	0.085353488
25	-0.003531848	-0.009350439	0.085353488
26	-0.003046686	-0.009464058	0.085353488
27	-0.002351773	-0.009480758	0.085353488
28	-0.001470612	-0.009370387	0.085353488
29	-0.000427456	-0.009105315	0.085353488
30	0.000751284	-0.008662742	0.085353488
31	0.002040726	-0.008031834	0.085353488
32	0.003424862	-0.007219912	0.085353488
33	0.004903233	-0.006254448	0.085353488
34	0.006480217	-0.005163507	0.085353488
35	0.008148417	-0.003955563	0.085353488
36	0.009899321	-0.002638143	0.085353488
37	0.011724442	-0.001219588	0.085353488
38	0.013615288	0.000291055	0.085353488
39	0.015563040	0.001884506	0.085353488
40	0.017558431	0.003551484	0.085353488
41	0.019591020	0.005283733	0.085353488
42	0.021648596	0.007074944	0.085353488
43	0.023715485	0.008923124	0.085353488
44	0.025770738	0.010833296	0.085353488
45	0.027791020	0.012827960	0.085353488
1	0.027603596	0.012249799	0.087784884
2	0.025161106	0.011016536	0.087784884
3	0.022777673	0.009718521	0.087784884
4	0.020447603	0.008388822	0.087784884
5	0.018173159	0.007048493	0.087784884
6	0.015960996	0.005711825	0.087784884
7	0.013820556	0.004388520	0.087784884
8	0.011762582	0.003085830	0.087784884
9	0.009798257	0.001809766	0.087784884
10	0.007938586	0.000565946	0.087784884
11	0.006194246	-0.000640256	0.087784884
12	0.004575181	-0.001803184	0.087784884
13	0.003090525	-0.002916881	0.087784884
14	0.001748035	-0.003974425	0.087784884
15	0.000543612	-0.004955432	0.087784884
16	-0.000533055	-0.005834293	0.087784884
17	-0.001481516	-0.006600330	0.087784884
18	-0.002292129	-0.007255557	0.087784884
19	-0.002948077	-0.007811851	0.087784884
20	-0.003425080	-0.008286761	0.087784884
21	-0.003680254	-0.008694240	0.087784884
22	-0.003683985	-0.008979592	0.087784884
23	-0.003638729	-0.009065341	0.087784884
24	-0.003574308	-0.009139810	0.087784884
25	-0.003323679	-0.009292987	0.087784884
26	-0.002848107	-0.009408244	0.087784884
27	-0.002165822	-0.009429939	0.087784884
28	-0.001299669	-0.009328284	0.087784884
29	-0.000273250	-0.009075966	0.087784884
30	0.000887676	-0.008650386	0.087784884
31	0.002158747	-0.008040691	0.087784884
32	0.003524171	-0.007253923	0.087784884
33	0.004983262	-0.006317028	0.087784884
34	0.006540125	-0.005257632	0.087784884
35	0.008187435	-0.004084011	0.087784884
36	0.009916786	-0.002803505	0.087784884
37	0.011719773	-0.001424232	0.087784884
38	0.013587992	0.000044985	0.087784884
39	0.015512711	0.001595096	0.087784884
40	0.017484765	0.003217057	0.087784884
41	0.019493838	0.004902835	0.087784884
42	0.021527896	0.006646324	0.087784884
43	0.023571534	0.008445678	0.087784884
44	0.025604224	0.010305984	0.087784884
45	0.027603596	0.012249799	0.087784884
1	0.027376493	0.011662587	0.090216279
2	0.024972641	0.010471194	0.090216279
3	0.022626198	0.009215914	0.090216279
4	0.020331832	0.007929200	0.090216279
5	0.018091916	0.006631675	0.090216279
6	0.015913086	0.005337296	0.090216279
7	0.013804676	0.004055496	0.090216279
8	0.011777268	0.002793316	0.090216279
9	0.009841879	0.001556555	0.090216279
10	0.008009340	0.000350641	0.090216279
11	0.006290158	-0.000819233	0.090216279
12	0.004694128	-0.001947601	0.090216279
13	0.003230249	-0.003028685	0.090216279
14	0.001906174	-0.004055754	0.090216279
15	0.000718013	-0.005008762	0.090216279
16	-0.000344144	-0.005862542	0.090216279
17	-0.001279762	-0.006606642	0.090216279
18	-0.002079396	-0.007243120	0.090216279
19	-0.002726636	-0.007783752	0.090216279
20	-0.003197807	-0.008245916	0.090216279
21	-0.003450938	-0.008643611	0.090216279
22	-0.003456614	-0.008923372	0.090216279
23	-0.003412849	-0.009007770	0.090216279
24	-0.003350218	-0.009081249	0.090216279
25	-0.003105593	-0.009233264	0.090216279
26	-0.002640144	-0.009349770	0.090216279
27	-0.001971328	-0.009376078	0.090216279
28	-0.001121319	-0.009282816	0.090216279
29	-0.000113050	-0.009043031	0.090216279
30	0.001028390	-0.008634371	0.090216279
31	0.002279188	-0.008045995	0.090216279
32	0.003623790	-0.007284664	0.090216279
33	0.005061306	-0.006376768	0.090216279
34	0.006595571	-0.005349456	0.090216279
35	0.008219346	-0.004210795	0.090216279
36	0.009924342	-0.002967931	0.090216279
37	0.011702252	-0.001628754	0.090216279
38	0.013544774	-0.000201857	0.090216279
39	0.015443281	0.001303949	0.090216279
40	0.017388721	0.002879861	0.090216279
41	0.019370924	0.004518077	0.090216279
42	0.021378046	0.006212692	0.090216279
43	0.023394977	0.007962007	0.090216279
44	0.025401629	0.009771149	0.090216279
45	0.027376493	0.011662587	0.090216279
1	0.027121322	0.011073840	0.092647674
2	0.024758770	0.009924123	0.092647674
3	0.022451959	0.008711469	0.092647674
4	0.020195907	0.007467688	0.092647674
5	0.017993088	0.006212956	0.092647674
6	0.015850104	0.004960884	0.092647674
7	0.013776169	0.003720637	0.092647674
8	0.011781691	0.002499040	0.092647674
9	0.009877507	0.001301683	0.092647674
10	0.008074263	0.000133806	0.092647674
11	0.006382288	-0.000999585	0.092647674
12	0.004811211	-0.002093207	0.092647674
13	0.003369891	-0.003141468	0.092647674
14	0.002065867	-0.004137827	0.092647674
15	0.000895456	-0.005062606	0.092647674
16	-0.000150853	-0.005891104	0.092647674
17	-0.001072457	-0.006613097	0.092647674
18	-0.001860111	-0.007230676	0.092647674
19	-0.002497826	-0.007755498	0.092647674
20	-0.002962541	-0.008204746	0.092647674
21	-0.003213235	-0.008592430	0.092647674
22	-0.003220734	-0.008866363	0.092647674
23	-0.003178461	-0.008949320	0.092647674
24	-0.003117641	-0.009021718	0.092647674
25	-0.002879155	-0.009172325	0.092647674
26	-0.002424168	-0.009289749	0.092647674
27	-0.001769377	-0.009320311	0.092647674
28	-0.000936282	-0.009235089	0.092647674
29	0.000052854	-0.009007525	0.092647674
30	0.001173624	-0.008615544	0.092647674
31	0.002402780	-0.008048343	0.092647674
32	0.003725029	-0.007312413	0.092647674
33	0.005139294	-0.006433572	0.092647674
34	0.006649147	-0.005438457	0.092647674
35	0.008247444	-0.004334922	0.092647674
36	0.009926020	-0.003129915	0.092647674
37	0.011676683	-0.001831098	0.092647674
38	0.013491238	-0.000446827	0.092647674
39	0.015361178	0.001014326	0.092647674
40	0.017277576	0.002543807	0.092647674
41	0.019230417	0.004134041	0.092647674
42	0.021208065	0.005779329	0.092647674
43	0.023195712	0.007478108	0.092647674
44	0.025173729	0.009235536	0.092647674
45	0.027121322	0.011073840	0.092647674
1	0.026849783	0.010490678	0.095079070
2	0.024530144	0.009381975	0.095079070
3	0.022264586	0.008211343	0.095079070
4	0.020048461	0.007009932	0.095079070
5	0.017884332	0.005797462	0.095079070
6	0.015778759	0.004587198	0.095079070
7	0.013740827	0.003388034	0.095079070
8	0.011780761	0.002206584	0.095079070
9	0.009909212	0.001048231	0.095079070
10	0.008136633	-0.000081973	0.095079070
11	0.006473165	-0.001179202	0.095079070
12	0.004928271	-0.002238356	0.095079070
13	0.003510655	-0.003254027	0.095079070
14	0.002227742	-0.004219866	0.095079070
15	0.001076052	-0.005116578	0.095079070
16	0.000046461	-0.005919939	0.095079070
17	-0.000860364	-0.006619957	0.095079070
18	-0.001635388	-0.007218748	0.095079070
19	-0.002263042	-0.007727835	0.095079070
20	-0.002720883	-0.008164187	0.095079070
21	-0.002968856	-0.008541801	0.095079070
22	-0.002978066	-0.008809790	0.095079070
23	-0.002937270	-0.008891252	0.095079070
24	-0.002878258	-0.008962513	0.095079070
25	-0.002645950	-0.009111543	0.095079070
26	-0.002201571	-0.009229625	0.095079070
27	-0.001561077	-0.009264117	0.095079070
28	-0.000745304	-0.009186566	0.095079070
29	0.000224153	-0.008970829	0.095079070
30	0.001323564	-0.008595132	0.095079070
31	0.002530252	-0.008048732	0.095079070
32	0.003829199	-0.007337860	0.095079070
33	0.005219161	-0.006487762	0.095079070
34	0.006703454	-0.005524541	0.095079070
35	0.008275034	-0.004455833	0.095079070
36	0.009925870	-0.003288392	0.095079070
37	0.011647887	-0.002029649	0.095079070
38	0.013433010	-0.000687728	0.095079070
39	0.015272857	0.000729043	0.095079070
40	0.017158631	0.002212352	0.095079070
41	0.019080486	0.003754858	0.095079070
42	0.021026996	0.005351060	0.095079070
43	0.022983665	0.006999529	0.095079070
44	0.024931325	0.008705441	0.095079070
45	0.026849783	0.010490678	0.095079070
1	0.026569534	0.009917056	0.097510465
2	0.024293684	0.008848409	0.097510465
3	0.022070282	0.007718869	0.097510465
4	0.019894997	0.006558925	0.097510465
5	0.017770470	0.005387841	0.097510465
6	0.015703210	0.004218537	0.097510465
7	0.013702165	0.003059641	0.097510465
8	0.011777377	0.001917560	0.097510465
9	0.009939304	0.000797473	0.097510465
10	0.008198199	-0.000295748	0.097510465
11	0.006564017	-0.001357457	0.097510465
12	0.005046045	-0.002382733	0.097510465
13	0.003652835	-0.003366347	0.097510465
14	0.002391688	-0.004302141	0.097510465
15	0.001259329	-0.005171215	0.097510465
16	0.000247002	-0.005949824	0.097510465
17	-0.000644566	-0.006628206	0.097510465
18	-0.001406553	-0.007208498	0.097510465
19	-0.002023806	-0.007702078	0.097510465
20	-0.002474497	-0.008125689	0.097510465
21	-0.002719533	-0.008493296	0.097510465
22	-0.002730331	-0.008755305	0.097510465
23	-0.002690983	-0.008835243	0.097510465
24	-0.002633757	-0.008905332	0.097510465
25	-0.002407595	-0.009052658	0.097510465
26	-0.001973834	-0.009171176	0.097510465
27	-0.001347715	-0.009209291	0.097510465
28	-0.000549419	-0.009139031	0.097510465
29	0.000400111	-0.008934683	0.097510465
30	0.001477819	-0.008574788	0.097510465
31	0.002661595	-0.008048677	0.097510465
32	0.003936704	-0.007362333	0.097510465
33	0.005301749	-0.006540429	0.097510465
34	0.006759803	-0.005608524	0.097510465
35	0.008303922	-0.004574040	0.097510465
36	0.009926214	-0.003443537	0.097510465
37	0.011618727	-0.002224220	0.097510465
38	0.013373509	-0.000923979	0.097510465
39	0.015182309	0.000449094	0.097510465
40	0.017036469	0.001886932	0.097510465
41	0.018926310	0.003382419	0.097510465
42	0.020840623	0.004930252	0.097510465
43	0.022765226	0.006529125	0.097510465
44	0.024681410	0.008184228	0.097510465
45	0.026569534	0.009917056	0.097510465
1	0.026284502	0.009354339	0.099941860
2	0.024052874	0.008324624	0.099941860
3	0.021872098	0.007235068	0.099941860
4	0.019738143	0.006115499	0.099941860
5	0.017653716	0.004984732	0.099941860
6	0.015625270	0.003855347	0.099941860
7	0.013661611	0.002735713	0.099941860
8	0.011772592	0.001632031	0.099941860
9	0.009968476	0.000549285	0.099941860
10	0.008259319	-0.000507831	0.099941860
11	0.006654882	-0.001534841	0.099941860
12	0.005164279	-0.002527004	0.099941860
13	0.003795903	-0.003479263	0.099941860
14	0.002556935	-0.004385650	0.099941860
15	0.001444291	-0.005227664	0.099941860
16	0.000449578	-0.005982041	0.099941860
17	-0.000426431	-0.006639246	0.099941860
18	-0.001175121	-0.007201428	0.099941860
19	-0.001781755	-0.007679815	0.099941860
20	-0.002225105	-0.008090916	0.099941860
21	-0.002467034	-0.008448647	0.099941860
22	-0.002479297	-0.008704690	0.099941860
23	-0.002441361	-0.008783089	0.099941860
24	-0.002385886	-0.008851980	0.099941860
25	-0.002165794	-0.008997504	0.099941860
26	-0.001742582	-0.009116257	0.099941860
27	-0.001130800	-0.009157698	0.099941860
28	-0.000349989	-0.009094345	0.099941860
29	0.000579547	-0.008900922	0.099941860
30	0.001635412	-0.008556296	0.099941860
31	0.002796059	-0.008049882	0.099941860
32	0.004047040	-0.007387428	0.099941860
33	0.005386818	-0.006593034	0.099941860
34	0.006818232	-0.005691715	0.099941860
35	0.008334444	-0.004690678	0.099941860
36	0.009927703	-0.003596294	0.099941860
37	0.011590180	-0.002415547	0.099941860
38	0.013314055	-0.001156099	0.099941860
39	0.015091206	0.000174196	0.099941860
40	0.016913118	0.001567506	0.099941860
41	0.018770286	0.003016937	0.099941860
42	0.020651717	0.004517380	0.099941860
43	0.022543541	0.006067647	0.099941860
44	0.024427508	0.007672934	0.099941860
45	0.026284502	0.009354339	0.099941860
1	0.025997514	0.008803646	0.102373256
2	0.023810182	0.007811604	0.102373256
3	0.021672150	0.006760778	0.102373256
4	0.019579667	0.005680347	0.102373256
5	0.017535501	0.004588680	0.102373256
6	0.015546037	0.003498024	0.102373256
7	0.013619939	0.002416493	0.102373256
8	0.011766873	0.001350092	0.102373256
9	0.009996903	0.000303615	0.102373256
10	0.008319887	-0.000718417	0.102373256
11	0.006745393	-0.001711694	0.102373256
12	0.005282360	-0.002671645	0.102373256
13	0.003939024	-0.003593385	0.102373256
14	0.002722440	-0.004471129	0.102373256
15	0.001629714	-0.005286776	0.102373256
16	0.000652794	-0.006017541	0.102373256
17	-0.000207500	-0.006654112	0.102373256
18	-0.000942762	-0.007198650	0.102373256
19	-0.001538659	-0.007662224	0.102373256
20	-0.001974554	-0.008061103	0.102373256
21	-0.002213258	-0.008409135	0.102373256
22	-0.002226880	-0.008659266	0.102373256
23	-0.002190315	-0.008736124	0.102373256
24	-0.002136554	-0.008803809	0.102373256
25	-0.001922428	-0.008947461	0.102373256
26	-0.001509632	-0.009066279	0.102373256
27	-0.000912054	-0.009110768	0.102373256
28	-0.000148614	-0.009053937	0.102373256
29	0.000761008	-0.008870950	0.102373256
30	0.001795057	-0.008541009	0.102373256
31	0.002932542	-0.008053626	0.102373256
32	0.004159303	-0.007414324	0.102373256
33	0.005473681	-0.006646641	0.102373256
34	0.006878288	-0.005775049	0.102373256
35	0.008366395	-0.004806542	0.102373256
36	0.009930392	-0.003747307	0.102373256
37	0.011562580	-0.002604110	0.102373256
38	0.013255265	-0.001384391	0.102373256
39	0.015000463	-0.000095775	0.102373256
40	0.016789804	0.001254140	0.102373256
41	0.018613953	0.002658676	0.102373256
42	0.020462136	0.004112910	0.102373256
43	0.022320794	0.005615769	0.102373256
44	0.024172123	0.007172449	0.102373256
45	0.025997514	0.008803646	0.102373256
1	0.025712817	0.008267924	0.104804651
2	0.023569376	0.007312093	0.104804651
3	0.021473729	0.006298541	0.104804651
4	0.019422393	0.005255800	0.104804651
5	0.017418185	0.004201805	0.104804651
6	0.015467424	0.003148478	0.104804651
7	0.013578629	0.002103686	0.104804651
8	0.011761278	0.001073244	0.104804651
9	0.010025240	0.000061764	0.104804651
10	0.008380178	-0.000926400	0.104804651
11	0.006835466	-0.001887098	0.104804651
12	0.005399871	-0.002815924	0.104804651
13	0.004081471	-0.003708158	0.104804651
14	0.002887197	-0.004558193	0.104804651
15	0.001814336	-0.005348323	0.104804651
16	0.000855165	-0.006056240	0.104804651
17	0.000010543	-0.006672846	0.104804651
18	-0.000711328	-0.007200309	0.104804651
19	-0.001296511	-0.007649539	0.104804651
20	-0.001724943	-0.008036558	0.104804651
21	-0.001960367	-0.008375137	0.104804651
22	-0.001975258	-0.008619464	0.104804651
23	-0.001940021	-0.008694797	0.104804651
24	-0.001887923	-0.008761280	0.104804651
25	-0.001679614	-0.008903023	0.104804651
26	-0.001277010	-0.009021758	0.104804651
27	-0.000693372	-0.009069022	0.104804651
28	0.000052979	-0.009018312	0.104804651
29	0.000942962	-0.008845229	0.104804651
30	0.001955449	-0.008529316	0.104804651
31	0.003069989	-0.008060193	0.104804651
32	0.004272711	-0.007443172	0.104804651
33	0.005561849	-0.006701251	0.104804651
34	0.006939801	-0.005858355	0.104804651
35	0.008399944	-0.004921271	0.104804651
36	0.009934809	-0.003896006	0.104804651
37	0.011536826	-0.002789118	0.104804651
38	0.013198433	-0.001607829	0.104804651
39	0.014911779	-0.000359542	0.104804651
40	0.016668639	0.000948371	0.104804651
41	0.018459849	0.002309443	0.104804651
42	0.020274852	0.003718930	0.104804651
43	0.022100391	0.005175869	0.104804651
44	0.023919104	0.006685446	0.104804651
45	0.025712817	0.008267924	0.104804651
1	0.025437340	0.007752394	0.107236047
2	0.023336674	0.006831054	0.107236047
3	0.021282354	0.005853041	0.107236047
4	0.019271149	0.004846263	0.107236047
5	0.017305922	0.003828230	0.107236047
6	0.015392924	0.002810550	0.107236047
7	0.013540532	0.001800853	0.107236047
8	0.011758041	0.000804772	0.107236047
9	0.010055131	-0.000173255	0.107236047
10	0.008441270	-0.001129033	0.107236047
11	0.006925648	-0.002058566	0.107236047
12	0.005516863	-0.002957604	0.107236047
13	0.004222838	-0.003821584	0.107236047
14	0.003050386	-0.004645075	0.107236047
15	0.001996968	-0.005410763	0.107236047
16	0.001055174	-0.006096797	0.107236047
17	0.000225893	-0.006694287	0.107236047
18	-0.000482872	-0.007205397	0.107236047
19	-0.001057563	-0.007640878	0.107236047
20	-0.001478676	-0.008016510	0.107236047
21	-0.001710855	-0.008345980	0.107236047
22	-0.001726932	-0.008584685	0.107236047
23	-0.001692966	-0.008658534	0.107236047
24	-0.001642462	-0.008723840	0.107236047
25	-0.001439745	-0.008863673	0.107236047
26	-0.001046978	-0.008982205	0.107236047
27	-0.000476827	-0.009031979	0.107236047
28	0.000252956	-0.008986974	0.107236047
29	0.001123869	-0.008823223	0.107236047
30	0.002115380	-0.008520603	0.107236047
31	0.003207565	-0.008068851	0.107236047
32	0.004386838	-0.007473086	0.107236047
33	0.005651337	-0.006755779	0.107236047
34	0.007003256	-0.005940320	0.107236047
35	0.008436075	-0.005033297	0.107236047
36	0.009942465	-0.004040544	0.107236047
37	0.011514982	-0.002968417	0.107236047
38	0.013146190	-0.001823931	0.107236047
39	0.014828373	-0.000614272	0.107236047
40	0.016553446	0.000653401	0.107236047
41	0.018312415	0.001972825	0.107236047
42	0.020094931	0.003339426	0.107236047
43	0.021888035	0.004752339	0.107236047
44	0.023674787	0.006216740	0.107236047
45	0.025437340	0.007752394	0.107236047
1	0.025179511	0.007262216	0.109667442
2	0.023119666	0.006373395	0.109667442
3	0.021104791	0.005428916	0.109667442
4	0.019131892	0.004456089	0.109667442
5	0.017203876	0.003472015	0.109667442
6	0.015326929	0.002488004	0.109667442
7	0.013509293	0.001511462	0.109667442
8	0.011760087	0.000547848	0.109667442
9	0.010088809	-0.000398563	0.109667442
10	0.008504746	-0.001323727	0.109667442
11	0.007016908	-0.002223792	0.109667442
12	0.005633733	-0.003094656	0.109667442
13	0.004362996	-0.003931908	0.109667442
14	0.003211399	-0.004730283	0.109667442
15	0.002176571	-0.005472848	0.109667442
16	0.001251395	-0.006138187	0.109667442
17	0.000436786	-0.006717597	0.109667442
18	-0.000259447	-0.007213238	0.109667442
19	-0.000824107	-0.007635708	0.109667442
20	-0.001238219	-0.008000550	0.109667442
21	-0.001467284	-0.008321373	0.109667442
22	-0.001484479	-0.008554732	0.109667442
23	-0.001451714	-0.008627168	0.109667442
24	-0.001402721	-0.008691349	0.109667442
25	-0.001205307	-0.008829341	0.109667442
26	-0.000821879	-0.008947627	0.109667442
27	-0.000264550	-0.008999708	0.109667442
28	0.000449470	-0.008960024	0.109667442
29	0.001302220	-0.008805020	0.109667442
30	0.002273736	-0.008514898	0.109667442
31	0.003344594	-0.008079512	0.109667442
32	0.004501482	-0.007503799	0.109667442
33	0.005742453	-0.006809740	0.109667442
34	0.007069510	-0.006020210	0.109667442
35	0.008476230	-0.005141601	0.109667442
36	0.009955415	-0.004179585	0.109667442
37	0.011499743	-0.003140329	0.109667442
38	0.013101901	-0.002030649	0.109667442
39	0.014754300	-0.000857530	0.109667442
40	0.016448990	0.000372076	0.109667442
41	0.018177137	0.001652094	0.109667442
42	0.019928596	0.002978113	0.109667442
43	0.021690686	0.004349359	0.109667442
44	0.023446875	0.005770990	0.109667442
45	0.025179511	0.007262216	0.109667442
1	0.024947878	0.006800133	0.112098837
2	0.022926056	0.005941663	0.112098837
3	0.020947916	0.005028484	0.112098837
4	0.019010692	0.004087345	0.112098837
5	0.017117329	0.003134969	0.112098837
6	0.015273953	0.002182384	0.112098837
7	0.013488682	0.001236789	0.112098837
8	0.011770470	0.000303481	0.112098837
9	0.010128647	-0.000613421	0.112098837
10	0.008572328	-0.001510010	0.112098837
11	0.007110360	-0.002382570	0.112098837
12	0.005751028	-0.003227140	0.112098837
13	0.004501973	-0.004039448	0.112098837
14	0.003369790	-0.004814384	0.112098837
15	0.002352273	-0.005535379	0.112098837
16	0.001442573	-0.006181413	0.112098837
17	0.000641626	-0.006743957	0.112098837
18	-0.000042937	-0.007225168	0.112098837
19	-0.000598259	-0.007635498	0.112098837
20	-0.001005855	-0.007990274	0.112098837
21	-0.001232027	-0.008303033	0.112098837
22	-0.001250276	-0.008531408	0.112098837
23	-0.001218642	-0.008602525	0.112098837
24	-0.001171064	-0.008665665	0.112098837
25	-0.000978609	-0.008801965	0.112098837
26	-0.000603895	-0.008920060	0.112098837
27	-0.000058516	-0.008974334	0.112098837
28	0.000640818	-0.008939647	0.112098837
29	0.001476652	-0.008792824	0.112098837
30	0.002429547	-0.008514367	0.112098837
31	0.003480542	-0.008094241	0.112098837
32	0.004616582	-0.007537226	0.112098837
33	0.005835649	-0.006864853	0.112098837
34	0.007139561	-0.006099510	0.112098837
35	0.008521985	-0.005247407	0.112098837
36	0.009975848	-0.004314065	0.112098837
37	0.011493939	-0.003305472	0.112098837
38	0.013069060	-0.002228260	0.112098837
39	0.014693740	-0.001089227	0.112098837
40	0.016360156	0.000104868	0.112098837
41	0.018059622	0.001348127	0.112098837
42	0.019782181	0.002636290	0.112098837
43	0.021515415	0.003968668	0.112098837
44	0.023243167	0.005350404	0.112098837
45	0.024947878	0.006800133	0.112098837
1	0.024750182	0.006365667	0.114530233
2	0.022762822	0.005535203	0.114530233
3	0.020817974	0.004650873	0.114530233
4	0.018913073	0.003738925	0.114530233
5	0.017051103	0.002815740	0.114530233
6	0.015238137	0.001892091	0.114530233
7	0.013482175	0.000974985	0.114530233
8	0.011792028	0.000069572	0.114530233
9	0.010176869	-0.000820170	0.114530233
10	0.008645661	-0.001690465	0.114530233
11	0.007207099	-0.002537721	0.114530233
12	0.005869333	-0.003358108	0.114530233
13	0.004639883	-0.004147482	0.114530233
14	0.003525248	-0.004900878	0.114530233
15	0.002523378	-0.005602063	0.114530233
16	0.001627669	-0.006230372	0.114530233
17	0.000839075	-0.006777430	0.114530233
18	0.000165059	-0.007245387	0.114530233
19	-0.000381826	-0.007644569	0.114530233
20	-0.000783544	-0.007990112	0.114530233
21	-0.001007124	-0.008295493	0.114530233
22	-0.001026380	-0.008519326	0.114530233
23	-0.000995785	-0.008589258	0.114530233
24	-0.000949513	-0.008651462	0.114530233
25	-0.000761609	-0.008786275	0.114530233
26	-0.000394862	-0.008904297	0.114530233
27	0.000139623	-0.008960705	0.114530233
28	0.000825596	-0.008930729	0.114530233
29	0.001646060	-0.008791529	0.114530233
30	0.002582055	-0.008523874	0.114530233
31	0.003615042	-0.008117829	0.114530233
32	0.004732199	-0.007578033	0.114530233
33	0.005931443	-0.006925618	0.114530233
34	0.007214418	-0.006182525	0.114530233
35	0.008574872	-0.005354793	0.114530233
36	0.010005842	-0.004447806	0.114530233
37	0.011500220	-0.003467387	0.114530233
38	0.013050910	-0.002420004	0.114530233
39	0.014650549	-0.001312277	0.114530233
40	0.016291425	-0.000150792	0.114530233
41	0.017964989	0.001058718	0.114530233
42	0.019661451	0.002312131	0.114530233
43	0.021368631	0.003608842	0.114530233
44	0.023070716	0.004953988	0.114530233
45	0.024750182	0.006365667	0.114530233
1	0.024593767	0.005959002	0.116961628
2	0.022636581	0.005153937	0.116961628
3	0.020720872	0.004295714	0.116961628
4	0.018844253	0.003410151	0.116961628
5	0.017009742	0.002513334	0.116961628
6	0.015223366	0.001615814	0.116961628
7	0.013493024	0.000724428	0.116961628
8	0.011827396	-0.000155805	0.116961628
9	0.010235523	-0.001021038	0.116961628
10	0.008726233	-0.001867612	0.116961628
11	0.007308088	-0.002692048	0.116961628
12	0.005989121	-0.003490636	0.116961628
13	0.004776744	-0.004259347	0.116961628
14	0.003677376	-0.004993350	0.116961628
15	0.002689117	-0.005676715	0.116961628
16	0.001805581	-0.006289087	0.116961628
17	0.001027735	-0.006822216	0.116961628
18	0.000362897	-0.007278251	0.116961628
19	-0.000176658	-0.007667407	0.116961628
20	-0.000573293	-0.008004661	0.116961628
21	-0.000794686	-0.008303448	0.116961628
22	-0.000814902	-0.008523262	0.116961628
23	-0.000785266	-0.008592149	0.116961628
24	-0.000740177	-0.008653547	0.116961628
25	-0.000556358	-0.008787131	0.116961628
26	-0.000196700	-0.008905240	0.116961628
27	0.000328137	-0.008963736	0.116961628
28	0.001002314	-0.008938166	0.116961628
29	0.001809245	-0.008805978	0.116961628
30	0.002730395	-0.008548167	0.116961628
31	0.003747597	-0.008154885	0.116961628
32	0.004848239	-0.007630649	0.116961628
33	0.006030176	-0.006996249	0.116961628
34	0.007294891	-0.006273225	0.116961628
35	0.008636197	-0.005467459	0.116961628
36	0.010047229	-0.004584214	0.116961628
37	0.011520968	-0.003629165	0.116961628
38	0.013050406	-0.002608629	0.116961628
39	0.014628271	-0.001529070	0.116961628
40	0.016246951	-0.000396918	0.116961628
41	0.017898013	0.000782243	0.116961628
42	0.019571812	0.002004420	0.116961628
43	0.021256377	0.003269091	0.116961628
44	0.022936192	0.004581399	0.116961628
45	0.024593767	0.005959002	0.116961628
1	0.024486432	0.005585994	0.119393023
2	0.022554351	0.004803324	0.119393023
3	0.020662848	0.003968070	0.119393023
4	0.018809700	0.003105694	0.119393023
5	0.016997957	0.002232034	0.119393023
6	0.015233610	0.001357453	0.119393023
7	0.013524479	0.000488640	0.119393023
8	0.011879134	-0.000369502	0.119393023
9	0.010306505	-0.001213237	0.119393023
10	0.008815308	-0.002039015	0.119393023
11	0.007413996	-0.002843454	0.119393023
12	0.006110504	-0.003622950	0.119393023
13	0.004912157	-0.004373580	0.119393023
14	0.003825308	-0.005090628	0.119393023
15	0.002848198	-0.005758434	0.119393023
16	0.001974637	-0.006356894	0.119393023
17	0.001205604	-0.006877863	0.119393023
18	0.000548287	-0.007323486	0.119393023
19	0.000014721	-0.007703890	0.119393023
20	-0.000377806	-0.008033921	0.119393023
21	-0.000597531	-0.008327003	0.119393023
22	-0.000618717	-0.008543406	0.119393023
23	-0.000589932	-0.008611443	0.119393023
24	-0.000545879	-0.008672187	0.119393023
25	-0.000365581	-0.008804827	0.119393023
26	-0.000011967	-0.008923178	0.119393023
27	0.000504693	-0.008983676	0.119393023
28	0.001168916	-0.008962127	0.119393023
29	0.001964472	-0.008836210	0.119393023
30	0.002873194	-0.008587112	0.119393023
31	0.003877237	-0.008205057	0.119393023
32	0.004964170	-0.007694470	0.119393023
33	0.006131797	-0.007075861	0.119393023
34	0.007381446	-0.006370416	0.119393023
35	0.008706981	-0.005583875	0.119393023
36	0.010101618	-0.004721395	0.119393023
37	0.011558408	-0.003788524	0.119393023
38	0.013070417	-0.002791448	0.119393023
39	0.014630446	-0.001736496	0.119393023
40	0.016230963	-0.000629958	0.119393023
41	0.017863631	0.000522710	0.119393023
42	0.019518922	0.001717634	0.119393023
43	0.021185042	0.002954365	0.119393023
44	0.022846725	0.004238068	0.119393023
45	0.024486432	0.005585994	0.119393023
1	0.024436789	0.005259155	0.121824419
2	0.022523838	0.004495527	0.121824419
3	0.020650695	0.003679770	0.121824419
4	0.018815293	0.002837057	0.121824419
5	0.017020728	0.001983021	0.121824419
6	0.015272973	0.001127865	0.121824419
7	0.013579790	0.000278153	0.121824419
8	0.011949669	-0.000561305	0.121824419
9	0.010391456	-0.001386875	0.121824419
10	0.008913780	-0.002195092	0.121824419
11	0.007525012	-0.002982664	0.121824419
12	0.006233014	-0.003746075	0.121824419
13	0.005045043	-0.004481491	0.121824419
14	0.003967409	-0.005184298	0.121824419
15	0.002998490	-0.005839064	0.121824419
16	0.002132262	-0.006425876	0.121824419
17	0.001369715	-0.006936661	0.121824419
18	0.000717928	-0.007373557	0.121824419
19	0.000188736	-0.007746628	0.121824419
20	-0.000200870	-0.008070627	0.121824419
21	-0.000419600	-0.008358998	0.121824419
22	-0.000441814	-0.008572694	0.121824419
23	-0.000413770	-0.008640089	0.121824419
24	-0.000370587	-0.008700359	0.121824419
25	-0.000193152	-0.008832394	0.121824419
26	0.000155638	-0.008951172	0.121824419
27	0.000665841	-0.009013583	0.121824419
28	0.001322269	-0.008995631	0.121824419
29	0.002108984	-0.008875167	0.121824419
30	0.003008125	-0.008633528	0.121824419
31	0.004002116	-0.008260997	0.121824419
32	0.005078676	-0.007761935	0.121824419
33	0.006235564	-0.007156643	0.121824419
34	0.007473962	-0.006466003	0.121824419
35	0.008787766	-0.005695634	0.121824419
36	0.010170252	-0.004850603	0.121824419
37	0.011614521	-0.003936352	0.121824419
38	0.013113692	-0.002958958	0.121824419
39	0.014660619	-0.001924636	0.121824419
40	0.016247826	-0.000839564	0.121824419
41	0.017867047	0.000290915	0.121824419
42	0.019508846	0.001463022	0.121824419
43	0.021161567	0.002676376	0.121824419
44	0.022810149	0.003936162	0.121824419
45	0.024436789	0.005259155	0.121824419
1	0.024452765	0.004987283	0.124255814
2	0.022552103	0.004239354	0.124255814
3	0.020690611	0.003439618	0.124255814
4	0.018866378	0.002613025	0.124255814
5	0.017082559	0.001775048	0.124255814
6	0.015345136	0.000935761	0.124255814
7	0.013661843	0.000101629	0.124255814
8	0.012041119	-0.000722619	0.124255814
9	0.010491756	-0.001533426	0.124255814
10	0.009022331	-0.002327405	0.124255814
11	0.007641160	-0.003101333	0.124255814
12	0.006356059	-0.003851771	0.124255814
13	0.005174246	-0.004574957	0.124255814
14	0.004102008	-0.005266361	0.124255814
15	0.003137857	-0.005910733	0.124255814
16	0.002275906	-0.006488274	0.124255814
17	0.001517155	-0.006990948	0.124255814
18	0.000868598	-0.007420889	0.124255814
19	0.000341912	-0.007788127	0.124255814
20	-0.000046141	-0.008107373	0.124255814
21	-0.000264632	-0.008392134	0.124255814
22	-0.000287918	-0.008603914	0.124255814
23	-0.000260496	-0.008670907	0.124255814
24	-0.000218005	-0.008730914	0.124255814
25	-0.000042735	-0.008862771	0.124255814
26	0.000302561	-0.008982294	0.124255814
27	0.000808214	-0.009046679	0.124255814
28	0.001459266	-0.009032047	0.124255814
29	0.002240013	-0.008916352	0.124255814
30	0.003132827	-0.008681017	0.124255814
31	0.004120338	-0.008316359	0.124255814
32	0.005190374	-0.007826696	0.124255814
33	0.006340647	-0.007232195	0.124255814
34	0.007572200	-0.006553507	0.124255814
35	0.008878941	-0.005796146	0.124255814
36	0.010254182	-0.004965114	0.124255814
37	0.011691050	-0.004065765	0.124255814
38	0.013182694	-0.003104092	0.124255814
39	0.014721993	-0.002086221	0.124255814
40	0.016301506	-0.001018242	0.124255814
41	0.017913005	0.000094588	0.124255814
42	0.019547118	0.001248569	0.124255814
43	0.021192286	0.002443373	0.124255814
44	0.022833608	0.003684207	0.124255814
45	0.024452765	0.004987283	0.124255814
1	0.024539072	0.004761465	0.126687209
2	0.022643372	0.004026322	0.126687209
3	0.020786366	0.003239483	0.126687209
4	0.018966288	0.002425770	0.126687209
5	0.017186366	0.001600559	0.126687209
6	0.015452609	0.000773836	0.126687209
7	0.013772750	-0.000048008	0.126687209
8	0.012155214	-0.000860301	0.126687209
9	0.010608772	-0.001659555	0.126687209
10	0.009141980	-0.002442444	0.126687209
11	0.007763132	-0.003205804	0.126687209
12	0.006480030	-0.003946257	0.126687209
13	0.005299878	-0.004660098	0.126687209
14	0.004228968	-0.005342865	0.126687209
15	0.003265934	-0.005979428	0.126687209
16	0.002405000	-0.006550018	0.126687209
17	0.001647171	-0.007046599	0.126687209
18	0.000999390	-0.007471311	0.126687209
19	0.000473224	-0.007834196	0.126687209
20	0.000085284	-0.008149986	0.126687209
21	-0.000133700	-0.008432312	0.126687209
22	-0.000158042	-0.008643003	0.126687209
23	-0.000131122	-0.008709843	0.126687209
24	-0.000089158	-0.008769817	0.126687209
25	0.000084602	-0.008902033	0.126687209
26	0.000427711	-0.009022838	0.126687209
27	0.000930751	-0.009089542	0.126687209
28	0.001578944	-0.009078276	0.126687209
29	0.002356749	-0.008966996	0.126687209
30	0.003246700	-0.008737123	0.126687209
31	0.004231554	-0.008378962	0.126687209
32	0.005299190	-0.007896796	0.126687209
33	0.006447262	-0.007310743	0.126687209
34	0.007676685	-0.006641317	0.126687209
35	0.008981354	-0.005893954	0.126687209
36	0.010354592	-0.005073609	0.126687209
37	0.011789528	-0.004185569	0.126687209
38	0.013279311	-0.003235770	0.126687209
39	0.014816823	-0.002230273	0.126687209
40	0.016394625	-0.001175104	0.126687209
41	0.018004502	-0.000075455	0.126687209
42	0.019637104	0.001065035	0.126687209
43	0.021280930	0.002246090	0.126687209
44	0.022921174	0.003472963	0.126687209
45	0.024539072	0.004761465	0.126687209
1	0.024694614	0.004558385	0.129118605
2	0.022796776	0.003833308	0.129118605
3	0.020937363	0.003056356	0.129118605
4	0.019114718	0.002252367	0.129118605
5	0.017332133	0.001436704	0.129118605
6	0.015595661	0.000619316	0.129118605
7	0.013913061	-0.000193450	0.129118605
8	0.012292769	-0.000996964	0.129118605
9	0.010743570	-0.001787788	0.129118605
10	0.009274032	-0.002562650	0.129118605
11	0.007892458	-0.003318430	0.129118605
12	0.006606666	-0.004051801	0.129118605
13	0.005423873	-0.004759100	0.129118605
14	0.004350396	-0.005435912	0.129118605
15	0.003384977	-0.006067157	0.129118605
16	0.002521920	-0.006633019	0.129118605
17	0.001762249	-0.007125439	0.129118605
18	0.001112881	-0.007546579	0.129118605
19	0.000585328	-0.007906533	0.129118605
20	0.000196126	-0.008220126	0.129118605
21	-0.000024073	-0.008501141	0.129118605
22	-0.000049471	-0.008711544	0.129118605
23	-0.000022944	-0.008778480	0.129118605
24	0.000018639	-0.008838653	0.129118605
25	0.000191486	-0.008971795	0.129118605
26	0.000533637	-0.009094484	0.129118605
27	0.001035922	-0.009163941	0.129118605
28	0.001683683	-0.009156183	0.129118605
29	0.002461480	-0.009049057	0.129118605
30	0.003351928	-0.008823891	0.129118605
31	0.004337827	-0.008470925	0.129118605
32	0.005407053	-0.007994431	0.129118605
33	0.006557191	-0.007414568	0.129118605
34	0.007789038	-0.006751807	0.129118605
35	0.009096453	-0.006011525	0.129118605
36	0.010472747	-0.005198653	0.129118605
37	0.011911023	-0.004318435	0.129118605
38	0.013404409	-0.003376772	0.129118605
39	0.014945761	-0.002379683	0.129118605
40	0.016527616	-0.001333156	0.129118605
41	0.018141739	-0.000242335	0.129118605
42	0.019778764	0.000889198	0.129118605
43	0.021427193	0.002061233	0.129118605
44	0.023072245	0.003279114	0.129118605
45	0.024694614	0.004558385	0.129118605
1	0.024910893	0.004375553	0.131550000
2	0.023004724	0.003657217	0.131550000
3	0.021136898	0.002886611	0.131550000
4	0.019305832	0.002088709	0.131550000
5	0.017514873	0.001278941	0.131550000
6	0.015770130	0.000467261	0.131550000
7	0.014079407	-0.000339994	0.131550000
8	0.012451179	-0.001138219	0.131550000
9	0.010894272	-0.001924012	0.131550000
10	0.009417293	-0.002694135	0.131550000
11	0.008028584	-0.003445506	0.131550000
12	0.006736001	-0.004174833	0.131550000
13	0.005546801	-0.004878484	0.131550000
14	0.004467345	-0.005552073	0.131550000
15	0.003496468	-0.006180518	0.131550000
16	0.002628540	-0.006743904	0.131550000
17	0.001864605	-0.007234125	0.131550000
18	0.001211580	-0.007653370	0.131550000
19	0.000680962	-0.008011814	0.131550000
20	0.000289265	-0.008324405	0.131550000
21	0.000067161	-0.008605122	0.131550000
22	0.000040655	-0.008815957	0.131550000
23	0.000066901	-0.008883208	0.131550000
24	0.000108276	-0.008943762	0.131550000
25	0.000280881	-0.009078166	0.131550000
26	0.000623317	-0.009202921	0.131550000
27	0.001126596	-0.009275041	0.131550000
28	0.001776118	-0.009270368	0.131550000
29	0.002556486	-0.009166589	0.131550000
30	0.003450337	-0.008944901	0.131550000
31	0.004440462	-0.008595463	0.131550000
32	0.005514700	-0.008122554	0.131550000
33	0.006670567	-0.007546432	0.131550000
34	0.007908748	-0.006887580	0.131550000
35	0.009223050	-0.006151340	0.131550000
36	0.010606752	-0.005342638	0.131550000
37	0.012052907	-0.004466689	0.131550000
38	0.013554601	-0.003529384	0.131550000
39	0.015104640	-0.002536722	0.131550000
40	0.016695516	-0.001494672	0.131550000
41	0.018318942	-0.000408348	0.131550000
42	0.019965507	0.000718712	0.131550000
43	0.021623671	0.001886370	0.131550000
44	0.023278612	0.003100093	0.131550000
45	0.024910893	0.004375553	0.131550000
1	0.025099622	0.004280954	0.133358416
2	0.023184232	0.003564913	0.133358416
3	0.021307147	0.002796374	0.133358416
4	0.019466856	0.002000398	0.133358416
5	0.017666764	0.001192461	0.133358416
6	0.015913038	0.000382526	0.133358416
7	0.014213528	-0.000423072	0.133358416
8	0.012576757	-0.001219733	0.133358416
9	0.011011594	-0.002004070	0.133358416
10	0.009526687	-0.002772862	0.133358416
11	0.008130420	-0.003523040	0.133358416
12	0.006830690	-0.004251330	0.133358416
13	0.005634793	-0.004954109	0.133358416
14	0.004549130	-0.005627005	0.133358416
15	0.003572600	-0.006254910	0.133358416
16	0.002699621	-0.006817832	0.133358416
17	0.001931260	-0.007307628	0.133358416
18	0.001274445	-0.007726500	0.133358416
19	0.000740671	-0.008084677	0.133358416
20	0.000346446	-0.008397194	0.133358416
21	0.000122452	-0.008678181	0.133358416
22	0.000094985	-0.008889714	0.133358416
23	0.000121099	-0.008957315	0.133358416
24	0.000162451	-0.009018225	0.133358416
25	0.000335380	-0.009153576	0.133358416
26	0.000678847	-0.009279594	0.133358416
27	0.001183895	-0.009353150	0.133358416
28	0.001835924	-0.009349988	0.133358416
29	0.002619544	-0.009247701	0.133358416
30	0.003517388	-0.009027408	0.133358416
31	0.004512238	-0.008679230	0.133358416
32	0.005591903	-0.008207456	0.133358416
33	0.006753850	-0.007632407	0.133358416
34	0.007998688	-0.006974594	0.133358416
35	0.009320181	-0.006239345	0.133358416
36	0.010711569	-0.005431593	0.133358416
37	0.012165864	-0.004556543	0.133358416
38	0.013676104	-0.003620087	0.133358416
39	0.015235052	-0.002628223	0.133358416
40	0.016835151	-0.001586919	0.133358416
41	0.018468068	-0.000501285	0.133358416
42	0.020124344	0.000625159	0.133358416
43	0.021792394	0.001792303	0.133358416
44	0.023457361	0.003005675	0.133358416
45	0.025099622	0.004280954	0.133358416
1	0.025288496	0.004255581	0.135149416
2	0.023363103	0.003539803	0.135149416
3	0.021475900	0.002771534	0.135149416
4	0.019625494	0.001975819	0.135149416
5	0.017815378	0.001168132	0.135149416
6	0.016051794	0.000358418	0.135149416
7	0.014342652	-0.000446994	0.135149416
8	0.012696527	-0.001243512	0.135149416
9	0.011122338	-0.002027757	0.135149416
10	0.009628779	-0.002796516	0.135149416
11	0.008224278	-0.003546725	0.135149416
12	0.006916773	-0.004275114	0.135149416
13	0.005713601	-0.004978068	0.135149416
14	0.004621194	-0.005651200	0.135149416
15	0.003638482	-0.006279333	0.135149416
16	0.002759959	-0.006842445	0.135149416
17	0.001986743	-0.007332395	0.135149416
18	0.001325782	-0.007751408	0.135149416
19	0.000788572	-0.008109753	0.135149416
20	0.000391602	-0.008422524	0.135149416
21	0.000165530	-0.008703974	0.135149416
22	0.000137000	-0.008916344	0.135149416
23	0.000163024	-0.008984334	0.135149416
24	0.000204430	-0.009045611	0.135149416
25	0.000377976	-0.009181787	0.135149416
26	0.000722896	-0.009308682	0.135149416
27	0.001230172	-0.009383078	0.135149416
28	0.001885177	-0.009380685	0.135149416
29	0.002672514	-0.009279054	0.135149416
30	0.003574822	-0.009059280	0.135149416
31	0.004574885	-0.008711462	0.135149416
32	0.005660490	-0.008239878	0.135149416
33	0.006829035	-0.007664855	0.135149416
34	0.008081071	-0.007006945	0.135149416
35	0.009410329	-0.006271492	0.135149416
36	0.010810012	-0.005463438	0.135149416
37	0.012273082	-0.004587986	0.135149416
38	0.013792530	-0.003651029	0.135149416
39	0.015361068	-0.002658570	0.135149416
40	0.016971090	-0.001616583	0.135149416
41	0.018614216	-0.000530185	0.135149416
42	0.020280941	0.000597094	0.135149416
43	0.021959651	0.001765138	0.135149416
44	0.023635466	0.002979472	0.135149416
45	0.025288496	0.004255581	0.135149416
1	0.025436043	0.004312457	0.136905752
2	0.023503126	0.003596490	0.136905752
3	0.021608190	0.002828255	0.136905752
4	0.019749992	0.002032687	0.136905752
5	0.017932117	0.001225208	0.136905752
6	0.016160882	0.000415718	0.136905752
7	0.014444252	-0.000389475	0.136905752
8	0.012790848	-0.001185793	0.136905752
9	0.011209624	-0.001969863	0.136905752
10	0.009709312	-0.002738481	0.136905752
11	0.008298370	-0.003488581	0.136905752
12	0.006984767	-0.004216898	0.136905752
13	0.005775870	-0.004919818	0.136905752
14	0.004678119	-0.005592925	0.136905752
15	0.003690425	-0.006220919	0.136905752
16	0.002807400	-0.006783842	0.136905752
17	0.002030249	-0.007273628	0.136905752
18	0.001365945	-0.007692534	0.136905752
19	0.000825979	-0.008050862	0.136905752
20	0.000426800	-0.008363719	0.136905752
21	0.000198985	-0.008645423	0.136905752
22	0.000169557	-0.008858420	0.136905752
23	0.000195516	-0.008926710	0.136905752
24	0.000236998	-0.008988244	0.136905752
25	0.000411138	-0.009124891	0.136905752
26	0.000757288	-0.009252136	0.136905752
27	0.001266326	-0.009326792	0.136905752
28	0.001923606	-0.009324640	0.136905752
29	0.002713758	-0.009223287	0.136905752
30	0.003619470	-0.009003868	0.136905752
31	0.004623562	-0.008656454	0.136905752
32	0.005713793	-0.008185223	0.136905752
33	0.006887445	-0.007610355	0.136905752
34	0.008145044	-0.006952489	0.136905752
35	0.009480317	-0.006217032	0.136905752
36	0.010886437	-0.005408924	0.136905752
37	0.012356326	-0.004533361	0.136905752
38	0.013882933	-0.003596225	0.136905752
39	0.015458930	-0.002603523	0.136905752
40	0.017076671	-0.001561233	0.136905752
41	0.018727746	-0.000474486	0.136905752
42	0.020402624	0.000653170	0.136905752
43	0.022089683	0.001821579	0.136905752
44	0.023774067	0.003036204	0.136905752
45	0.025436043	0.004312457	0.136905752
1	0.025485496	0.004432643	0.138610509
2	0.023552274	0.003718741	0.138610509
3	0.021656786	0.002952855	0.138610509
4	0.019797899	0.002159773	0.138610509
5	0.017979253	0.001354842	0.138610509
6	0.016207205	0.000547903	0.138610509
7	0.014489736	-0.000254770	0.138610509
8	0.012835480	-0.001048626	0.138610509
9	0.011253391	-0.001830303	0.138610509
10	0.009752204	-0.002596607	0.138610509
11	0.008340371	-0.003344474	0.138610509
12	0.007025857	-0.004070641	0.138610509
13	0.005816030	-0.004771507	0.138610509
14	0.004717292	-0.005442602	0.138610509
15	0.003728455	-0.006068439	0.138610509
16	0.002844312	-0.006629286	0.138610509
17	0.002066205	-0.007117272	0.138610509
18	0.001401132	-0.007534714	0.138610509
19	0.000860550	-0.007891922	0.138610509
20	0.000460823	-0.008203945	0.138610509
21	0.000232363	-0.008485062	0.138610509
22	0.000202379	-0.008697937	0.138610509
23	0.000228254	-0.008766242	0.138610509
24	0.000269701	-0.008827774	0.138610509
25	0.000443852	-0.008964301	0.138610509
26	0.000789985	-0.009091305	0.138610509
27	0.001298905	-0.009165808	0.138610509
28	0.001956007	-0.009163784	0.138610509
29	0.002746017	-0.009063013	0.138610509
30	0.003651745	-0.008844739	0.138610509
31	0.004656105	-0.008498992	0.138610509
32	0.005746835	-0.008029742	0.138610509
33	0.006921045	-0.007456836	0.138610509
34	0.008179277	-0.006801026	0.138610509
35	0.009515308	-0.006067820	0.138610509
36	0.010922307	-0.005262141	0.138610509
37	0.012393187	-0.004389166	0.138610509
38	0.013920875	-0.003454738	0.138610509
39	0.015498037	-0.002464853	0.138610509
40	0.017117015	-0.001425467	0.138610509
41	0.018769403	-0.000341714	0.138610509
42	0.020445678	0.000782856	0.138610509
43	0.022134246	0.001948061	0.138610509
44	0.023820307	0.003159309	0.138610509
45	0.025485496	0.004432643	0.138610509
1	0.025383781	0.004575769	0.140247270
2	0.023462554	0.003868802	0.140247270
3	0.021578748	0.003110171	0.140247270
4	0.019731277	0.002324465	0.140247270
5	0.017923770	0.001526942	0.140247270
6	0.016162555	0.000727359	0.140247270
7	0.014455569	-0.000068064	0.140247270
8	0.012811398	-0.000854823	0.140247270
9	0.011238937	-0.001629577	0.140247270
10	0.009746862	-0.002389158	0.140247270
11	0.008343564	-0.003130512	0.140247270
12	0.007036948	-0.003850390	0.140247270
13	0.005834331	-0.004545211	0.140247270
14	0.004742009	-0.005210439	0.140247270
15	0.003758610	-0.005830361	0.140247270
16	0.002879182	-0.006385681	0.140247270
17	0.002105252	-0.006868865	0.140247270
18	0.001443825	-0.007282324	0.140247270
19	0.000906275	-0.007636327	0.140247270
20	0.000508793	-0.007945762	0.140247270
21	0.000281481	-0.008224720	0.140247270
22	0.000251458	-0.008436143	0.140247270
23	0.000277135	-0.008504004	0.140247270
24	0.000318308	-0.008565113	0.140247270
25	0.000491345	-0.008700623	0.140247270
26	0.000835190	-0.008826608	0.140247270
27	0.001340668	-0.008900549	0.140247270
28	0.001993316	-0.008898778	0.140247270
29	0.002778060	-0.008799402	0.140247270
30	0.003677953	-0.008583882	0.140247270
31	0.004676095	-0.008242215	0.140247270
32	0.005760239	-0.007778051	0.140247270
33	0.006927276	-0.007210666	0.140247270
34	0.008177798	-0.006560898	0.140247270
35	0.009505708	-0.005834387	0.140247270
36	0.010904208	-0.005036007	0.140247270
37	0.012366253	-0.004170889	0.140247270
38	0.013884793	-0.003244794	0.140247270
39	0.015452535	-0.002263670	0.140247270
40	0.017061862	-0.001233416	0.140247270
41	0.018704423	-0.000159131	0.140247270
42	0.020370761	0.000955667	0.140247270
43	0.022049366	0.002110801	0.140247270
44	0.023725554	0.003311653	0.140247270
45	0.025383781	0.004575769	0.140247270
1	0.025091743	0.004698914	0.141800271
2	0.023199485	0.004005305	0.141800271
3	0.021344039	0.003260743	0.141800271
4	0.019524383	0.002489390	0.141800271
5	0.017744090	0.001706292	0.141800271
6	0.016009399	0.000921045	0.141800271
7	0.014328133	0.000139765	0.141800271
8	0.012708750	-0.000633129	0.141800271
9	0.011160007	-0.001394345	0.141800271
10	0.009690445	-0.002140757	0.141800271
11	0.008308315	-0.002869343	0.141800271
12	0.007021390	-0.003576885	0.141800271
13	0.005836868	-0.004259851	0.141800271
14	0.004760860	-0.004913631	0.141800271
15	0.003791761	-0.005522337	0.141800271
16	0.002924950	-0.006067341	0.141800271
17	0.002162153	-0.006541565	0.141800271
18	0.001510342	-0.006947520	0.141800271
19	0.000980719	-0.007295359	0.141800271
20	0.000589184	-0.007599679	0.141800271
21	0.000365331	-0.007874228	0.141800271
22	0.000335908	-0.008082371	0.141800271
23	0.000361271	-0.008149143	0.141800271
24	0.000401872	-0.008209237	0.141800271
25	0.000572336	-0.008342421	0.141800271
26	0.000910852	-0.008466193	0.141800271
27	0.001408383	-0.008538894	0.141800271
28	0.002050756	-0.008537449	0.141800271
29	0.002823254	-0.008440514	0.141800271
30	0.003709339	-0.008229913	0.141800271
31	0.004692443	-0.007895632	0.141800271
32	0.005760396	-0.007440860	0.141800271
33	0.006909823	-0.006884013	0.141800271
34	0.008141398	-0.006245927	0.141800271
35	0.009449231	-0.005532400	0.141800271
36	0.010826622	-0.004748211	0.141800271
37	0.012266629	-0.003898400	0.141800271
38	0.013762284	-0.002988593	0.141800271
39	0.015306405	-0.002024642	0.141800271
40	0.016891481	-0.001012336	0.141800271
41	0.018509295	0.000043303	0.141800271
42	0.020150541	0.001138815	0.141800271
43	0.021803893	0.002274037	0.141800271
44	0.023454907	0.003454283	0.141800271
45	0.025091743	0.004698914	0.141800271
1	0.024579373	0.004765886	0.143254556
2	0.022737272	0.004092585	0.143254556
3	0.020930761	0.003369987	0.143254556
4	0.019159011	0.002621340	0.143254556
5	0.017425552	0.001861214	0.143254556
6	0.015736495	0.001098884	0.143254556
7	0.014099474	0.000340273	0.143254556
8	0.012522738	-0.000410346	0.143254556
9	0.011014808	-0.001149767	0.143254556
10	0.009583995	-0.001874942	0.143254556
11	0.008238322	-0.002582908	0.143254556
12	0.006985341	-0.003270510	0.143254556
13	0.005832051	-0.003934296	0.143254556
14	0.004784289	-0.004569595	0.143254556
15	0.003840188	-0.005160445	0.143254556
16	0.002995538	-0.005689149	0.143254556
17	0.002252280	-0.006149212	0.143254556
18	0.001617284	-0.006543245	0.143254556
19	0.001101476	-0.006881187	0.143254556
20	0.000720301	-0.007177177	0.143254556
21	0.000502564	-0.007444451	0.143254556
22	0.000474348	-0.007647062	0.143254556
23	0.000499180	-0.007711985	0.143254556
24	0.000538816	-0.007770370	0.143254556
25	0.000704886	-0.007899705	0.143254556
26	0.001034364	-0.008019885	0.143254556
27	0.001518478	-0.008090590	0.143254556
28	0.002143521	-0.008089596	0.143254556
29	0.002895310	-0.007996347	0.143254556
30	0.003757907	-0.007793210	0.143254556
31	0.004715247	-0.007470214	0.143254556
32	0.005755334	-0.007029972	0.143254556
33	0.006874511	-0.006489751	0.143254556
34	0.008073534	-0.005870209	0.143254556
35	0.009346814	-0.005177301	0.143254556
36	0.010687814	-0.004415649	0.143254556
37	0.012089774	-0.003590152	0.143254556
38	0.013545879	-0.002706239	0.143254556
39	0.015049141	-0.001769607	0.143254556
40	0.016592244	-0.000785880	0.143254556
41	0.018167207	0.000240026	0.143254556
42	0.019764997	0.001304711	0.143254556
43	0.021374637	0.002407955	0.143254556
44	0.022982147	0.003554822	0.143254556
45	0.024579373	0.004765886	0.143254556
1	0.023827037	0.004750276	0.144596120
2	0.022058891	0.004104441	0.144596120
3	0.020324354	0.003412190	0.144596120
4	0.018622963	0.002695246	0.144596120
5	0.016958240	0.001967368	0.144596120
6	0.015336135	0.001237314	0.144596120
7	0.013764015	0.000510702	0.144596120
8	0.012249824	-0.000208413	0.144596120
9	0.010801745	-0.000916952	0.144596120
10	0.009427756	-0.001611984	0.144596120
11	0.008135546	-0.002290637	0.144596120
12	0.006932353	-0.002949856	0.144596120
13	0.005824887	-0.003586309	0.144596120
14	0.004818614	-0.004195285	0.144596120
15	0.003911412	-0.004760923	0.144596120
16	0.003099559	-0.005266720	0.144596120
17	0.002385192	-0.005706869	0.144596120
18	0.001775011	-0.006084064	0.144596120
19	0.001279530	-0.006407915	0.144596120
20	0.000913564	-0.006691937	0.144596120
21	0.000704821	-0.006948686	0.144596120
22	0.000678392	-0.007143244	0.144596120
23	0.000702476	-0.007205471	0.144596120
24	0.000740693	-0.007261384	0.144596120
25	0.000900324	-0.007385197	0.144596120
26	0.001216631	-0.007500273	0.144596120
27	0.001681249	-0.007568115	0.144596120
28	0.002281117	-0.007567629	0.144596120
29	0.003002767	-0.007479305	0.144596120
30	0.003831062	-0.007286252	0.144596120
31	0.004750627	-0.006978632	0.144596120
32	0.005749769	-0.006558406	0.144596120
33	0.006824560	-0.006041416	0.144596120
34	0.007975822	-0.005447890	0.144596120
35	0.009198369	-0.004783935	0.144596120
36	0.010485904	-0.004053956	0.144596120
37	0.011831934	-0.003262655	0.144596120
38	0.013229890	-0.002415201	0.144596120
39	0.014673066	-0.001517070	0.144596120
40	0.016154441	-0.000573670	0.144596120
41	0.017666385	0.000410232	0.144596120
42	0.019200274	0.001431290	0.144596120
43	0.020745663	0.002489142	0.144596120
44	0.022289295	0.003588380	0.144596120
45	0.023827037	0.004750276	0.144596120
1	0.022845950	0.004641530	0.145812043
2	0.021174131	0.004030595	0.145812043
3	0.019533540	0.003376716	0.145812043
4	0.017924070	0.002699839	0.145812043
5	0.016349182	0.002012741	0.145812043
6	0.014814584	0.001323563	0.145812043
7	0.013327284	0.000637542	0.145812043
8	0.011894820	-0.000041534	0.145812043
9	0.010524935	-0.000710752	0.145812043
10	0.009225176	-0.001367339	0.145812043
11	0.008002802	-0.002008552	0.145812043
12	0.006864651	-0.002631478	0.145812043
13	0.005817059	-0.003232949	0.145812043
14	0.004865040	-0.003808249	0.145812043
15	0.004006265	-0.004341859	0.145812043
16	0.003237540	-0.004818678	0.145812043
17	0.002561155	-0.005233633	0.145812043
18	0.001983554	-0.005589466	0.145812043
19	0.001514710	-0.005895332	0.145812043
20	0.001168639	-0.006163963	0.145812043
21	0.000971642	-0.006407081	0.145812043
22	0.000947476	-0.006591167	0.145812043
23	0.000970540	-0.006649902	0.145812043
24	0.001006886	-0.006702628	0.145812043
25	0.001158118	-0.006819336	0.145812043
26	0.001457324	-0.006927830	0.145812043
27	0.001896659	-0.006991901	0.145812043
28	0.002463868	-0.006991832	0.145812043
29	0.003146359	-0.006909388	0.145812043
30	0.003929967	-0.006728624	0.145812043
31	0.004800196	-0.006439966	0.145812043
32	0.005745806	-0.006044713	0.145812043
33	0.006762663	-0.005557112	0.145812043
34	0.007851620	-0.004996651	0.145812043
35	0.009007973	-0.004369543	0.145812043
36	0.010225744	-0.003679922	0.145812043
37	0.011498789	-0.002932236	0.145812043
38	0.012820870	-0.002131335	0.145812043
39	0.014185645	-0.001282405	0.145812043
40	0.015586480	-0.000390573	0.145812043
41	0.017016191	0.000539596	0.145812043
42	0.018466672	0.001504855	0.145812043
43	0.019928140	0.002504701	0.145812043
44	0.021388219	0.003543201	0.145812043
45	0.022845950	0.004641530	0.145812043
1	0.021699482	0.004450711	0.146890614
2	0.020139261	0.003882223	0.146890614
3	0.018608262	0.003273466	0.146890614
4	0.017106456	0.002642913	0.146890614
5	0.015637001	0.002002628	0.146890614
6	0.014205194	0.001360259	0.146890614
7	0.012817559	0.000720716	0.146890614
8	0.011481130	0.000087534	0.146890614
9	0.010203125	-0.000536554	0.146890614
10	0.008990580	-0.001148950	0.146890614
11	0.007850256	-0.001747069	0.146890614
12	0.006788522	-0.002328171	0.146890614
13	0.005811282	-0.002889285	0.146890614
14	0.004923045	-0.003425734	0.146890614
15	0.004121353	-0.003922588	0.146890614
16	0.003403534	-0.004366250	0.146890614
17	0.002771970	-0.004752376	0.146890614
18	0.002232772	-0.005083703	0.146890614
19	0.001795277	-0.005368833	0.146890614
20	0.001472576	-0.005619591	0.146890614
21	0.001289308	-0.005846763	0.146890614
22	0.001267646	-0.006018585	0.146890614
23	0.001289438	-0.006073243	0.146890614
24	0.001323540	-0.006122273	0.146890614
25	0.001464844	-0.006230781	0.146890614
26	0.001743983	-0.006331693	0.146890614
27	0.002153708	-0.006391417	0.146890614
28	0.002682683	-0.006391765	0.146890614
29	0.003319292	-0.006315918	0.146890614
30	0.004050462	-0.006149029	0.146890614
31	0.004862712	-0.005881918	0.146890614
32	0.005745391	-0.005515286	0.146890614
33	0.006694256	-0.005061741	0.146890614
34	0.007710145	-0.004539737	0.146890614
35	0.008788874	-0.003955524	0.146890614
36	0.009924847	-0.003312927	0.146890614
37	0.011112333	-0.002616100	0.146890614
38	0.012345491	-0.001869537	0.146890614
39	0.013618406	-0.001078077	0.146890614
40	0.014924889	-0.000246506	0.146890614
41	0.016258252	0.000620904	0.146890614
42	0.017610937	0.001521127	0.146890614
43	0.018973811	0.002453726	0.146890614
44	0.020335291	0.003422591	0.146890614
45	0.021699482	0.004450711	0.146890614
1	0.020493746	0.004208012	0.147821447
2	0.019049645	0.003687719	0.147821447
3	0.017633755	0.003127931	0.147821447
4	0.016245650	0.002546468	0.147821447
5	0.014887841	0.001955243	0.147821447
6	0.013565019	0.001361705	0.147821447
7	0.012283112	0.000770581	0.147821447
8	0.011048579	0.000185212	0.147821447
9	0.009868066	-0.000391829	0.147821447
10	0.008748063	-0.000958117	0.147821447
11	0.007694804	-0.001511233	0.147821447
12	0.006714165	-0.002048626	0.147821447
13	0.005811591	-0.002567532	0.147821447
14	0.004991087	-0.003063366	0.147821447
15	0.004250155	-0.003521987	0.147821447
16	0.003586583	-0.003931255	0.147821447
17	0.003002773	-0.004287476	0.147821447
18	0.002504457	-0.004593330	0.147821447
19	0.002100289	-0.004856800	0.147821447
20	0.001802380	-0.005088761	0.147821447
21	0.001633581	-0.005299037	0.147821447
22	0.001614353	-0.005457864	0.147821447
23	0.001634757	-0.005508276	0.147821447
24	0.001666435	-0.005553427	0.147821447
25	0.001797175	-0.005653322	0.147821447
26	0.002055047	-0.005746275	0.147821447
27	0.002433425	-0.005801422	0.147821447
28	0.002921927	-0.005802144	0.147821447
29	0.003509943	-0.005733080	0.147821447
30	0.004185526	-0.005580545	0.147821447
31	0.004936272	-0.005335854	0.147821447
32	0.005752211	-0.004999223	0.147821447
33	0.006629099	-0.004581712	0.147821447
34	0.007567714	-0.004100552	0.147821447
35	0.008564387	-0.003561944	0.147821447
36	0.009613929	-0.002969394	0.147821447
37	0.010711051	-0.002326744	0.147821447
38	0.011850337	-0.001638115	0.147821447
39	0.013026315	-0.000907965	0.147821447
40	0.014233254	-0.000140684	0.147821447
41	0.015464943	0.000659846	0.147821447
42	0.016714314	0.001491004	0.147821447
43	0.017972744	0.002352752	0.147821447
44	0.019229154	0.003249415	0.147821447
45	0.020493746	0.004208012	0.147821447
1	0.019342021	0.003950648	0.148595577
2	0.018008147	0.003479473	0.148595577
3	0.016702354	0.002967985	0.148595577
4	0.015423450	0.002434086	0.148595577
5	0.014173095	0.001889977	0.148595577
6	0.012955269	0.001343152	0.148595577
7	0.011775265	0.000798277	0.148595577
8	0.010638961	0.000258563	0.148595577
9	0.009552437	-0.000273548	0.148595577
10	0.008521658	-0.000795791	0.148595577
11	0.007552349	-0.001305907	0.148595577
12	0.006649910	-0.001801526	0.148595577
13	0.005819348	-0.002280086	0.148595577
14	0.005064208	-0.002737132	0.148595577
15	0.004382014	-0.003159390	0.148595577
16	0.003770935	-0.003536024	0.148595577
17	0.003233331	-0.003863876	0.148595577
18	0.002774548	-0.004145525	0.148595577
19	0.002402578	-0.004388343	0.148595577
20	0.002128584	-0.004602290	0.148595577
21	0.001973671	-0.004796282	0.148595577
22	0.001956653	-0.004942591	0.148595577
23	0.001975606	-0.004988947	0.148595577
24	0.002004909	-0.005030390	0.148595577
25	0.002125428	-0.005122060	0.148595577
26	0.002362804	-0.005207411	0.148595577
27	0.002711000	-0.005258199	0.148595577
28	0.003160540	-0.005259283	0.148595577
29	0.003701767	-0.005196672	0.148595577
30	0.004323803	-0.005057804	0.148595577
31	0.005015281	-0.004834526	0.148595577
32	0.005766933	-0.004526685	0.148595577
33	0.006574592	-0.004143991	0.148595577
34	0.007438953	-0.003702409	0.148595577
35	0.008356803	-0.003208017	0.148595577
36	0.009323354	-0.002664016	0.148595577
37	0.010333733	-0.002073942	0.148595577
38	0.011382940	-0.001441557	0.148595577
39	0.012465920	-0.000770936	0.148595577
40	0.013577365	-0.000066060	0.148595577
41	0.014711492	0.000669627	0.148595577
42	0.015861633	0.001434018	0.148595577
43	0.017019528	0.002227694	0.148595577
44	0.018174341	0.003055848	0.148595577
45	0.019342021	0.003950648	0.148595577
1	0.018342274	0.003713591	0.149205549
2	0.017104241	0.003286163	0.149205549
3	0.015894430	0.002817235	0.149205549
4	0.014710850	0.002325031	0.149205549
5	0.013554353	0.001822113	0.149205549
6	0.012428268	0.001316071	0.149205549
7	0.011337317	0.000811550	0.149205549
8	0.010286861	0.000311662	0.149205549
9	0.009282484	-0.000181256	0.149205549
10	0.008329689	-0.000665081	0.149205549
11	0.007433758	-0.001137692	0.149205549
12	0.006599676	-0.001596880	0.149205549
13	0.005832067	-0.002040256	0.149205549
14	0.005134093	-0.002463511	0.149205549
15	0.004503341	-0.002854201	0.149205549
16	0.003938263	-0.003202551	0.149205549
17	0.003441149	-0.003505818	0.149205549
18	0.003016994	-0.003766465	0.149205549
19	0.002673204	-0.003991318	0.149205549
20	0.002420117	-0.004189544	0.149205549
21	0.002277300	-0.004369281	0.149205549
22	0.002262105	-0.004504639	0.149205549
23	0.002279808	-0.004547411	0.149205549
24	0.002307007	-0.004585637	0.149205549
25	0.002418559	-0.004670174	0.149205549
26	0.002638019	-0.004748939	0.149205549
27	0.002959853	-0.004795956	0.149205549
28	0.003375369	-0.004797354	0.149205549
29	0.003875730	-0.004740316	0.149205549
30	0.004450975	-0.004613256	0.149205549
31	0.005090645	-0.004408523	0.149205549
32	0.005786108	-0.004125709	0.149205549
33	0.006533319	-0.003773431	0.149205549
34	0.007332886	-0.003366506	0.149205549
35	0.008181966	-0.002910839	0.149205549
36	0.009076121	-0.002409370	0.149205549
37	0.010010845	-0.001865362	0.149205549
38	0.010981496	-0.001282267	0.149205549
39	0.011983380	-0.000663813	0.149205549
40	0.013011555	-0.000013618	0.149205549
41	0.014060595	0.000665280	0.149205549
42	0.015124166	0.001371254	0.149205549
43	0.016194285	0.002105491	0.149205549
44	0.017260272	0.002874042	0.149205549
45	0.018342274	0.003713591	0.149205549
1	0.016921212	0.003362494	0.150000000
2	0.015821149	0.002995809	0.150000000
3	0.014749004	0.002586886	0.150000000
4	0.013701821	0.002154059	0.150000000
5	0.012679472	0.001710086	0.150000000
6	0.011684440	0.001262533	0.150000000
7	0.010720672	0.000815932	0.150000000
8	0.009792805	0.000373223	0.150000000
9	0.008905729	-0.000063431	0.150000000
10	0.008064285	-0.000492107	0.150000000
11	0.007273125	-0.000910893	0.150000000
12	0.006536645	-0.001317809	0.150000000
13	0.005858921	-0.001710719	0.150000000
14	0.005242601	-0.002085581	0.150000000
15	0.004685419	-0.002431212	0.150000000
16	0.004186170	-0.002739258	0.150000000
17	0.003746996	-0.003007488	0.150000000
18	0.003372368	-0.003238166	0.150000000
19	0.003068850	-0.003437326	0.150000000
20	0.002845594	-0.003613011	0.150000000
21	0.002719944	-0.003772279	0.150000000
22	0.002707155	-0.003891965	0.150000000
23	0.002722986	-0.003929687	0.150000000
24	0.002747138	-0.003963353	0.150000000
25	0.002845833	-0.004037785	0.150000000
26	0.003039698	-0.004107216	0.150000000
27	0.003323906	-0.004148866	0.150000000
28	0.003690865	-0.004150635	0.150000000
29	0.004132877	-0.004101340	0.150000000
30	0.004641263	-0.003990787	0.150000000
31	0.005206847	-0.003812080	0.150000000
32	0.005821936	-0.003564548	0.150000000
33	0.006482736	-0.003255383	0.150000000
34	0.007189719	-0.002897702	0.150000000
35	0.007940528	-0.002497074	0.150000000
36	0.008731227	-0.002056066	0.150000000
37	0.009557827	-0.001577549	0.150000000
38	0.010416203	-0.001064531	0.150000000
39	0.011302177	-0.000520254	0.150000000
40	0.012211333	0.000052177	0.150000000
41	0.013138771	0.000650271	0.150000000
42	0.014078668	0.001273011	0.150000000
43	0.015023525	0.001922282	0.150000000
44	0.015963043	0.002605047	0.150000000
45	0.016921212	0.003362494	0.150000000
