######## Panel parameters ########
type=propeller
n_blades=2

rotation_center=[0, 0, 0]
rotation_axis=[0, 0, 1]
n_span_all= 76
n_points=99
######## End of parameters ########
1	0.026000000	-0.005989399	-0.009985417
2	0.026000000	-0.005539441	-0.009526651
3	0.026000000	-0.005069155	-0.009085865
4	0.026000000	-0.004605318	-0.008641768
5	0.026000000	-0.004146779	-0.008196130
6	0.026000000	-0.003692783	-0.007750388
7	0.026000000	-0.003242888	-0.007305718
8	0.026000000	-0.002796899	-0.006863089
9	0.026000000	-0.002354815	-0.006423305
10	0.026000000	-0.001916784	-0.005987045
11	0.026000000	-0.001480271	-0.005557193
12	0.026000000	-0.001052278	-0.005128751
13	0.026000000	-0.000629010	-0.004705630
14	0.026000000	-0.000211074	-0.004288092
15	0.026000000	0.000200919	-0.003876385
16	0.026000000	0.000606354	-0.003470739
17	0.026000000	0.001004604	-0.003071362
18	0.026000000	0.001395038	-0.002678446
19	0.026000000	0.001777015	-0.002292158
20	0.026000000	0.002149884	-0.001912647
21	0.026000000	0.002512988	-0.001540044
22	0.026000000	0.002865662	-0.001174463
23	0.026000000	0.003207238	-0.000816006
24	0.026000000	0.003537044	-0.000464768
25	0.026000000	0.003854408	-0.000120838
26	0.026000000	0.004158662	0.000215687
27	0.026000000	0.004449145	0.000544704
28	0.026000000	0.004725211	0.000866086
29	0.026000000	0.004986236	0.001179677
30	0.026000000	0.005231627	0.001485280
31	0.026000000	0.005460835	0.001782641
32	0.026000000	0.005673375	0.002071440
33	0.026000000	0.005868839	0.002351272
34	0.026000000	0.006046928	0.002621640
35	0.026000000	0.006207479	0.002881937
36	0.026000000	0.006350494	0.003131450
37	0.026000000	0.006476177	0.003369355
38	0.026000000	0.006584961	0.003594730
39	0.026000000	0.006677531	0.003806580
40	0.026000000	0.006754895	0.004003877
41	0.026000000	0.006808235	0.004188534
42	0.026000000	0.006822201	0.004360190
43	0.026000000	0.006795082	0.004510097
44	0.026000000	0.006741669	0.004631336
45	0.026000000	0.006678842	0.004724590
46	0.026000000	0.006618059	0.004793871
47	0.026000000	0.006565510	0.004842819
48	0.026000000	0.006525713	0.004875284
49	0.026000000	0.006501067	0.004893820
50	0.026000000	0.006492716	0.004899820
51	0.026000000	0.006483985	0.004905936
52	0.026000000	0.006457331	0.004923583
53	0.026000000	0.006411311	0.004950337
54	0.026000000	0.006343889	0.004981873
55	0.026000000	0.006253339	0.005012383
56	0.026000000	0.006139116	0.005035718
57	0.026000000	0.006002145	0.005048086
58	0.026000000	0.005843815	0.005049013
59	0.026000000	0.005665198	0.005037919
60	0.026000000	0.005467085	0.005015152
61	0.026000000	0.005250887	0.004976834
62	0.026000000	0.005019753	0.004913650
63	0.026000000	0.004773720	0.004831403
64	0.026000000	0.004511707	0.004735768
65	0.026000000	0.004235240	0.004624657
66	0.026000000	0.003946761	0.004493218
67	0.026000000	0.003647695	0.004340973
68	0.026000000	0.003339307	0.004167521
69	0.026000000	0.003022796	0.003972651
70	0.026000000	0.002699291	0.003756311
71	0.026000000	0.002369854	0.003518569
72	0.026000000	0.002035486	0.003259589
73	0.026000000	0.001697137	0.002979609
74	0.026000000	0.001355717	0.002678922
75	0.026000000	0.001012100	0.002357862
76	0.026000000	0.000667140	0.002016798
77	0.026000000	0.000321668	0.001656128
78	0.026000000	-0.000023501	0.001276275
79	0.026000000	-0.000367563	0.000877686
80	0.026000000	-0.000709735	0.000460838
81	0.026000000	-0.001049254	0.000026240
82	0.026000000	-0.001385389	-0.000425564
83	0.026000000	-0.001717449	-0.000893986
84	0.026000000	-0.002044798	-0.001378393
85	0.026000000	-0.002366871	-0.001878097
86	0.026000000	-0.002683187	-0.002392358
87	0.026000000	-0.002993362	-0.002920380
88	0.026000000	-0.003297120	-0.003461316
89	0.026000000	-0.003594296	-0.004014270
90	0.026000000	-0.003879868	-0.004582411
91	0.026000000	-0.004161093	-0.005158825
92	0.026000000	-0.004434567	-0.005745457
93	0.026000000	-0.004699970	-0.006341758
94	0.026000000	-0.004956851	-0.006947334
95	0.026000000	-0.005204560	-0.007561991
96	0.026000000	-0.005442166	-0.008185796
97	0.026000000	-0.005668366	-0.008819131
98	0.026000000	-0.005881394	-0.009462772
99	0.026000000	-0.005989399	-0.009985417
1	0.028074468	-0.006599064	-0.010146427
2	0.028074468	-0.006108327	-0.009684950
3	0.028074468	-0.005614365	-0.009227409
4	0.028074468	-0.005126243	-0.008766921
5	0.028074468	-0.004642949	-0.008305242
6	0.028074468	-0.004163830	-0.007843820
7	0.028074468	-0.003688517	-0.007383848
8	0.028074468	-0.003216878	-0.006926320
9	0.028074468	-0.002748960	-0.006472060
10	0.028074468	-0.002284960	-0.006021763
11	0.028074468	-0.001822768	-0.005578089
12	0.028074468	-0.001368538	-0.005136601
13	0.028074468	-0.000919088	-0.004700855
14	0.028074468	-0.000475056	-0.004271119
15	0.028074468	-0.000037086	-0.003847640
16	0.028074468	0.000394168	-0.003430643
17	0.028074468	0.000818044	-0.003020330
18	0.028074468	0.001233873	-0.002616883
19	0.028074468	0.001640978	-0.002220461
20	0.028074468	0.002038676	-0.001831203
21	0.028074468	0.002426278	-0.001449230
22	0.028074468	0.002803092	-0.001074647
23	0.028074468	0.003168419	-0.000707546
24	0.028074468	0.003521561	-0.000348008
25	0.028074468	0.003861817	0.000003893
26	0.028074468	0.004188487	0.000348084
27	0.028074468	0.004500872	0.000684488
28	0.028074468	0.004798277	0.001013021
29	0.028074468	0.005080017	0.001333576
30	0.028074468	0.005345417	0.001646022
31	0.028074468	0.005593820	0.001950186
32	0.028074468	0.005824600	0.002245843
33	0.028074468	0.006037173	0.002532695
34	0.028074468	0.006231019	0.002810358
35	0.028074468	0.006405707	0.003078336
36	0.028074468	0.006560937	0.003336002
37	0.028074468	0.006696584	0.003582581
38	0.028074468	0.006812763	0.003817140
39	0.028074468	0.006909890	0.004038589
40	0.028074468	0.006988785	0.004245728
41	0.028074468	0.007044877	0.004438852
42	0.028074468	0.007065525	0.004617938
43	0.028074468	0.007046848	0.004776236
44	0.028074468	0.006998982	0.004906255
45	0.028074468	0.006938076	0.005006746
46	0.028074468	0.006877747	0.005081937
47	0.028074468	0.006824522	0.005134939
48	0.028074468	0.006783754	0.005169918
49	0.028074468	0.006758272	0.005189694
50	0.028074468	0.006749618	0.005196082
51	0.028074468	0.006740623	0.005202556
52	0.028074468	0.006713185	0.005221308
53	0.028074468	0.006666018	0.005250264
54	0.028074468	0.006597251	0.005285772
55	0.028074468	0.006504910	0.005322426
56	0.028074468	0.006387754	0.005353492
57	0.028074468	0.006246203	0.005373504
58	0.028074468	0.006081726	0.005379512
59	0.028074468	0.005895898	0.005370633
60	0.028074468	0.005689936	0.005347042
61	0.028074468	0.005465449	0.005305567
62	0.028074468	0.005224891	0.005240793
63	0.028074468	0.004968375	0.005157501
64	0.028074468	0.004695616	0.005059075
65	0.028074468	0.004408847	0.004941526
66	0.028074468	0.004109805	0.004802977
67	0.028074468	0.003799881	0.004642753
68	0.028074468	0.003480401	0.004460424
69	0.028074468	0.003152617	0.004255776
70	0.028074468	0.002817693	0.004028774
71	0.028074468	0.002476710	0.003779524
72	0.028074468	0.002130669	0.003508246
73	0.028074468	0.001780503	0.003215250
74	0.028074468	0.001427080	0.002900911
75	0.028074468	0.001071215	0.002565660
76	0.028074468	0.000713679	0.002209967
77	0.028074468	0.000355205	0.001834335
78	0.028074468	-0.000003509	0.001439296
79	0.028074468	-0.000361793	0.001025408
80	0.028074468	-0.000719009	0.000593252
81	0.028074468	-0.001074548	0.000143435
82	0.028074468	-0.001427833	-0.000323411
83	0.028074468	-0.001778327	-0.000806626
84	0.028074468	-0.002125533	-0.001305519
85	0.028074468	-0.002469008	-0.001819368
86	0.028074468	-0.002808363	-0.002347417
87	0.028074468	-0.003143269	-0.002888877
88	0.028074468	-0.003473467	-0.003442927
89	0.028074468	-0.003798764	-0.004008717
90	0.028074468	-0.004114942	-0.004588881
91	0.028074468	-0.004427872	-0.005177433
92	0.028074468	-0.004734628	-0.005775968
93	0.028074468	-0.005034811	-0.006383945
94	0.028074468	-0.005327908	-0.007000953
95	0.028074468	-0.005613238	-0.007626747
96	0.028074468	-0.005889894	-0.008261301
97	0.028074468	-0.006156673	-0.008904856
98	0.028074468	-0.006412001	-0.009557986
99	0.028074468	-0.006599064	-0.010146427
1	0.030148936	-0.007155251	-0.010051770
2	0.030148936	-0.006634372	-0.009598935
3	0.030148936	-0.006118006	-0.009143117
4	0.030148936	-0.005607776	-0.008683814
5	0.030148936	-0.005102538	-0.008223019
6	0.030148936	-0.004601538	-0.007762369
7	0.030148936	-0.004104341	-0.007303204
8	0.030148936	-0.003610777	-0.006846612
9	0.030148936	-0.003120886	-0.006393480
10	0.030148936	-0.002634878	-0.005944529
11	0.030148936	-0.002150822	-0.005502404
12	0.030148936	-0.001674553	-0.005062703
13	0.030148936	-0.001203166	-0.004628923
14	0.030148936	-0.000737339	-0.004201301
15	0.030148936	-0.000277760	-0.003780052
16	0.030148936	0.000174879	-0.003365365
17	0.030148936	0.000619878	-0.002957413
18	0.030148936	0.001056539	-0.002556353
19	0.030148936	0.001484163	-0.002162324
20	0.030148936	0.001902050	-0.001775454
21	0.030148936	0.002309505	-0.001395859
22	0.030148936	0.002705833	-0.001023643
23	0.030148936	0.003090345	-0.000658904
24	0.030148936	0.003462351	-0.000301732
25	0.030148936	0.003821166	0.000047791
26	0.030148936	0.004166106	0.000389584
27	0.030148936	0.004496487	0.000723569
28	0.030148936	0.004811621	0.001049668
29	0.030148936	0.005110821	0.001367798
30	0.030148936	0.005393391	0.001677869
31	0.030148936	0.005658626	0.001979777
32	0.030148936	0.005905809	0.002273394
33	0.030148936	0.006134210	0.002558560
34	0.030148936	0.006343084	0.002835064
35	0.030148936	0.006531674	0.003102626
36	0.030148936	0.006699221	0.003360856
37	0.030148936	0.006844991	0.003609221
38	0.030148936	0.006968326	0.003846981
39	0.030148936	0.007068735	0.004073125
40	0.030148936	0.007145890	0.004286391
41	0.030148936	0.007197637	0.004485584
42	0.030148936	0.007217664	0.004669076
43	0.030148936	0.007204072	0.004831752
44	0.030148936	0.007164189	0.004967866
45	0.030148936	0.007109916	0.005075249
46	0.030148936	0.007053034	0.005155849
47	0.030148936	0.007001599	0.005212975
48	0.030148936	0.006961826	0.005250916
49	0.030148936	0.006936719	0.005272343
50	0.030148936	0.006928158	0.005279261
51	0.030148936	0.006919273	0.005286249
52	0.030148936	0.006892089	0.005306503
53	0.030148936	0.006845181	0.005337914
54	0.030148936	0.006776491	0.005376819
55	0.030148936	0.006683872	0.005417950
56	0.030148936	0.006565949	0.005455105
57	0.030148936	0.006422700	0.005482349
58	0.030148936	0.006255301	0.005494806
59	0.030148936	0.006065598	0.005490580
60	0.030148936	0.005855239	0.005469210
61	0.030148936	0.005625300	0.005432158
62	0.030148936	0.005377119	0.005377513
63	0.030148936	0.005112496	0.005302429
64	0.030148936	0.004833374	0.005204737
65	0.030148936	0.004540217	0.005086418
66	0.030148936	0.004234113	0.004947437
67	0.030148936	0.003916457	0.004786990
68	0.030148936	0.003588598	0.004604530
69	0.030148936	0.003251816	0.004399737
70	0.030148936	0.002907311	0.004172491
71	0.030148936	0.002556193	0.003922842
72	0.030148936	0.002199483	0.003650976
73	0.030148936	0.001838118	0.003357192
74	0.030148936	0.001472962	0.003041876
75	0.030148936	0.001104806	0.002705483
76	0.030148936	0.000734383	0.002348521
77	0.030148936	0.000362375	0.001971539
78	0.030148936	-0.000010581	0.001575118
79	0.030148936	-0.000383886	0.001159867
80	0.030148936	-0.000756973	0.000726415
81	0.030148936	-0.001129308	0.000275411
82	0.030148936	-0.001500383	-0.000192477
83	0.030148936	-0.001869722	-0.000676566
84	0.030148936	-0.002236877	-0.001176151
85	0.030148936	-0.002601431	-0.001690509
86	0.030148936	-0.002963005	-0.002218897
87	0.030148936	-0.003321257	-0.002760550
88	0.030148936	-0.003675889	-0.003314681
89	0.030148936	-0.004026650	-0.003880479
90	0.030148936	-0.004369606	-0.004460491
91	0.030148936	-0.004710011	-0.005048967
92	0.030148936	-0.005045105	-0.005647446
93	0.030148936	-0.005374431	-0.006255406
94	0.030148936	-0.005697447	-0.006872437
95	0.030148936	-0.006013480	-0.007498277
96	0.030148936	-0.006321679	-0.008132858
97	0.030148936	-0.006620961	-0.008776354
98	0.030148936	-0.006909946	-0.009429241
99	0.030148936	-0.007155251	-0.010051770
1	0.032223404	-0.007636243	-0.009687959
2	0.032223404	-0.007096076	-0.009255444
3	0.032223404	-0.006562766	-0.008817240
4	0.032223404	-0.006035792	-0.008374904
5	0.032223404	-0.005513859	-0.007930735
6	0.032223404	-0.004996112	-0.007486589
7	0.032223404	-0.004482067	-0.007043943
8	0.032223404	-0.003971543	-0.006603962
9	0.032223404	-0.003464600	-0.006167554
10	0.032223404	-0.002961490	-0.005735422
11	0.032223404	-0.002460474	-0.005310200
12	0.032223404	-0.001967114	-0.004887357
13	0.032223404	-0.001478773	-0.004470370
14	0.032223404	-0.000996176	-0.004059411
15	0.032223404	-0.000520049	-0.003654631
16	0.032223404	-0.000051121	-0.003256166
17	0.032223404	0.000409889	-0.002864145
18	0.032223404	0.000862265	-0.002478687
19	0.032223404	0.001305302	-0.002099909
20	0.032223404	0.001738305	-0.001727923
21	0.032223404	0.002160591	-0.001362838
22	0.032223404	0.002571483	-0.001004764
23	0.032223404	0.002970320	-0.000653808
24	0.032223404	0.003356446	-0.000310073
25	0.032223404	0.003729214	0.000026337
26	0.032223404	0.004087983	0.000355321
27	0.032223404	0.004432116	0.000676782
28	0.032223404	0.004760974	0.000990625
29	0.032223404	0.005073915	0.001296758
30	0.032223404	0.005370288	0.001595094
31	0.032223404	0.005649422	0.001885548
32	0.032223404	0.005910620	0.002168035
33	0.032223404	0.006153144	0.002442472
34	0.032223404	0.006376196	0.002708766
35	0.032223404	0.006578898	0.002966808
36	0.032223404	0.006760257	0.003216452
37	0.032223404	0.006919125	0.003457480
38	0.032223404	0.007054161	0.003689535
39	0.032223404	0.007163793	0.003912001
40	0.032223404	0.007246264	0.004123821
41	0.032223404	0.007299651	0.004323087
42	0.032223404	0.007323503	0.004506651
43	0.032223404	0.007319621	0.004670347
44	0.032223404	0.007292771	0.004810027
45	0.032223404	0.007250708	0.004923070
46	0.032223404	0.007202646	0.005009486
47	0.032223404	0.007157093	0.005071612
48	0.032223404	0.007120498	0.005112801
49	0.032223404	0.007097044	0.005136138
50	0.032223404	0.007088990	0.005143680
51	0.032223404	0.007080599	0.005151301
52	0.032223404	0.007054751	0.005173380
53	0.032223404	0.007009598	0.005207524
54	0.032223404	0.006942634	0.005249736
55	0.032223404	0.006851474	0.005294645
56	0.032223404	0.006734648	0.005336159
57	0.032223404	0.006592038	0.005368479
58	0.032223404	0.006424741	0.005387143
59	0.032223404	0.006234477	0.005389702
60	0.032223404	0.006022888	0.005375803
61	0.032223404	0.005791229	0.005346045
62	0.032223404	0.005540741	0.005299150
63	0.032223404	0.005272801	0.005233543
64	0.032223404	0.004988814	0.005148014
65	0.032223404	0.004690167	0.005041670
66	0.032223404	0.004378204	0.004913888
67	0.032223404	0.004054209	0.004764264
68	0.032223404	0.003719398	0.004592576
69	0.032223404	0.003374918	0.004398746
70	0.032223404	0.003021852	0.004182811
71	0.032223404	0.002661218	0.003944908
72	0.032223404	0.002293979	0.003685249
73	0.032223404	0.001921046	0.003404117
74	0.032223404	0.001543278	0.003101850
75	0.032223404	0.001161490	0.002778835
76	0.032223404	0.000776457	0.002435507
77	0.032223404	0.000388910	0.002072337
78	0.032223404	-0.000000456	0.001689835
79	0.032223404	-0.000390982	0.001288544
80	0.032223404	-0.000782048	0.000869040
81	0.032223404	-0.001173065	0.000431926
82	0.032223404	-0.001563483	-0.000022165
83	0.032223404	-0.001952784	-0.000492574
84	0.032223404	-0.002340487	-0.000978616
85	0.032223404	-0.002726146	-0.001479584
86	0.032223404	-0.003109352	-0.001994744
87	0.032223404	-0.003489733	-0.002523343
88	0.032223404	-0.003866958	-0.003064604
89	0.032223404	-0.004240736	-0.003617727
90	0.032223404	-0.004607370	-0.004185271
91	0.032223404	-0.004971660	-0.004761499
92	0.032223404	-0.005330996	-0.005347958
93	0.032223404	-0.005684913	-0.005944128
94	0.032223404	-0.006032881	-0.006549589
95	0.032223404	-0.006374285	-0.007164051
96	0.032223404	-0.006708392	-0.007787392
97	0.032223404	-0.007034331	-0.008419694
98	0.032223404	-0.007351057	-0.009061288
99	0.032223404	-0.007636243	-0.009687959
1	0.034297872	-0.008074115	-0.009303173
2	0.034297872	-0.007518713	-0.008889242
3	0.034297872	-0.006969863	-0.008469443
4	0.034297872	-0.006427173	-0.008045280
5	0.034297872	-0.005889432	-0.007619105
6	0.034297872	-0.005355854	-0.007192812
7	0.034297872	-0.004826004	-0.006767905
8	0.034297872	-0.004299739	-0.006345562
9	0.034297872	-0.003777151	-0.005926699
10	0.034297872	-0.003258512	-0.005512019
11	0.034297872	-0.002742174	-0.005104237
12	0.034297872	-0.002233534	-0.004698600
13	0.034297872	-0.001730079	-0.004298702
14	0.034297872	-0.001232536	-0.003904693
15	0.034297872	-0.000741637	-0.003516700
16	0.034297872	-0.000258113	-0.003134838
17	0.034297872	0.000217312	-0.002759208
18	0.034297872	0.000683918	-0.002389908
19	0.034297872	0.001140999	-0.002027028
20	0.034297872	0.001587854	-0.001670656
21	0.034297872	0.002023797	-0.001320878
22	0.034297872	0.002448150	-0.000977779
23	0.034297872	0.002860247	-0.000641442
24	0.034297872	0.003259432	-0.000311949
25	0.034297872	0.003645058	0.000010621
26	0.034297872	0.004016483	0.000326187
27	0.034297872	0.004373070	0.000634674
28	0.034297872	0.004714186	0.000936008
29	0.034297872	0.005039193	0.001230116
30	0.034297872	0.005347448	0.001516930
31	0.034297872	0.005638294	0.001796383
32	0.034297872	0.005911049	0.002068409
33	0.034297872	0.006165001	0.002332942
34	0.034297872	0.006399384	0.002589908
35	0.034297872	0.006613366	0.002839219
36	0.034297872	0.006806016	0.003080752
37	0.034297872	0.006976276	0.003314323
38	0.034297872	0.007122921	0.003539628
39	0.034297872	0.007244533	0.003756140
40	0.034297872	0.007339526	0.003962936
41	0.034297872	0.007405961	0.004158557
42	0.034297872	0.007442654	0.004340236
43	0.034297872	0.007450797	0.004503986
44	0.034297872	0.007434447	0.004645460
45	0.034297872	0.007400827	0.004761449
46	0.034297872	0.007359027	0.004851193
47	0.034297872	0.007317793	0.004916378
48	0.034297872	0.007283950	0.004959943
49	0.034297872	0.007262009	0.004984762
50	0.034297872	0.007254436	0.004992806
51	0.034297872	0.007246512	0.005000963
52	0.034297872	0.007221989	0.005024661
53	0.034297872	0.007178799	0.005061538
54	0.034297872	0.007114106	0.005107590
55	0.034297872	0.007025145	0.005157377
56	0.034297872	0.006910108	0.005204666
57	0.034297872	0.006768645	0.005243490
58	0.034297872	0.006601750	0.005269258
59	0.034297872	0.006411131	0.005279480
60	0.034297872	0.006198484	0.005273857
61	0.034297872	0.005965105	0.005252944
62	0.034297872	0.005712232	0.005215299
63	0.034297872	0.005441202	0.005159360
64	0.034297872	0.005153378	0.005083933
65	0.034297872	0.004850111	0.004988139
66	0.034297872	0.004532706	0.004871362
67	0.034297872	0.004202416	0.004733194
68	0.034297872	0.003860428	0.004573403
69	0.034297872	0.003507869	0.004391887
70	0.034297872	0.003145809	0.004188659
71	0.034297872	0.002775259	0.003963820
72	0.034297872	0.002397184	0.003717545
73	0.034297872	0.002012499	0.003450074
74	0.034297872	0.001622080	0.003161702
75	0.034297872	0.001226760	0.002852775
76	0.034297872	0.000827336	0.002523680
77	0.034297872	0.000424570	0.002174846
78	0.034297872	0.000019188	0.001806741
79	0.034297872	-0.000388117	0.001419867
80	0.034297872	-0.000796684	0.001014761
81	0.034297872	-0.001205888	0.000591990
82	0.034297872	-0.001615135	0.000152154
83	0.034297872	-0.002023866	-0.000304119
84	0.034297872	-0.002431558	-0.000776171
85	0.034297872	-0.002837722	-0.001263318
86	0.034297872	-0.003241908	-0.001764847
87	0.034297872	-0.003643704	-0.002280020
88	0.034297872	-0.004042742	-0.002808072
89	0.034297872	-0.004438694	-0.003348214
90	0.034297872	-0.004827974	-0.003903126
91	0.034297872	-0.005215147	-0.004466898
92	0.034297872	-0.005597681	-0.005041157
93	0.034297872	-0.005975106	-0.005625385
94	0.034297872	-0.006346902	-0.006219162
95	0.034297872	-0.006712474	-0.006822199
96	0.034297872	-0.007071132	-0.007434369
97	0.034297872	-0.007422059	-0.008055754
98	0.034297872	-0.007764294	-0.008686684
99	0.034297872	-0.008074115	-0.009303173
1	0.036372340	-0.008488890	-0.008928628
2	0.036372340	-0.007919004	-0.008532541
3	0.036372340	-0.007355396	-0.008130410
4	0.036372340	-0.006797776	-0.007723699
5	0.036372340	-0.006245016	-0.007314809
6	0.036372340	-0.005696392	-0.006905671
7	0.036372340	-0.005151521	-0.006497814
8	0.036372340	-0.004610297	-0.006092431
9	0.036372340	-0.004072839	-0.005690443
10	0.036372340	-0.003539441	-0.005292552
11	0.036372340	-0.003008543	-0.004901551
12	0.036372340	-0.002485384	-0.004512476
13	0.036372340	-0.001967569	-0.004129031
14	0.036372340	-0.001455831	-0.003751345
15	0.036372340	-0.000950904	-0.003379522
16	0.036372340	-0.000453524	-0.003013654
17	0.036372340	0.000035581	-0.002653820
18	0.036372340	0.000515688	-0.002300092
19	0.036372340	0.000986085	-0.001952537
20	0.036372340	0.001446071	-0.001611219
21	0.036372340	0.001894954	-0.001276201
22	0.036372340	0.002332054	-0.000947543
23	0.036372340	0.002756703	-0.000625307
24	0.036372340	0.003168242	-0.000309550
25	0.036372340	0.003566022	-0.000000332
26	0.036372340	0.003949401	0.000302289
27	0.036372340	0.004317744	0.000598259
28	0.036372340	0.004670418	0.000887521
29	0.036372340	0.005006791	0.001170026
30	0.036372340	0.005326225	0.001445720
31	0.036372340	0.005628072	0.001714557
32	0.036372340	0.005911664	0.001976487
33	0.036372340	0.006176307	0.002231460
34	0.036372340	0.006421263	0.002479420
35	0.036372340	0.006645735	0.002720296
36	0.036372340	0.006848842	0.002953985
37	0.036372340	0.007029595	0.003180332
38	0.036372340	0.007186862	0.003399070
39	0.036372340	0.007319349	0.003609741
40	0.036372340	0.007425616	0.003811539
41	0.036372340	0.007503876	0.004003194
42	0.036372340	0.007552564	0.004182455
43	0.036372340	0.007572293	0.004345580
44	0.036372340	0.007566406	0.004488183
45	0.036372340	0.007541471	0.004606608
46	0.036372340	0.007506271	0.004699366
47	0.036372340	0.007469659	0.004767440
48	0.036372340	0.007438784	0.004813297
49	0.036372340	0.007418479	0.004839562
50	0.036372340	0.007411427	0.004848097
51	0.036372340	0.007404012	0.004856781
52	0.036372340	0.007380934	0.004882077
53	0.036372340	0.007339886	0.004921655
54	0.036372340	0.007277661	0.004971507
55	0.036372340	0.007191077	0.005026095
56	0.036372340	0.007077960	0.005079001
57	0.036372340	0.006937737	0.005124060
58	0.036372340	0.006771325	0.005156570
59	0.036372340	0.006580458	0.005174073
60	0.036372340	0.006366889	0.005176439
61	0.036372340	0.006131946	0.005164092
62	0.036372340	0.005876853	0.005135410
63	0.036372340	0.005602915	0.005088834
64	0.036372340	0.005311463	0.005023179
65	0.036372340	0.005003818	0.004937574
66	0.036372340	0.004681258	0.004831407
67	0.036372340	0.004345007	0.004704268
68	0.036372340	0.003996233	0.004555912
69	0.036372340	0.003636045	0.004386222
70	0.036372340	0.003265502	0.004195185
71	0.036372340	0.002885610	0.003982874
72	0.036372340	0.002497332	0.003749432
73	0.036372340	0.002101589	0.003495063
74	0.036372340	0.001699266	0.003220025
75	0.036372340	0.001291212	0.002924624
76	0.036372340	0.000878243	0.002609209
77	0.036372340	0.000461142	0.002274170
78	0.036372340	0.000040664	0.001919935
79	0.036372340	-0.000382469	0.001546969
80	0.036372340	-0.000807565	0.001155772
81	0.036372340	-0.001233964	0.000746878
82	0.036372340	-0.001661035	0.000320854
83	0.036372340	-0.002088183	-0.000121700
84	0.036372340	-0.002514846	-0.000580155
85	0.036372340	-0.002940498	-0.001053850
86	0.036372340	-0.003364648	-0.001542094
87	0.036372340	-0.003786850	-0.002044164
88	0.036372340	-0.004206696	-0.002559312
89	0.036372340	-0.004623825	-0.003086755
90	0.036372340	-0.005034757	-0.003629292
91	0.036372340	-0.005443825	-0.004180855
92	0.036372340	-0.005848570	-0.004743145
93	0.036372340	-0.006248515	-0.005315647
94	0.036372340	-0.006643142	-0.005897944
95	0.036372340	-0.007031871	-0.006489746
96	0.036372340	-0.007414039	-0.007090929
97	0.036372340	-0.007788877	-0.007701571
98	0.036372340	-0.008155488	-0.008322001
99	0.036372340	-0.008488890	-0.008928628
1	0.038446809	-0.008880195	-0.008564495
2	0.038446809	-0.008296594	-0.008185541
3	0.038446809	-0.007719021	-0.007800371
4	0.038446809	-0.007147269	-0.007410419
5	0.038446809	-0.006580290	-0.007018135
6	0.038446809	-0.006017422	-0.006625483
7	0.038446809	-0.005458327	-0.006234014
8	0.038446809	-0.004902938	-0.005844937
9	0.038446809	-0.004351401	-0.005459176
10	0.038446809	-0.003804031	-0.005077433
11	0.038446809	-0.003259353	-0.004702575
12	0.038446809	-0.002722453	-0.004329436
13	0.038446809	-0.002191052	-0.003961825
14	0.038446809	-0.001665886	-0.003599849
15	0.038446809	-0.001147695	-0.003243592
16	0.038446809	-0.000637217	-0.002893123
17	0.038446809	-0.000135185	-0.002548497
18	0.038446809	0.000357675	-0.002209764
19	0.038446809	0.000840647	-0.001876968
20	0.038446809	0.001313026	-0.001550150
21	0.038446809	0.001774118	-0.001229349
22	0.038446809	0.002223240	-0.000914604
23	0.038446809	0.002659720	-0.000605952
24	0.038446809	0.003082897	-0.000303431
25	0.038446809	0.003492122	-0.000007079
26	0.038446809	0.003886751	0.000283068
27	0.038446809	0.004266149	0.000566974
28	0.038446809	0.004629686	0.000844603
29	0.038446809	0.004976730	0.001115922
30	0.038446809	0.005306648	0.001380900
31	0.038446809	0.005618801	0.001639502
32	0.038446809	0.005912531	0.001891699
33	0.038446809	0.006187158	0.002137456
34	0.038446809	0.006441965	0.002376732
35	0.038446809	0.006676183	0.002609472
36	0.038446809	0.006888971	0.002835594
37	0.038446809	0.007079395	0.003054961
38	0.038446809	0.007246394	0.003267341
39	0.038446809	0.007388771	0.003472326
40	0.038446809	0.007505201	0.003669196
41	0.038446809	0.007594102	0.003856817
42	0.038446809	0.007653795	0.004033291
43	0.038446809	0.007684426	0.004195210
44	0.038446809	0.007688680	0.004338284
45	0.038446809	0.007672422	0.004458557
46	0.038446809	0.007643990	0.004553900
47	0.038446809	0.007612204	0.004624596
48	0.038446809	0.007584459	0.004672593
49	0.038446809	0.007565889	0.004700226
50	0.038446809	0.007559392	0.004709229
51	0.038446809	0.007552521	0.004718416
52	0.038446809	0.007530993	0.004745248
53	0.038446809	0.007492246	0.004787442
54	0.038446809	0.007432674	0.004840990
55	0.038446809	0.007348634	0.004900243
56	0.038446809	0.007237563	0.004958568
57	0.038446809	0.007098668	0.005009577
58	0.038446809	0.006932822	0.005048468
59	0.038446809	0.006741814	0.005072885
60	0.038446809	0.006527466	0.005082940
61	0.038446809	0.006291138	0.005078823
62	0.038446809	0.006034021	0.005058761
63	0.038446809	0.005757394	0.005021193
64	0.038446809	0.005462563	0.004964936
65	0.038446809	0.005150825	0.004889124
66	0.038446809	0.004823435	0.004793143
67	0.038446809	0.004481599	0.004676580
68	0.038446809	0.004126466	0.004539180
69	0.038446809	0.003759134	0.004380811
70	0.038446809	0.003380648	0.004201440
71	0.038446809	0.002992013	0.004001116
72	0.038446809	0.002594188	0.003779953
73	0.038446809	0.002188100	0.003538127
74	0.038446809	0.001774638	0.003275862
75	0.038446809	0.001354664	0.002993431
76	0.038446809	0.000929008	0.002691146
77	0.038446809	0.000498473	0.002369365
78	0.038446809	0.000063834	0.002028479
79	0.038446809	-0.000374163	0.001668920
80	0.038446809	-0.000814799	0.001291154
81	0.038446809	-0.001257382	0.000895683
82	0.038446809	-0.001701253	0.000483044
83	0.038446809	-0.002145783	0.000053806
84	0.038446809	-0.002590377	-0.000391426
85	0.038446809	-0.003034472	-0.000852015
86	0.038446809	-0.003477545	-0.001327291
87	0.038446809	-0.003919113	-0.001816551
88	0.038446809	-0.004358734	-0.002319061
89	0.038446809	-0.004796013	-0.002834050
90	0.038446809	-0.005227569	-0.003364426
91	0.038446809	-0.005657515	-0.003903977
92	0.038446809	-0.006083455	-0.004454478
93	0.038446809	-0.006504902	-0.005015418
94	0.038446809	-0.006921336	-0.005586384
95	0.038446809	-0.007332182	-0.006167090
96	0.038446809	-0.007736798	-0.006757413
97	0.038446809	-0.008134446	-0.007357434
98	0.038446809	-0.008524280	-0.007967483
99	0.038446809	-0.008880195	-0.008564495
1	0.040521277	-0.009247687	-0.008210933
2	0.040521277	-0.008651154	-0.007848429
3	0.040521277	-0.008060423	-0.007479539
4	0.040521277	-0.007475353	-0.007105681
5	0.040521277	-0.006894971	-0.006729348
6	0.040521277	-0.006318674	-0.006352536
7	0.040521277	-0.005746171	-0.005976818
8	0.040521277	-0.005177428	-0.005603414
9	0.040521277	-0.004612621	-0.005233253
10	0.040521277	-0.004052083	-0.004867037
11	0.040521277	-0.003494424	-0.004507699
12	0.040521277	-0.002944580	-0.004149885
13	0.040521277	-0.002400385	-0.003797502
14	0.040521277	-0.001862579	-0.003450635
15	0.040521277	-0.001331905	-0.003109349
16	0.040521277	-0.000809106	-0.002773689
17	0.040521277	-0.000294918	-0.002443692
18	0.040521277	0.000209929	-0.002119382
19	0.040521277	0.000704717	-0.001800783
20	0.040521277	0.001188737	-0.001487913
21	0.040521277	0.001661292	-0.001180788
22	0.040521277	0.002121696	-0.000879427
23	0.040521277	0.002569275	-0.000583845
24	0.040521277	0.003003367	-0.000294060
25	0.040521277	0.003423320	-0.000010088
26	0.040521277	0.003828489	0.000268054
27	0.040521277	0.004218240	0.000540349
28	0.040521277	0.004591941	0.000806781
29	0.040521277	0.004948966	0.001067334
30	0.040521277	0.005288684	0.001321993
31	0.040521277	0.005610459	0.001570742
32	0.040521277	0.005913645	0.001813567
33	0.040521277	0.006197571	0.002050448
34	0.040521277	0.006461537	0.002281360
35	0.040521277	0.006704798	0.002506264
36	0.040521277	0.006926542	0.002725093
37	0.040521277	0.007125876	0.002937732
38	0.040521277	0.007301797	0.003143974
39	0.040521277	0.007453181	0.003343453
40	0.040521277	0.007578793	0.003535518
41	0.040521277	0.007677246	0.003719142
42	0.040521277	0.007746915	0.003892605
43	0.040521277	0.007787614	0.004052872
44	0.040521277	0.007801458	0.004195828
45	0.040521277	0.007793627	0.004317352
46	0.040521277	0.007771935	0.004414791
47	0.040521277	0.007745051	0.004487767
48	0.040521277	0.007720525	0.004537692
49	0.040521277	0.007703752	0.004566580
50	0.040521277	0.007697830	0.004576014
51	0.040521277	0.007691530	0.004585670
52	0.040521277	0.007671627	0.004613941
53	0.040521277	0.007635301	0.004658606
54	0.040521277	0.007578530	0.004715679
55	0.040521277	0.007497179	0.004779403
56	0.040521277	0.007388266	0.004842907
57	0.040521277	0.007250778	0.004899558
58	0.040521277	0.007085577	0.004944465
59	0.040521277	0.006894540	0.004975423
60	0.040521277	0.006679570	0.004992817
61	0.040521277	0.006442048	0.004996541
62	0.040521277	0.006183126	0.004984710
63	0.040521277	0.005904055	0.004955752
64	0.040521277	0.005606125	0.004908481
65	0.040521277	0.005290611	0.004842030
66	0.040521277	0.004958752	0.004755784
67	0.040521277	0.004611737	0.004649324
68	0.040521277	0.004250703	0.004522385
69	0.040521277	0.003876736	0.004374822
70	0.040521277	0.003490875	0.004206586
71	0.040521277	0.003094117	0.004017704
72	0.040521277	0.002687422	0.003808269
73	0.040521277	0.002271716	0.003578427
74	0.040521277	0.001847896	0.003328377
75	0.040521277	0.001416830	0.003058362
76	0.040521277	0.000979360	0.002768664
77	0.040521277	0.000536303	0.002459610
78	0.040521277	0.000088451	0.002131560
79	0.040521277	-0.000363430	0.001784914
80	0.040521277	-0.000818597	0.001420109
81	0.040521277	-0.001276337	0.001037617
82	0.040521277	-0.001735962	0.000637945
83	0.040521277	-0.002196816	0.000221638
84	0.040521277	-0.002658273	-0.000210728
85	0.040521277	-0.003119741	-0.000658538
86	0.040521277	-0.003580665	-0.001121143
87	0.040521277	-0.004040527	-0.001597861
88	0.040521277	-0.004498855	-0.002087971
89	0.040521277	-0.004955222	-0.002590717
90	0.040521277	-0.005406342	-0.003109109
91	0.040521277	-0.005856110	-0.003636809
92	0.040521277	-0.006302194	-0.004175658
93	0.040521277	-0.006744091	-0.004725155
94	0.040521277	-0.007181272	-0.005284894
95	0.040521277	-0.007613165	-0.005854594
96	0.040521277	-0.008039134	-0.006434138
97	0.040521277	-0.008458465	-0.007023614
98	0.040521277	-0.008870345	-0.007623359
99	0.040521277	-0.009247687	-0.008210933
1	0.042595745	-0.009591046	-0.007868092
2	0.042595745	-0.008982386	-0.007521376
3	0.042595745	-0.008379320	-0.007168109
4	0.042595745	-0.007781761	-0.006809702
5	0.042595745	-0.007188807	-0.006448687
6	0.042595745	-0.006599914	-0.006087092
7	0.042595745	-0.006014833	-0.005726506
8	0.042595745	-0.005433568	-0.005368162
9	0.042595745	-0.004856316	-0.005012992
10	0.042595745	-0.004283435	-0.004661695
11	0.042595745	-0.003713612	-0.004317267
12	0.042595745	-0.003151640	-0.003974179
13	0.042595745	-0.002595462	-0.003636425
14	0.042595745	-0.002045822	-0.003304074
15	0.042595745	-0.001503467	-0.002977169
16	0.042595745	-0.000969142	-0.002655735
17	0.042595745	-0.000443587	-0.002339788
18	0.042595745	0.000072466	-0.002029332
19	0.042595745	0.000578294	-0.001724367
20	0.042595745	0.001073187	-0.001424893
21	0.042595745	0.001556445	-0.001130904
22	0.042595745	0.002027380	-0.000842398
23	0.042595745	0.002485316	-0.000559371
24	0.042595745	0.002929589	-0.000281819
25	0.042595745	0.003359544	-0.000009740
26	0.042595745	0.003774539	0.000256868
27	0.042595745	0.004173936	0.000518006
28	0.042595745	0.004557107	0.000773676
29	0.042595745	0.004923424	0.001023879
30	0.042595745	0.005272261	0.001268618
31	0.042595745	0.005602987	0.001507892
32	0.042595745	0.005914960	0.001741702
33	0.042595745	0.006207520	0.001970044
34	0.042595745	0.006479980	0.002192908
35	0.042595745	0.006731611	0.002410270
36	0.042595745	0.006961626	0.002622080
37	0.042595745	0.007169164	0.002828240
38	0.042595745	0.007353265	0.003028571
39	0.042595745	0.007512859	0.003222738
40	0.042595745	0.007646775	0.003410148
41	0.042595745	0.007753782	0.003589822
42	0.042595745	0.007832445	0.003760163
43	0.042595745	0.007882318	0.003918464
44	0.042595745	0.007905047	0.004060821
45	0.042595745	0.007905192	0.004183048
46	0.042595745	0.007890023	0.004282084
47	0.042595745	0.007867969	0.004356959
48	0.042595745	0.007846659	0.004408559
49	0.042595745	0.007831695	0.004438560
50	0.042595745	0.007826353	0.004448381
51	0.042595745	0.007820632	0.004458461
52	0.042595745	0.007802388	0.004488038
53	0.042595745	0.007768547	0.004534979
54	0.042595745	0.007714668	0.004595341
55	0.042595745	0.007636102	0.004663275
56	0.042595745	0.007529429	0.004731669
57	0.042595745	0.007393419	0.004793632
58	0.042595745	0.007228937	0.004844182
59	0.042595745	0.007037982	0.004881282
60	0.042595745	0.006822563	0.004905598
61	0.042595745	0.006584049	0.004916730
62	0.042595745	0.006323552	0.004912697
63	0.042595745	0.006042304	0.004891912
64	0.042595745	0.005741576	0.004853182
65	0.042595745	0.005422629	0.004795634
66	0.042595745	0.005086686	0.004718649
67	0.042595745	0.004734926	0.004621801
68	0.042595745	0.004368474	0.004504817
69	0.042595745	0.003988406	0.004367539
70	0.042595745	0.003595755	0.004209902
71	0.042595745	0.003191514	0.004031918
72	0.042595745	0.002776640	0.003833657
73	0.042595745	0.002352061	0.003615246
74	0.042595745	0.001918676	0.003376858
75	0.042595745	0.001477359	0.003118711
76	0.042595745	0.001028960	0.002841063
77	0.042595745	0.000574306	0.002544211
78	0.042595745	0.000114204	0.002228491
79	0.042595745	-0.000350565	0.001894273
80	0.042595745	-0.000819241	0.001541967
81	0.042595745	-0.001291090	0.001172018
82	0.042595745	-0.001765403	0.000784907
83	0.042595745	-0.002241499	0.000381152
84	0.042595745	-0.002718727	-0.000038692
85	0.042595745	-0.003196468	-0.000474036
86	0.042595745	-0.003674138	-0.000924251
87	0.042595745	-0.004151191	-0.001388673
88	0.042595745	-0.004627125	-0.001866600
89	0.042595745	-0.005101480	-0.002357289
90	0.042595745	-0.005571063	-0.002863848
91	0.042595745	-0.006039561	-0.003379825
92	0.042595745	-0.006504698	-0.003907126
93	0.042595745	-0.006965953	-0.004445263
94	0.042595745	-0.007422785	-0.004993839
95	0.042595745	-0.007874615	-0.005552584
96	0.042595745	-0.008320811	-0.006121391
97	0.042595745	-0.008760667	-0.006700359
98	0.042595745	-0.009193392	-0.007289840
99	0.042595745	-0.009591046	-0.007868092
1	0.044670213	-0.009909981	-0.007536111
2	0.044670213	-0.009290018	-0.007204540
3	0.044670213	-0.008675458	-0.006866258
4	0.044670213	-0.008066256	-0.006522679
5	0.044670213	-0.007461581	-0.006176371
6	0.044670213	-0.006860942	-0.005829386
7	0.044670213	-0.006264134	-0.005483333
8	0.044670213	-0.005671193	-0.005139450
9	0.044670213	-0.005082343	-0.004798675
10	0.044670213	-0.004497960	-0.004461702
11	0.044670213	-0.003916811	-0.004131585
12	0.044670213	-0.003343547	-0.003802631
13	0.044670213	-0.002776217	-0.003478916
14	0.044670213	-0.002215569	-0.003160491
15	0.044670213	-0.001662351	-0.002847381
16	0.044670213	-0.001117314	-0.002539591
17	0.044670213	-0.000581198	-0.002237117
18	0.044670213	-0.000054739	-0.001939943
19	0.044670213	0.000461339	-0.001648050
20	0.044670213	0.000966322	-0.001361417
21	0.044670213	0.001459510	-0.001080021
22	0.044670213	0.001940212	-0.000803838
23	0.044670213	0.002407751	-0.000532845
24	0.044670213	0.002861461	-0.000267022
25	0.044670213	0.003300688	-0.000006348
26	0.044670213	0.003724788	0.000249198
27	0.044670213	0.004133123	0.000499634
28	0.044670213	0.004525064	0.000744978
29	0.044670213	0.004899988	0.000985248
30	0.044670213	0.005257269	0.001220461
31	0.044670213	0.005596279	0.001450635
32	0.044670213	0.005916383	0.001675783
33	0.044670213	0.006216929	0.001895918
34	0.044670213	0.006497238	0.002111043
35	0.044670213	0.006756594	0.002321151
36	0.044670213	0.006994232	0.002526208
37	0.044670213	0.007209312	0.002726135
38	0.044670213	0.007400906	0.002920775
39	0.044670213	0.007567983	0.003109829
40	0.044670213	0.007709416	0.003292751
41	0.044670213	0.007824084	0.003468563
42	0.044670213	0.007910834	0.003635751
43	0.044670213	0.007968998	0.003791885
44	0.044670213	0.007999839	0.003933280
45	0.044670213	0.008007375	0.004055747
46	0.044670213	0.007998352	0.004155917
47	0.044670213	0.007980924	0.004232307
48	0.044670213	0.007962728	0.004285310
49	0.044670213	0.007949527	0.004316267
50	0.044670213	0.007944753	0.004326424
51	0.044670213	0.007939604	0.004336873
52	0.044670213	0.007922999	0.004367601
53	0.044670213	0.007891627	0.004416574
54	0.044670213	0.007840638	0.004479920
55	0.044670213	0.007764872	0.004551723
56	0.044670213	0.007660464	0.004624639
57	0.044670213	0.007525965	0.004691522
58	0.044670213	0.007362264	0.004747301
59	0.044670213	0.007171493	0.004790110
60	0.044670213	0.006955801	0.004820884
61	0.044670213	0.006716495	0.004838950
62	0.044670213	0.006454665	0.004842246
63	0.044670213	0.006171521	0.004829163
64	0.044670213	0.005868315	0.004798498
65	0.044670213	0.005546297	0.004749371
66	0.044670213	0.005206679	0.004681152
67	0.044670213	0.004850628	0.004593411
68	0.044670213	0.004479261	0.004485864
69	0.044670213	0.004093646	0.004358342
70	0.044670213	0.003694811	0.004210768
71	0.044670213	0.003283744	0.004043135
72	0.044670213	0.002861399	0.003855501
73	0.044670213	0.002428705	0.003647970
74	0.044670213	0.001986561	0.003420698
75	0.044670213	0.001535846	0.003173880
76	0.044670213	0.001077414	0.002907751
77	0.044670213	0.000612103	0.002622585
78	0.044670213	0.000140726	0.002318694
79	0.044670213	-0.000335922	0.001996425
80	0.044670213	-0.000817068	0.001656164
81	0.044670213	-0.001301960	0.001298329
82	0.044670213	-0.001789873	0.000923380
83	0.044670213	-0.002280106	0.000531811
84	0.044670213	-0.002771986	0.000124152
85	0.044670213	-0.003264871	-0.000299027
86	0.044670213	-0.003758152	-0.000737120
87	0.044670213	-0.004251258	-0.001189480
88	0.044670213	-0.004743658	-0.001655424
89	0.044670213	-0.005234866	-0.002134224
90	0.044670213	-0.005721772	-0.002629079
91	0.044670213	-0.006207866	-0.003133437
92	0.044670213	-0.006690922	-0.003649268
93	0.044670213	-0.007170403	-0.004176098
94	0.044670213	-0.007645749	-0.004713545
95	0.044670213	-0.008116370	-0.005261353
96	0.044670213	-0.008581628	-0.005819432
97	0.044670213	-0.009040818	-0.006387898
98	0.044670213	-0.009493157	-0.006967120
99	0.044670213	-0.009909981	-0.007536111
1	0.046744681	-0.010204231	-0.007215120
2	0.046744681	-0.009573824	-0.006898074
3	0.046744681	-0.008948643	-0.006574165
4	0.046744681	-0.008328677	-0.006244815
5	0.046744681	-0.007713162	-0.005912626
6	0.046744681	-0.007101659	-0.005579670
7	0.046744681	-0.006494006	-0.005247570
8	0.046744681	-0.005890270	-0.004917572
9	0.046744681	-0.005290701	-0.004590614
10	0.046744681	-0.004695692	-0.004267386
11	0.046744681	-0.004104086	-0.003950996
12	0.046744681	-0.003520399	-0.003635597
13	0.046744681	-0.002942779	-0.003325341
14	0.046744681	-0.002371979	-0.003020262
15	0.046744681	-0.001808750	-0.002720368
16	0.046744681	-0.001253843	-0.002425645
17	0.046744681	-0.000708003	-0.002136071
18	0.046744681	-0.000171965	-0.001851612
19	0.046744681	0.000353545	-0.001572232
20	0.046744681	0.000867811	-0.001297889
21	0.046744681	0.001370131	-0.001028544
22	0.046744681	0.001859814	-0.000764155
23	0.046744681	0.002336182	-0.000504682
24	0.046744681	0.002798568	-0.000250086
25	0.046744681	0.003246318	-0.000000331
26	0.046744681	0.003678787	0.000244620
27	0.046744681	0.004095339	0.000484801
28	0.046744681	0.004495345	0.000720247
29	0.046744681	0.004878182	0.000950990
30	0.046744681	0.005243229	0.001177063
31	0.046744681	0.005589860	0.001398496
32	0.046744681	0.005917445	0.001615320
33	0.046744681	0.006225338	0.001827560
34	0.046744681	0.006512867	0.002035236
35	0.046744681	0.006779331	0.002238354
36	0.046744681	0.007023974	0.002436898
37	0.046744681	0.007245978	0.002630809
38	0.046744681	0.007444437	0.002819954
39	0.046744681	0.007618345	0.003004066
40	0.046744681	0.007766605	0.003182646
41	0.046744681	0.007888169	0.003354746
42	0.046744681	0.007982102	0.003518841
43	0.046744681	0.008047607	0.003672737
44	0.046744681	0.008085657	0.003812942
45	0.046744681	0.008099832	0.003935294
46	0.046744681	0.008096417	0.004036195
47	0.046744681	0.008083274	0.004113739
48	0.046744681	0.008067999	0.004167877
49	0.046744681	0.008056468	0.004199630
50	0.046744681	0.008052233	0.004210070
51	0.046744681	0.008047630	0.004220831
52	0.046744681	0.008032597	0.004252543
53	0.046744681	0.008003613	0.004303287
54	0.046744681	0.007955448	0.004369285
55	0.046744681	0.007882447	0.004444585
56	0.046744681	0.007780299	0.004521640
57	0.046744681	0.007647338	0.004593048
58	0.046744681	0.007484476	0.004653642
59	0.046744681	0.007293995	0.004701708
60	0.046744681	0.007078172	0.004738417
61	0.046744681	0.006838279	0.004762878
62	0.046744681	0.006575366	0.004772966
63	0.046744681	0.006290621	0.004767057
64	0.046744681	0.005985281	0.004743930
65	0.046744681	0.005660582	0.004702695
66	0.046744681	0.005317726	0.004642714
67	0.046744681	0.004957869	0.004563545
68	0.046744681	0.004582121	0.004464895
69	0.046744681	0.004191545	0.004346584
70	0.046744681	0.003787161	0.004208523
71	0.046744681	0.003369953	0.004050692
72	0.046744681	0.002940874	0.003873132
73	0.046744681	0.002500850	0.003675933
74	0.046744681	0.002050781	0.003459232
75	0.046744681	0.001591547	0.003223206
76	0.046744681	0.001124007	0.002968071
77	0.046744681	0.000649002	0.002694083
78	0.046744681	0.000167354	0.002401530
79	0.046744681	-0.000320134	0.002090741
80	0.046744681	-0.000812679	0.001762078
81	0.046744681	-0.001309518	0.001415940
82	0.046744681	-0.001809909	0.001052764
83	0.046744681	-0.002313137	0.000673023
84	0.046744681	-0.002818511	0.000277227
85	0.046744681	-0.003325370	-0.000134076
86	0.046744681	-0.003833083	-0.000560298
87	0.046744681	-0.004341058	-0.001000813
88	0.046744681	-0.004848737	-0.001454954
89	0.046744681	-0.005355609	-0.001922010
90	0.046744681	-0.005858645	-0.002405268
91	0.046744681	-0.006361148	-0.002898084
92	0.046744681	-0.006860940	-0.003402494
93	0.046744681	-0.007357459	-0.003918038
94	0.046744681	-0.007850129	-0.004444356
95	0.046744681	-0.008338343	-0.004981209
96	0.046744681	-0.008821450	-0.005528530
97	0.046744681	-0.009298739	-0.006086456
98	0.046744681	-0.009769423	-0.006655388
99	0.046744681	-0.010204231	-0.007215120
1	0.048819149	-0.010473567	-0.006905234
2	0.048819149	-0.009833618	-0.006602120
3	0.048819149	-0.009198729	-0.006291997
4	0.048819149	-0.008568919	-0.005976306
5	0.048819149	-0.007943487	-0.005657672
6	0.048819149	-0.007322045	-0.005338187
7	0.048819149	-0.006704471	-0.005019485
8	0.048819149	-0.006090863	-0.004702816
9	0.048819149	-0.005481494	-0.004389116
10	0.048819149	-0.004876776	-0.004079072
11	0.048819149	-0.004275625	-0.003775838
12	0.048819149	-0.003682423	-0.003473428
13	0.048819149	-0.003095418	-0.003176063
14	0.048819149	-0.002515363	-0.002883760
15	0.048819149	-0.001943012	-0.002596510
16	0.048819149	-0.001379117	-0.002314286
17	0.048819149	-0.000824424	-0.002037045
18	0.048819149	-0.000279670	-0.001764740
19	0.048819149	0.000254419	-0.001497316
20	0.048819149	0.000777128	-0.001234717
21	0.048819149	0.001287752	-0.000976886
22	0.048819149	0.001785600	-0.000723766
23	0.048819149	0.002269996	-0.000475302
24	0.048819149	0.002740272	-0.000231439
25	0.048819149	0.003195773	0.000007874
26	0.048819149	0.003635855	0.000242689
27	0.048819149	0.004059885	0.000473053
28	0.048819149	0.004467234	0.000699016
29	0.048819149	0.004857281	0.000920624
30	0.048819149	0.005229407	0.001137923
31	0.048819149	0.005582991	0.001350958
32	0.048819149	0.005917407	0.001559772
33	0.048819149	0.006232013	0.001764404
34	0.048819149	0.006526148	0.001964889
35	0.048819149	0.006799117	0.002161248
36	0.048819149	0.007050179	0.002353482
37	0.048819149	0.007278527	0.002541553
38	0.048819149	0.007483275	0.002725353
39	0.048819149	0.007663434	0.002904649
40	0.048819149	0.007817923	0.003078989
41	0.048819149	0.007945707	0.003247478
42	0.048819149	0.008045924	0.003408620
43	0.048819149	0.008117726	0.003560353
44	0.048819149	0.008161913	0.003699301
45	0.048819149	0.008181766	0.003821314
46	0.048819149	0.008183213	0.003922627
47	0.048819149	0.008173853	0.004001004
48	0.048819149	0.008161203	0.004056022
49	0.048819149	0.008151190	0.004088413
50	0.048819149	0.008147450	0.004099083
51	0.048819149	0.008143350	0.004110099
52	0.048819149	0.008129777	0.004142627
53	0.048819149	0.008103041	0.004194873
54	0.048819149	0.008057589	0.004263189
55	0.048819149	0.007987314	0.004341639
56	0.048819149	0.007887460	0.004422509
57	0.048819149	0.007756114	0.004498141
58	0.048819149	0.007594187	0.004563214
59	0.048819149	0.007404104	0.004616082
60	0.048819149	0.007188293	0.004658109
61	0.048819149	0.006948010	0.004688334
62	0.048819149	0.006684270	0.004704600
63	0.048819149	0.006398237	0.004705260
64	0.048819149	0.006091128	0.004689079
65	0.048819149	0.005764165	0.004655151
66	0.048819149	0.005418538	0.004602829
67	0.048819149	0.005055396	0.004531658
68	0.048819149	0.004675838	0.004441334
69	0.048819149	0.004280920	0.004331666
70	0.048819149	0.003871659	0.004202551
71	0.048819149	0.003449033	0.004053958
72	0.048819149	0.003013991	0.003885912
73	0.048819149	0.002567458	0.003698492
74	0.048819149	0.002110333	0.003491817
75	0.048819149	0.001643495	0.003266050
76	0.048819149	0.001167805	0.003021390
77	0.048819149	0.000684107	0.002758074
78	0.048819149	0.000193227	0.002476376
79	0.048819149	-0.000304026	0.002176604
80	0.048819149	-0.000806861	0.001859103
81	0.048819149	-0.001314508	0.001524254
82	0.048819149	-0.001826214	0.001172473
83	0.048819149	-0.002341251	0.000804215
84	0.048819149	-0.002858914	0.000419971
85	0.048819149	-0.003378527	0.000020270
86	0.048819149	-0.003899442	-0.000394319
87	0.048819149	-0.004421046	-0.000823187
88	0.048819149	-0.004942761	-0.001265686
89	0.048819149	-0.005464052	-0.001721123
90	0.048819149	-0.005981966	-0.002192866
91	0.048819149	-0.006499631	-0.002674193
92	0.048819149	-0.007014909	-0.003167200
93	0.048819149	-0.007527219	-0.003671450
94	0.048819149	-0.008035962	-0.004186604
95	0.048819149	-0.008540511	-0.004712448
96	0.048819149	-0.009040198	-0.005248941
97	0.048819149	-0.009534297	-0.005796254
98	0.048819149	-0.010022008	-0.006354818
99	0.048819149	-0.010473567	-0.006905234
1	0.050893617	-0.010717787	-0.006606559
2	0.050893617	-0.010069235	-0.006316798
3	0.050893617	-0.009425588	-0.006019894
4	0.050893617	-0.008786889	-0.005717307
5	0.050893617	-0.008152497	-0.005411685
6	0.050893617	-0.007522074	-0.005105130
7	0.050893617	-0.006895538	-0.004799286
8	0.050893617	-0.006273016	-0.004495402
9	0.050893617	-0.005654803	-0.004194415
10	0.050893617	-0.005041328	-0.003897003
11	0.050893617	-0.004431576	-0.003606361
12	0.050893617	-0.003829803	-0.003316382
13	0.050893617	-0.003234349	-0.003031343
14	0.050893617	-0.002645967	-0.002751250
15	0.050893617	-0.002065415	-0.002476076
16	0.050893617	-0.001493445	-0.002205780
17	0.050893617	-0.000930801	-0.001940307
18	0.050893617	-0.000378221	-0.001679592
19	0.050893617	0.000163568	-0.001423568
20	0.050893617	0.000693851	-0.001172165
21	0.050893617	0.001211926	-0.000925310
22	0.050893617	0.001717102	-0.000682933
23	0.050893617	0.002208701	-0.000444966
24	0.050893617	0.002686059	-0.000211342
25	0.050893617	0.003148521	0.000018005
26	0.050893617	0.003595445	0.000243138
27	0.050893617	0.004026198	0.000464120
28	0.050893617	0.004440156	0.000681009
29	0.050893617	0.004836698	0.000893865
30	0.050893617	0.005215210	0.001102747
31	0.050893617	0.005575075	0.001307711
32	0.050893617	0.005915669	0.001508813
33	0.050893617	0.006236359	0.001706105
34	0.050893617	0.006536491	0.001899635
35	0.050893617	0.006815377	0.002089439
36	0.050893617	0.007072288	0.002275537
37	0.050893617	0.007306430	0.002457911
38	0.050893617	0.007516928	0.002636479
39	0.050893617	0.007702807	0.002811046
40	0.050893617	0.007862991	0.002981209
41	0.050893617	0.007996406	0.003146160
42	0.050893617	0.008102068	0.003304527
43	0.050893617	0.008179124	0.003454275
44	0.050893617	0.008228316	0.003592038
45	0.050893617	0.008252768	0.003713624
46	0.050893617	0.008258187	0.003815134
47	0.050893617	0.008251975	0.003894080
48	0.050893617	0.008241551	0.003949749
49	0.050893617	0.008232845	0.003982630
50	0.050893617	0.008229534	0.003993479
51	0.050893617	0.008225874	0.004004694
52	0.050893617	0.008213592	0.004037868
53	0.050893617	0.008188882	0.004091338
54	0.050893617	0.008145954	0.004161616
55	0.050893617	0.008078317	0.004242847
56	0.050893617	0.007980788	0.004327214
57	0.050893617	0.007851164	0.004406809
58	0.050893617	0.007690299	0.004476075
59	0.050893617	0.007500731	0.004533295
60	0.050893617	0.007285053	0.004579953
61	0.050893617	0.007044568	0.004615244
62	0.050893617	0.006780257	0.004637004
63	0.050893617	0.006493253	0.004643569
64	0.050893617	0.006184754	0.004633687
65	0.050893617	0.005855962	0.004606437
66	0.050893617	0.005508055	0.004561157
67	0.050893617	0.005142170	0.004497379
68	0.050893617	0.004759397	0.004414786
69	0.050893617	0.004360786	0.004313173
70	0.050893617	0.003947346	0.004192424
71	0.050893617	0.003520051	0.004052496
72	0.050893617	0.003079846	0.003893401
73	0.050893617	0.002627651	0.003715203
74	0.050893617	0.002164364	0.003518011
75	0.050893617	0.001690864	0.003301970
76	0.050893617	0.001208010	0.003067269
77	0.050893617	0.000716648	0.002814128
78	0.050893617	0.000217604	0.002542805
79	0.050893617	-0.000288309	0.002253595
80	0.050893617	-0.000800296	0.001946826
81	0.050893617	-0.001317580	0.001622863
82	0.050893617	-0.001839402	0.001282106
83	0.050893617	-0.002365026	0.000924993
84	0.050893617	-0.002893736	0.000551997
85	0.050893617	-0.003424843	0.000163632
86	0.050893617	-0.003957686	-0.000239553
87	0.050893617	-0.004491634	-0.000656966
88	0.050893617	-0.005026094	-0.001087975
89	0.050893617	-0.005560507	-0.001531906
90	0.050893617	-0.006091996	-0.001992204
91	0.050893617	-0.006623520	-0.002462079
92	0.050893617	-0.007152983	-0.002943686
93	0.050893617	-0.007679779	-0.003436614
94	0.050893617	-0.008203289	-0.003940548
95	0.050893617	-0.008722862	-0.004455306
96	0.050893617	-0.009237808	-0.004980877
97	0.050893617	-0.009747379	-0.005517471
98	0.050893617	-0.010250757	-0.006065562
99	0.050893617	-0.010717787	-0.006606559
1	0.052968085	-0.010936720	-0.006319185
2	0.052968085	-0.010280506	-0.006042194
3	0.052968085	-0.009629050	-0.005757940
4	0.052968085	-0.008982415	-0.005467903
5	0.052968085	-0.008340020	-0.005174745
6	0.052968085	-0.007701576	-0.004880579
7	0.052968085	-0.007067035	-0.004587047
8	0.052968085	-0.006436555	-0.004295403
9	0.052968085	-0.005810452	-0.004006575
10	0.052968085	-0.005189170	-0.003721237
11	0.052968085	-0.004571762	-0.003442617
12	0.052968085	-0.003962359	-0.003164498
13	0.052968085	-0.003359390	-0.002891211
14	0.052968085	-0.002763610	-0.002622745
15	0.052968085	-0.002175776	-0.002359065
16	0.052968085	-0.001596638	-0.002100115
17	0.052968085	-0.001026943	-0.001845826
18	0.052968085	-0.000467426	-0.001596123
19	0.052968085	0.000081187	-0.001350925
20	0.052968085	0.000618182	-0.001110151
21	0.052968085	0.001142858	-0.000873717
22	0.052968085	0.001654527	-0.000641541
23	0.052968085	0.002152512	-0.000413544
24	0.052968085	0.002636149	-0.000189647
25	0.052968085	0.003104788	0.000030226
26	0.052968085	0.003557787	0.000246149
27	0.052968085	0.003994517	0.000458194
28	0.052968085	0.004414355	0.000666433
29	0.052968085	0.004816685	0.000870934
30	0.052968085	0.005200895	0.001071766
31	0.052968085	0.005566374	0.001268998
32	0.052968085	0.005912503	0.001462695
33	0.052968085	0.006238655	0.001652923
34	0.052968085	0.006544183	0.001839742
35	0.052968085	0.006828408	0.002023204
36	0.052968085	0.007090608	0.002203347
37	0.052968085	0.007330001	0.002380175
38	0.052968085	0.007545720	0.002553637
39	0.052968085	0.007736797	0.002723577
40	0.052968085	0.007902154	0.002889644
41	0.052968085	0.008040645	0.003051141
42	0.052968085	0.008151062	0.003206883
43	0.052968085	0.008232549	0.003354807
44	0.052968085	0.008285831	0.003491480
45	0.052968085	0.008313963	0.003612627
46	0.052968085	0.008322530	0.003714206
47	0.052968085	0.008318815	0.003793532
48	0.052968085	0.008310170	0.003849666
49	0.052968085	0.008302517	0.003882905
50	0.052968085	0.008299554	0.003893887
51	0.052968085	0.008296253	0.003905248
52	0.052968085	0.008285028	0.003938903
53	0.052968085	0.008262006	0.003993305
54	0.052968085	0.008221233	0.004065127
55	0.052968085	0.008155935	0.004148635
56	0.052968085	0.008060575	0.004235989
57	0.052968085	0.007932655	0.004319090
58	0.052968085	0.007772917	0.004392126
59	0.052968085	0.007583956	0.004453191
60	0.052968085	0.007368517	0.004503798
61	0.052968085	0.007128004	0.004543462
62	0.052968085	0.006863364	0.004570039
63	0.052968085	0.006575700	0.004581850
64	0.052968085	0.006266181	0.004577628
65	0.052968085	0.005935990	0.004556433
66	0.052968085	0.005586287	0.004517588
67	0.052968085	0.005218198	0.004460607
68	0.052968085	0.004832802	0.004385159
69	0.052968085	0.004431140	0.004291025
70	0.052968085	0.004014214	0.004178075
71	0.052968085	0.003582993	0.004046251
72	0.052968085	0.003138417	0.003895556
73	0.052968085	0.002681401	0.003726038
74	0.052968085	0.002212841	0.003537795
75	0.052968085	0.001733612	0.003330961
76	0.052968085	0.001244572	0.003105711
77	0.052968085	0.000746565	0.002862253
78	0.052968085	0.000240418	0.002600834
79	0.052968085	-0.000273056	0.002321735
80	0.052968085	-0.000793060	0.002025270
81	0.052968085	-0.001318815	0.001711791
82	0.052968085	-0.001849557	0.001381685
83	0.052968085	-0.002384545	0.001035375
84	0.052968085	-0.002923056	0.000673319
85	0.052968085	-0.003464392	0.000296015
86	0.052968085	-0.004007881	-0.000096003
87	0.052968085	-0.004552880	-0.000502160
88	0.052968085	-0.005098779	-0.000921842
89	0.052968085	-0.005645004	-0.001354392
90	0.052968085	-0.006188744	-0.001803328
91	0.052968085	-0.006732806	-0.002261800
92	0.052968085	-0.007275129	-0.002732023
93	0.052968085	-0.007815086	-0.003213611
94	0.052968085	-0.008352033	-0.003706280
95	0.052968085	-0.008885297	-0.004209881
96	0.052968085	-0.009414159	-0.004724442
97	0.052968085	-0.009937848	-0.005250215
98	0.052968085	-0.010455519	-0.005787726
99	0.052968085	-0.010936720	-0.006319185
1	0.055042553	-0.011130224	-0.006043192
2	0.055042553	-0.010467279	-0.005778379
3	0.055042553	-0.009808950	-0.005506198
4	0.055042553	-0.009155321	-0.005228150
5	0.055042553	-0.008505868	-0.004946904
6	0.055042553	-0.007860346	-0.004664576
7	0.055042553	-0.007218747	-0.004382808
8	0.055042553	-0.006581251	-0.004102846
9	0.055042553	-0.005948199	-0.003825616
10	0.055042553	-0.005320047	-0.003551784
11	0.055042553	-0.004695912	-0.003284602
12	0.055042553	-0.004079807	-0.003017761
13	0.055042553	-0.003470244	-0.002755634
14	0.055042553	-0.002867979	-0.002498202
15	0.055042553	-0.002273767	-0.002245415
16	0.055042553	-0.001688358	-0.001997208
17	0.055042553	-0.001112497	-0.001753503
18	0.055042553	-0.000546917	-0.001514214
19	0.055042553	0.000007659	-0.001279250
20	0.055042553	0.000550518	-0.001048521
21	0.055042553	0.001080961	-0.000821933
22	0.055042553	0.001598303	-0.000599396
23	0.055042553	0.002101869	-0.000380821
24	0.055042553	0.002590998	-0.000166121
25	0.055042553	0.003065043	0.000044789
26	0.055042553	0.003523365	0.000251991
27	0.055042553	0.003965337	0.000455566
28	0.055042553	0.004390340	0.000655594
29	0.055042553	0.004797763	0.000852153
30	0.055042553	0.005186998	0.001045320
31	0.055042553	0.005557438	0.001235173
32	0.055042553	0.005908470	0.001421790
33	0.055042553	0.006239473	0.001605245
34	0.055042553	0.006549806	0.001785614
35	0.055042553	0.006838799	0.001962963
36	0.055042553	0.007105738	0.002137350
37	0.055042553	0.007349846	0.002308804
38	0.055042553	0.007570264	0.002477308
39	0.055042553	0.007766021	0.002642749
40	0.055042553	0.007936022	0.002804843
41	0.055042553	0.008079047	0.002962998
42	0.055042553	0.008193660	0.003116226
43	0.055042553	0.008278982	0.003262421
44	0.055042553	0.008335702	0.003398069
45	0.055042553	0.008366813	0.003518780
46	0.055042553	0.008377838	0.003620358
47	0.055042553	0.008376016	0.003699932
48	0.055042553	0.008368694	0.003756387
49	0.055042553	0.008361819	0.003789875
50	0.055042553	0.008359111	0.003800950
51	0.055042553	0.008356074	0.003812410
52	0.055042553	0.008345629	0.003846390
53	0.055042553	0.008323851	0.003901431
54	0.055042553	0.008284686	0.003974334
55	0.055042553	0.008221186	0.004059484
56	0.055042553	0.008127581	0.004149097
57	0.055042553	0.008001153	0.004234999
58	0.055042553	0.007842502	0.004311188
59	0.055042553	0.007654205	0.004375519
60	0.055042553	0.007439098	0.004429416
61	0.055042553	0.007198720	0.004472789
62	0.055042553	0.006933986	0.004503534
63	0.055042553	0.006645959	0.004519958
64	0.055042553	0.006335781	0.004520778
65	0.055042553	0.006004609	0.004505039
66	0.055042553	0.005653586	0.004472042
67	0.055042553	0.005283820	0.004421287
68	0.055042553	0.004896380	0.004352421
69	0.055042553	0.004492297	0.004265212
70	0.055042553	0.004072565	0.004159514
71	0.055042553	0.003638147	0.004035257
72	0.055042553	0.003189977	0.003892428
73	0.055042553	0.002728965	0.003731067
74	0.055042553	0.002256003	0.003551257
75	0.055042553	0.001771961	0.003353124
76	0.055042553	0.001277696	0.003136831
77	0.055042553	0.000774047	0.002902576
78	0.055042553	0.000261841	0.002650597
79	0.055042553	-0.000258112	0.002381162
80	0.055042553	-0.000785016	0.002094577
81	0.055042553	-0.001318090	0.001791182
82	0.055042553	-0.001856570	0.001471352
83	0.055042553	-0.002399712	0.001135498
84	0.055042553	-0.002946788	0.000784067
85	0.055042553	-0.003497096	0.000417540
86	0.055042553	-0.004049956	0.000036440
87	0.055042553	-0.004604715	-0.000358676
88	0.055042553	-0.005160750	-0.000767208
89	0.055042553	-0.005717473	-0.001188518
90	0.055042553	-0.006272138	-0.001626194
91	0.055042553	-0.006827410	-0.002073331
92	0.055042553	-0.007381260	-0.002532203
93	0.055042553	-0.007933043	-0.003002453
94	0.055042553	-0.008482088	-0.003483830
95	0.055042553	-0.009027697	-0.003976221
96	0.055042553	-0.009569126	-0.004479698
97	0.055042553	-0.010105573	-0.004994562
98	0.055042553	-0.010636162	-0.005521395
99	0.055042553	-0.011130224	-0.006043192
1	0.057117021	-0.011298413	-0.005778526
2	0.057117021	-0.010629650	-0.005525294
3	0.057117021	-0.009965366	-0.005264609
4	0.057117021	-0.009305665	-0.004997989
5	0.057117021	-0.008650078	-0.004728102
6	0.057117021	-0.007998405	-0.004457061
7	0.057117021	-0.007350670	-0.004186504
8	0.057117021	-0.006707083	-0.003917668
9	0.057117021	-0.006068001	-0.003651472
10	0.057117021	-0.005433896	-0.003388571
11	0.057117021	-0.004803942	-0.003132242
12	0.057117021	-0.004182042	-0.002876090
13	0.057117021	-0.003566784	-0.002624529
14	0.057117021	-0.002958925	-0.002377528
15	0.057117021	-0.002359217	-0.002135029
16	0.057117021	-0.001768409	-0.001896959
17	0.057117021	-0.001187243	-0.001663230
18	0.057117021	-0.000616450	-0.001433750
19	0.057117021	-0.000056751	-0.001208420
20	0.057117021	0.000491147	-0.000987143
21	0.057117021	0.001026546	-0.000769819
22	0.057117021	0.001548763	-0.000556350
23	0.057117021	0.002057129	-0.000346643
24	0.057117021	0.002550985	-0.000140602
25	0.057117021	0.003029687	0.000061863
26	0.057117021	0.003492600	0.000260841
27	0.057117021	0.003939102	0.000456419
28	0.057117021	0.004368577	0.000648684
29	0.057117021	0.004780418	0.000837721
30	0.057117021	0.005174023	0.001023615
31	0.057117021	0.005548789	0.001206452
32	0.057117021	0.005904110	0.001386319
33	0.057117021	0.006239370	0.001563303
34	0.057117021	0.006553935	0.001737490
35	0.057117021	0.006847142	0.001908966
36	0.057117021	0.007118282	0.002077807
37	0.057117021	0.007366585	0.002244073
38	0.057117021	0.007591189	0.002407784
39	0.057117021	0.007791116	0.002568881
40	0.057117021	0.007965241	0.002727150
41	0.057117021	0.008112266	0.002882111
42	0.057117021	0.008230624	0.003032890
43	0.057117021	0.008319374	0.003177377
44	0.057117021	0.008379108	0.003312005
45	0.057117021	0.008412711	0.003432272
46	0.057117021	0.008425651	0.003533802
47	0.057117021	0.008425193	0.003613535
48	0.057117021	0.008418764	0.003670198
49	0.057117021	0.008412389	0.003703846
50	0.057117021	0.008409841	0.003714979
51	0.057117021	0.008406971	0.003726496
52	0.057117021	0.008397006	0.003760662
53	0.057117021	0.008375974	0.003816066
54	0.057117021	0.008337752	0.003889573
55	0.057117021	0.008275322	0.003975663
56	0.057117021	0.008182849	0.004066656
57	0.057117021	0.008057517	0.004154458
58	0.057117021	0.007899804	0.004233021
59	0.057117021	0.007712183	0.004299975
60	0.057117021	0.007497484	0.004356550
61	0.057117021	0.007257398	0.004403011
62	0.057117021	0.006992792	0.004437313
63	0.057117021	0.006704690	0.004457756
64	0.057117021	0.006394200	0.004463041
65	0.057117021	0.006062451	0.004452196
66	0.057117021	0.005710564	0.004424500
67	0.057117021	0.005339630	0.004379433
68	0.057117021	0.004950705	0.004316624
69	0.057117021	0.004544809	0.004235821
70	0.057117021	0.004122928	0.004136863
71	0.057117021	0.003686015	0.004019666
72	0.057117021	0.003235000	0.003884203
73	0.057117021	0.002770788	0.003730504
74	0.057117021	0.002294264	0.003558640
75	0.057117021	0.001806295	0.003368727
76	0.057117021	0.001307732	0.003160920
77	0.057117021	0.000799411	0.002935409
78	0.057117021	0.000282155	0.002692422
79	0.057117021	-0.000243230	0.002432221
80	0.057117021	-0.000775949	0.002155103
81	0.057117021	-0.001315223	0.001861398
82	0.057117021	-0.001860291	0.001551473
83	0.057117021	-0.002410406	0.001225729
84	0.057117021	-0.002964842	0.000884601
85	0.057117021	-0.003522892	0.000528562
86	0.057117021	-0.004083871	0.000158119
87	0.057117021	-0.004647120	-0.000226184
88	0.057117021	-0.005212008	-0.000623763
89	0.057117021	-0.005777931	-0.001033995
90	0.057117021	-0.006342209	-0.001460537
91	0.057117021	-0.006907372	-0.001896434
92	0.057117021	-0.007471427	-0.002344017
93	0.057117021	-0.008033705	-0.002802960
94	0.057117021	-0.008593516	-0.003273045
95	0.057117021	-0.009150134	-0.003754202
96	0.057117021	-0.009702786	-0.004246547
97	0.057117021	-0.010250641	-0.004750435
98	0.057117021	-0.010792789	-0.005266510
99	0.057117021	-0.011298413	-0.005778526
1	0.059191489	-0.011442101	-0.005524763
2	0.059191489	-0.010768398	-0.005282531
3	0.059191489	-0.010099044	-0.005032778
4	0.059191489	-0.009434159	-0.004777035
5	0.059191489	-0.008773329	-0.004517965
6	0.059191489	-0.008116395	-0.004257673
7	0.059191489	-0.007463415	-0.003997784
8	0.059191489	-0.006814623	-0.003739530
9	0.059191489	-0.006170394	-0.003483816
10	0.059191489	-0.005531214	-0.003231288
11	0.059191489	-0.004896312	-0.002985242
12	0.059191489	-0.004269482	-0.002739210
13	0.059191489	-0.003649389	-0.002497639
14	0.059191489	-0.003036785	-0.002260488
15	0.059191489	-0.002432422	-0.002027694
16	0.059191489	-0.001837045	-0.001799175
17	0.059191489	-0.001251394	-0.001574839
18	0.059191489	-0.000676196	-0.001354587
19	0.059191489	-0.000112167	-0.001138318
20	0.059191489	0.000439986	-0.000925926
21	0.059191489	0.000979572	-0.000717309
22	0.059191489	0.001505911	-0.000512366
23	0.059191489	0.002018337	-0.000310995
24	0.059191489	0.002516197	-0.000113100
25	0.059191489	0.002998848	0.000081415
26	0.059191489	0.003465662	0.000272643
27	0.059191489	0.003916019	0.000460677
28	0.059191489	0.004349309	0.000645608
29	0.059191489	0.004764931	0.000827526
30	0.059191489	0.005162285	0.001006525
31	0.059191489	0.005540776	0.001182695
32	0.059191489	0.005899803	0.001356134
33	0.059191489	0.006238757	0.001526937
34	0.059191489	0.006557010	0.001695207
35	0.059191489	0.006853903	0.001861045
36	0.059191489	0.007128735	0.002024551
37	0.059191489	0.007380736	0.002185817
38	0.059191489	0.007609040	0.002344904
39	0.059191489	0.007812653	0.002501817
40	0.059191489	0.007990408	0.002656425
41	0.059191489	0.008140941	0.002808334
42	0.059191489	0.008262702	0.002956673
43	0.059191489	0.008354644	0.003099388
44	0.059191489	0.008417172	0.003232932
45	0.059191489	0.008452985	0.003352709
46	0.059191489	0.008467468	0.003454150
47	0.059191489	0.008467964	0.003533974
48	0.059191489	0.008462064	0.003590761
49	0.059191489	0.008455946	0.003624498
50	0.059191489	0.008453474	0.003635663
51	0.059191489	0.008450680	0.003647201
52	0.059191489	0.008440920	0.003681437
53	0.059191489	0.008420157	0.003736958
54	0.059191489	0.008382212	0.003810634
55	0.059191489	0.008320084	0.003896979
56	0.059191489	0.008228034	0.003988457
57	0.059191489	0.008103305	0.004077194
58	0.059191489	0.007946296	0.004157271
59	0.059191489	0.007759327	0.004226185
60	0.059191489	0.007545145	0.004284896
61	0.059191489	0.007305497	0.004333912
62	0.059191489	0.007041227	0.004371247
63	0.059191489	0.006753314	0.004395198
64	0.059191489	0.006442830	0.004404453
65	0.059191489	0.006110873	0.004398017
66	0.059191489	0.005758541	0.004375150
67	0.059191489	0.005386905	0.004335308
68	0.059191489	0.004997006	0.004278100
69	0.059191489	0.004589852	0.004203253
70	0.059191489	0.004166420	0.004110591
71	0.059191489	0.003727656	0.004000012
72	0.059191489	0.003274483	0.003871477
73	0.059191489	0.002807798	0.003725002
74	0.059191489	0.002328482	0.003560652
75	0.059191489	0.001837396	0.003378532
76	0.059191489	0.001335386	0.003178788
77	0.059191489	0.000823284	0.002961606
78	0.059191489	0.000301907	0.002727204
79	0.059191489	-0.000227943	0.002475840
80	0.059191489	-0.000765474	0.002207802
81	0.059191489	-0.001309913	0.001923416
82	0.059191489	-0.001860499	0.001623041
83	0.059191489	-0.002416490	0.001307069
84	0.059191489	-0.002977157	0.000975928
85	0.059191489	-0.003541795	0.000630080
86	0.059191489	-0.004109716	0.000270020
87	0.059191489	-0.004680257	-0.000103718
88	0.059191489	-0.005252777	-0.000490566
89	0.059191489	-0.005826667	-0.000889918
90	0.059191489	-0.006399302	-0.001305493
91	0.059191489	-0.006973095	-0.001730291
92	0.059191489	-0.007546082	-0.002166697
93	0.059191489	-0.008117575	-0.002614417
94	0.059191489	-0.008686864	-0.003073269
95	0.059191489	-0.009253200	-0.003543222
96	0.059191489	-0.009815782	-0.004024443
97	0.059191489	-0.010373748	-0.004517339
98	0.059191489	-0.010926157	-0.005022618
99	0.059191489	-0.011442101	-0.005524763
1	0.061265957	-0.011562199	-0.005281425
2	0.061265957	-0.010884399	-0.005049625
3	0.061265957	-0.010210819	-0.004810254
4	0.061265957	-0.009541601	-0.004564851
5	0.061265957	-0.008876379	-0.004316068
6	0.061265957	-0.008215036	-0.004065995
7	0.061265957	-0.007557661	-0.003816248
8	0.061265957	-0.006904510	-0.003568044
9	0.061265957	-0.006255976	-0.003322276
10	0.061265957	-0.005612556	-0.003079581
11	0.061265957	-0.004973532	-0.002843269
12	0.061265957	-0.004342596	-0.002606808
13	0.061265957	-0.003718480	-0.002374673
14	0.061265957	-0.003101935	-0.002146817
15	0.061265957	-0.002493711	-0.001923171
16	0.061265957	-0.001894550	-0.001703648
17	0.061265957	-0.001305186	-0.001488152
18	0.061265957	-0.000726343	-0.001276580
19	0.061265957	-0.000158734	-0.001068827
20	0.061265957	0.000396940	-0.000864787
21	0.061265957	0.000939991	-0.000664353
22	0.061265957	0.001469744	-0.000467421
23	0.061265957	0.001985536	-0.000273889
24	0.061265957	0.002486719	-0.000083657
25	0.061265957	0.002972656	0.000103374
26	0.061265957	0.003442722	0.000287301
27	0.061265957	0.003896302	0.000468217
28	0.061265957	0.004332792	0.000646220
29	0.061265957	0.004751594	0.000821403
30	0.061265957	0.005152115	0.000993864
31	0.061265957	0.005533766	0.001163702
32	0.061265957	0.005895951	0.001331020
33	0.061265957	0.006238067	0.001495927
34	0.061265957	0.006559492	0.001658537
35	0.061265957	0.006859574	0.001818970
36	0.061265957	0.007137613	0.001977352
37	0.061265957	0.007392840	0.002133807
38	0.061265957	0.007624382	0.002288448
39	0.061265957	0.007831218	0.002441348
40	0.061265957	0.008012128	0.002592472
41	0.061265957	0.008165736	0.002741460
42	0.061265957	0.008290665	0.002887296
43	0.061265957	0.008385708	0.003028087
44	0.061265957	0.008450993	0.003160400
45	0.061265957	0.008488921	0.003279597
46	0.061265957	0.008504738	0.003380895
47	0.061265957	0.008505892	0.003460757
48	0.061265957	0.008500228	0.003517601
49	0.061265957	0.008494159	0.003551368
50	0.061265957	0.008491689	0.003562540
51	0.061265957	0.008488894	0.003574071
52	0.061265957	0.008479091	0.003608274
53	0.061265957	0.008458158	0.003663696
54	0.061265957	0.008419859	0.003737136
55	0.061265957	0.008357283	0.003823086
56	0.061265957	0.008264936	0.003914170
57	0.061265957	0.008140272	0.004002868
58	0.061265957	0.007983682	0.004083569
59	0.061265957	0.007797307	0.004153772
60	0.061265957	0.007583734	0.004214162
61	0.061265957	0.007344664	0.004265291
62	0.061265957	0.007080920	0.004305226
63	0.061265957	0.006793439	0.004332262
64	0.061265957	0.006483250	0.004345073
65	0.061265957	0.006151421	0.004342645
66	0.061265957	0.005799022	0.004324213
67	0.061265957	0.005427104	0.004289209
68	0.061265957	0.005036692	0.004237218
69	0.061265957	0.004628783	0.004167948
70	0.061265957	0.004204341	0.004081203
71	0.061265957	0.003764306	0.003976863
72	0.061265957	0.003309592	0.003854879
73	0.061265957	0.002841092	0.003715253
74	0.061265957	0.002359679	0.003558039
75	0.061265957	0.001866210	0.003383335
76	0.061265957	0.001361525	0.003191281
77	0.061265957	0.000846449	0.002982055
78	0.061265957	0.000321795	0.002755871
79	0.061265957	-0.000211639	0.002512980
80	0.061265957	-0.000753070	0.002253668
81	0.061265957	-0.001301725	0.001978253
82	0.061265957	-0.001856851	0.001687090
83	0.061265957	-0.002417706	0.001380564
84	0.061265957	-0.002983565	0.001059096
85	0.061265957	-0.003553724	0.000723140
86	0.061265957	-0.004127493	0.000373181
87	0.061265957	-0.004704208	0.000009742
88	0.061265957	-0.005283223	-0.000366623
89	0.061265957	-0.005863921	-0.000755321
90	0.061265957	-0.006443732	-0.001160137
91	0.061265957	-0.007024962	-0.001574018
92	0.061265957	-0.007605674	-0.001999409
93	0.061265957	-0.008185168	-0.002436044
94	0.061265957	-0.008762712	-0.002883776
95	0.061265957	-0.009337537	-0.003342615
96	0.061265957	-0.009908819	-0.003812773
97	0.061265957	-0.010475666	-0.004294713
98	0.061265957	-0.011037108	-0.004789204
99	0.061265957	-0.011562199	-0.005281425
1	0.063340426	-0.011659584	-0.005048051
2	0.063340426	-0.010978502	-0.004826137
3	0.063340426	-0.010301519	-0.004596615
4	0.063340426	-0.009628792	-0.004361030
5	0.063340426	-0.008960005	-0.004122018
6	0.063340426	-0.008295079	-0.003881654
7	0.063340426	-0.007634131	-0.003641536
8	0.063340426	-0.006977441	-0.003402868
9	0.063340426	-0.006325416	-0.003166530
10	0.063340426	-0.005678563	-0.002933150
11	0.063340426	-0.005036215	-0.002706048
12	0.063340426	-0.004401964	-0.002478634
13	0.063340426	-0.003774608	-0.002255411
14	0.063340426	-0.003154896	-0.002036325
15	0.063340426	-0.002543572	-0.001821302
16	0.063340426	-0.001941377	-0.001610253
17	0.063340426	-0.001349039	-0.001403078
18	0.063340426	-0.000767278	-0.001199673
19	0.063340426	-0.000196803	-0.000999931
20	0.063340426	0.000361689	-0.000803745
21	0.063340426	0.000907517	-0.000611006
22	0.063340426	0.001440008	-0.000421611
23	0.063340426	0.001958506	-0.000235455
24	0.063340426	0.002462366	-0.000052437
25	0.063340426	0.002950957	0.000127542
26	0.063340426	0.003423658	0.000304581
27	0.063340426	0.003879859	0.000478776
28	0.063340426	0.004318962	0.000650226
29	0.063340426	0.004740374	0.000819029
30	0.063340426	0.005143509	0.000985286
31	0.063340426	0.005527781	0.001149102
32	0.063340426	0.005892602	0.001310589
33	0.063340426	0.006237375	0.001469864
34	0.063340426	0.006561483	0.001627055
35	0.063340426	0.006864279	0.001782303
36	0.063340426	0.007145067	0.001935758
37	0.063340426	0.007403073	0.002087584
38	0.063340426	0.007637415	0.002237947
39	0.063340426	0.007847040	0.002386998
40	0.063340426	0.008030661	0.002534814
41	0.063340426	0.008186971	0.002680968
42	0.063340426	0.008314881	0.002824200
43	0.063340426	0.008412976	0.002962882
44	0.063340426	0.008481028	0.003093789
45	0.063340426	0.008521044	0.003212292
46	0.063340426	0.008538055	0.003313387
47	0.063340426	0.008539633	0.003393236
48	0.063340426	0.008533958	0.003450077
49	0.063340426	0.008527760	0.003483820
50	0.063340426	0.008525228	0.003494977
51	0.063340426	0.008522363	0.003506475
52	0.063340426	0.008512304	0.003540554
53	0.063340426	0.008490820	0.003595677
54	0.063340426	0.008451625	0.003668515
55	0.063340426	0.008387967	0.003753489
56	0.063340426	0.008294715	0.003843404
57	0.063340426	0.008169647	0.003931196
58	0.063340426	0.008013208	0.004011695
59	0.063340426	0.007827357	0.004082541
60	0.063340426	0.007614454	0.004144195
61	0.063340426	0.007376094	0.004197051
62	0.063340426	0.007113058	0.004239208
63	0.063340426	0.006826234	0.004268962
64	0.063340426	0.006516611	0.004284972
65	0.063340426	0.006185221	0.004286204
66	0.063340426	0.005833105	0.004271866
67	0.063340426	0.005461293	0.004241365
68	0.063340426	0.005070795	0.004194260
69	0.063340426	0.004662591	0.004130238
70	0.063340426	0.004237637	0.004049080
71	0.063340426	0.003796864	0.003950651
72	0.063340426	0.003341179	0.003834887
73	0.063340426	0.002871469	0.003701777
74	0.063340426	0.002388599	0.003551367
75	0.063340426	0.001893422	0.003383746
76	0.063340426	0.001386770	0.003199047
77	0.063340426	0.000869465	0.002997443
78	0.063340426	0.000342312	0.002779143
79	0.063340426	-0.000193896	0.002544395
80	0.063340426	-0.000738381	0.002293479
81	0.063340426	-0.001290377	0.002026712
82	0.063340426	-0.001849134	0.001744441
83	0.063340426	-0.002413915	0.001447049
84	0.063340426	-0.002983999	0.001134950
85	0.063340426	-0.003558682	0.000808590
86	0.063340426	-0.004137278	0.000468447
87	0.063340426	-0.004719119	0.000115033
88	0.063340426	-0.005303558	-0.000251109
89	0.063340426	-0.005889972	-0.000629401
90	0.063340426	-0.006475843	-0.001023685
91	0.063340426	-0.007063380	-0.001426865
92	0.063340426	-0.007650673	-0.001841435
93	0.063340426	-0.008237009	-0.002267160
94	0.063340426	-0.008821642	-0.002703924
95	0.063340426	-0.009403786	-0.003151777
96	0.063340426	-0.009982594	-0.003610976
97	0.063340426	-0.010557153	-0.004082034
98	0.063340426	-0.011126463	-0.004565782
99	0.063340426	-0.011659584	-0.005048051
1	0.065414894	-0.011735104	-0.004824198
2	0.065414894	-0.011051569	-0.004611656
3	0.065414894	-0.010372014	-0.004391481
4	0.065414894	-0.009696617	-0.004165221
5	0.065414894	-0.009025105	-0.003935494
6	0.065414894	-0.008357435	-0.003704353
7	0.065414894	-0.007693750	-0.003473381
8	0.065414894	-0.007034351	-0.003243764
9	0.065414894	-0.006379660	-0.003016372
10	0.065414894	-0.005730192	-0.002791819
11	0.065414894	-0.005085324	-0.002573436
12	0.065414894	-0.004448558	-0.002354585
13	0.065414894	-0.003818751	-0.002139788
14	0.065414894	-0.003196650	-0.001928988
15	0.065414894	-0.002582994	-0.001722107
16	0.065414894	-0.001978518	-0.001519053
17	0.065414894	-0.001383948	-0.001319727
18	0.065414894	-0.000799999	-0.001124024
19	0.065414894	-0.000227374	-0.000931835
20	0.065414894	0.000333235	-0.000743053
21	0.065414894	0.000881151	-0.000557572
22	0.065414894	0.001415707	-0.000375286
23	0.065414894	0.001936251	-0.000196093
24	0.065414894	0.002442145	-0.000019890
25	0.065414894	0.002932760	0.000153420
26	0.065414894	0.003407483	0.000323938
27	0.065414894	0.003865710	0.000491762
28	0.065414894	0.004306845	0.000656989
29	0.065414894	0.004730304	0.000819722
30	0.065414894	0.005135505	0.000980065
31	0.065414894	0.005521869	0.001138128
32	0.065414894	0.005888814	0.001294028
33	0.065414894	0.006235749	0.001447893
34	0.065414894	0.006562064	0.001599864
35	0.065414894	0.006867117	0.001750101
36	0.065414894	0.007150213	0.001898782
37	0.065414894	0.007410579	0.002046108
38	0.065414894	0.007647317	0.002192305
39	0.065414894	0.007859344	0.002337607
40	0.065414894	0.008045293	0.002482217
41	0.065414894	0.008204000	0.002625551
42	0.065414894	0.008334632	0.002766129
43	0.065414894	0.008435549	0.002902627
44	0.065414894	0.008506167	0.003032047
45	0.065414894	0.008548065	0.003149797
46	0.065414894	0.008566031	0.003250644
47	0.065414894	0.008567769	0.003330428
48	0.065414894	0.008561852	0.003387202
49	0.065414894	0.008555373	0.003420867
50	0.065414894	0.008552727	0.003431990
51	0.065414894	0.008549739	0.003443430
52	0.065414894	0.008539260	0.003477301
53	0.065414894	0.008516957	0.003531959
54	0.065414894	0.008476526	0.003603910
55	0.065414894	0.008411433	0.003687501
56	0.065414894	0.008316972	0.003775748
57	0.065414894	0.008191273	0.003862071
58	0.065414894	0.008034846	0.003941781
59	0.065414894	0.007849480	0.004012714
60	0.065414894	0.007637310	0.004075182
61	0.065414894	0.007399786	0.004129356
62	0.065414894	0.007137632	0.004173341
63	0.065414894	0.006851686	0.004205433
64	0.065414894	0.006542893	0.004224278
65	0.065414894	0.006212247	0.004228817
66	0.065414894	0.005860760	0.004218233
67	0.065414894	0.005489438	0.004191903
68	0.065414894	0.005099271	0.004149362
69	0.065414894	0.004691226	0.004090268
70	0.065414894	0.004266249	0.004014383
71	0.065414894	0.003825261	0.003921554
72	0.065414894	0.003369161	0.003811699
73	0.065414894	0.002898828	0.003684796
74	0.065414894	0.002415124	0.003540881
75	0.065414894	0.001918893	0.003380034
76	0.065414894	0.001410963	0.003202381
77	0.065414894	0.000892148	0.003008091
78	0.065414894	0.000363248	0.002797368
79	0.065414894	-0.000174951	0.002570457
80	0.065414894	-0.000721675	0.002327635
81	0.065414894	-0.001276166	0.002069215
82	0.065414894	-0.001837679	0.001795540
83	0.065414894	-0.002405480	0.001506990
84	0.065414894	-0.002978855	0.001203973
85	0.065414894	-0.003557101	0.000886928
86	0.065414894	-0.004139534	0.000556328
87	0.065414894	-0.004725487	0.000212675
88	0.065414894	-0.005314312	-0.000143499
89	0.065414894	-0.005905382	-0.000511629
90	0.065414894	-0.006496227	-0.000895614
91	0.065414894	-0.007088971	-0.001288310
92	0.065414894	-0.007681729	-0.001692262
93	0.065414894	-0.008273779	-0.002107260
94	0.065414894	-0.008864363	-0.002533221
95	0.065414894	-0.009452680	-0.002970229
96	0.065414894	-0.010037869	-0.003418583
97	0.065414894	-0.010618995	-0.003878846
98	0.065414894	-0.011195038	-0.004351901
99	0.065414894	-0.011735104	-0.004824198
1	0.067489362	-0.011789574	-0.004609436
2	0.067489362	-0.011104431	-0.004405785
3	0.067489362	-0.010423160	-0.004194484
4	0.067489362	-0.009745950	-0.003977083
5	0.067489362	-0.009072573	-0.003756178
6	0.067489362	-0.008403016	-0.003533802
7	0.067489362	-0.007737449	-0.003311517
8	0.067489362	-0.007076190	-0.003090497
9	0.067489362	-0.006419674	-0.002871595
10	0.067489362	-0.005768423	-0.002655416
11	0.067489362	-0.005121858	-0.002445297
12	0.067489362	-0.004483391	-0.002234559
13	0.067489362	-0.003851936	-0.002027741
14	0.067489362	-0.003228235	-0.001824782
15	0.067489362	-0.002613025	-0.001625604
16	0.067489362	-0.002007034	-0.001430113
17	0.067489362	-0.001410984	-0.001238209
18	0.067489362	-0.000825585	-0.001049787
19	0.067489362	-0.000251534	-0.000864741
20	0.067489362	0.000310483	-0.000682964
21	0.067489362	0.000859792	-0.000504350
22	0.067489362	0.001395734	-0.000328797
23	0.067489362	0.001917661	-0.000156201
24	0.067489362	0.002424940	0.000013536
25	0.067489362	0.002916948	0.000180515
26	0.067489362	0.003393078	0.000344832
27	0.067489362	0.003852731	0.000506586
28	0.067489362	0.004295318	0.000665877
29	0.067489362	0.004720259	0.000822806
30	0.067489362	0.005126980	0.000977480
31	0.067489362	0.005514909	0.001130014
32	0.067489362	0.005883470	0.001280530
33	0.067489362	0.006232079	0.001429165
34	0.067489362	0.006560133	0.001576071
35	0.067489362	0.006866996	0.001721427
36	0.067489362	0.007151977	0.001865435
37	0.067489362	0.007414302	0.002008339
38	0.067489362	0.007653064	0.002150420
39	0.067489362	0.007867144	0.002292001
40	0.067489362	0.008055101	0.002433422
41	0.067489362	0.008215949	0.002573882
42	0.067489362	0.008348956	0.002711831
43	0.067489362	0.008452297	0.002846191
44	0.067489362	0.008525078	0.002974155
45	0.067489362	0.008568482	0.003091153
46	0.067489362	0.008587063	0.003191727
47	0.067489362	0.008588681	0.003271390
48	0.067489362	0.008582320	0.003328030
49	0.067489362	0.008575444	0.003361564
50	0.067489362	0.008572647	0.003372633
51	0.067489362	0.008569498	0.003383993
52	0.067489362	0.008558496	0.003417585
53	0.067489362	0.008535233	0.003471646
54	0.067489362	0.008493432	0.003542521
55	0.067489362	0.008426827	0.003624506
56	0.067489362	0.008331134	0.003710846
57	0.067489362	0.008204795	0.003795427
58	0.067489362	0.008048371	0.003873997
59	0.067489362	0.007863504	0.003944578
60	0.067489362	0.007652129	0.004007391
61	0.067489362	0.007415559	0.004062451
62	0.067489362	0.007154455	0.004107846
63	0.067489362	0.006869604	0.004141876
64	0.067489362	0.006561902	0.004163173
65	0.067489362	0.006232304	0.004170655
66	0.067489362	0.005881788	0.004163475
67	0.067489362	0.005511336	0.004140981
68	0.067489362	0.005121916	0.004102676
69	0.067489362	0.004714482	0.004048193
70	0.067489362	0.004289965	0.003977272
71	0.067489362	0.003849277	0.003889737
72	0.067489362	0.003393310	0.003785491
73	0.067489362	0.002922935	0.003664500
74	0.067489362	0.002439008	0.003526784
75	0.067489362	0.001942365	0.003372419
76	0.067489362	0.001433829	0.003201523
77	0.067489362	0.000914209	0.003014259
78	0.067489362	0.000384296	0.002810829
79	0.067489362	-0.000155129	0.002591471
80	0.067489362	-0.000703299	0.002356461
81	0.067489362	-0.001259461	0.002106108
82	0.067489362	-0.001822876	0.001840754
83	0.067489362	-0.002392818	0.001560772
84	0.067489362	-0.002968573	0.001266567
85	0.067489362	-0.003549446	0.000958574
86	0.067489362	-0.004134754	0.000637258
87	0.067489362	-0.004723832	0.000303111
88	0.067489362	-0.005316032	-0.000043341
89	0.067489362	-0.005910723	-0.000401548
90	0.067489362	-0.006505486	-0.000775460
91	0.067489362	-0.007102362	-0.001157887
92	0.067489362	-0.007699494	-0.001551424
93	0.067489362	-0.008296153	-0.001955883
94	0.067489362	-0.008891574	-0.002371210
95	0.067489362	-0.009484944	-0.002797521
96	0.067489362	-0.010075390	-0.003235151
97	0.067489362	-0.010661963	-0.003684708
98	0.067489362	-0.011243627	-0.004147127
99	0.067489362	-0.011789574	-0.004609436
1	0.069563830	-0.011823776	-0.004403347
2	0.069563830	-0.011137861	-0.004208121
3	0.069563830	-0.010455711	-0.004005234
4	0.069563830	-0.009777533	-0.003796239
5	0.069563830	-0.009103135	-0.003583705
6	0.069563830	-0.008432535	-0.003369647
7	0.069563830	-0.007765925	-0.003155607
8	0.069563830	-0.007103639	-0.002942742
9	0.069563830	-0.006446123	-0.002731892
10	0.069563830	-0.005793906	-0.002523653
11	0.069563830	-0.005146447	-0.002321365
12	0.069563830	-0.004507075	-0.002118313
13	0.069563830	-0.003874756	-0.001919054
14	0.069563830	-0.003250227	-0.001723523
15	0.069563830	-0.002634220	-0.001531639
16	0.069563830	-0.002027460	-0.001343310
17	0.069563830	-0.001430662	-0.001158436
18	0.069563830	-0.000844529	-0.000976912
19	0.069563830	-0.000269756	-0.000798634
20	0.069563830	0.000292979	-0.000623498
21	0.069563830	0.000843008	-0.000451399
22	0.069563830	0.001379675	-0.000282236
23	0.069563830	0.001902341	-0.000115910
24	0.069563830	0.002410376	0.000047679
25	0.069563830	0.002903166	0.000208627
26	0.069563830	0.003380106	0.000367031
27	0.069563830	0.003840604	0.000522988
28	0.069563830	0.004284079	0.000676597
29	0.069563830	0.004709957	0.000827962
30	0.069563830	0.005117670	0.000977190
31	0.069563830	0.005506651	0.001124399
32	0.069563830	0.005876335	0.001269714
33	0.069563830	0.006226144	0.001413281
34	0.069563830	0.006555482	0.001555264
35	0.069563830	0.006863720	0.001695854
36	0.069563830	0.007150175	0.001835283
37	0.069563830	0.007414072	0.001973829
38	0.069563830	0.007654496	0.002111832
39	0.069563830	0.007870300	0.002249706
40	0.069563830	0.008059963	0.002387933
41	0.069563830	0.008222710	0.002525453
42	0.069563830	0.008357753	0.002660803
43	0.069563830	0.008463144	0.002793075
44	0.069563830	0.008537727	0.002919608
45	0.069563830	0.008582323	0.003035847
46	0.069563830	0.008601261	0.003136108
47	0.069563830	0.008602561	0.003215590
48	0.069563830	0.008595626	0.003272031
49	0.069563830	0.008588283	0.003305388
50	0.069563830	0.008585313	0.003316385
51	0.069563830	0.008581984	0.003327647
52	0.069563830	0.008570407	0.003360901
53	0.069563830	0.008546125	0.003414263
54	0.069563830	0.008502930	0.003483926
55	0.069563830	0.008434843	0.003564157
56	0.069563830	0.008337976	0.003648439
57	0.069563830	0.008211046	0.003731085
58	0.069563830	0.008054653	0.003808231
59	0.069563830	0.007870314	0.003878083
60	0.069563830	0.007659791	0.003940819
61	0.069563830	0.007424292	0.003996381
62	0.069563830	0.007164401	0.004042815
63	0.069563830	0.006880849	0.004078426
64	0.069563830	0.006574484	0.004101832
65	0.069563830	0.006246219	0.004111926
66	0.069563830	0.005896996	0.004107831
67	0.069563830	0.005527769	0.004088864
68	0.069563830	0.005139487	0.004054497
69	0.069563830	0.004733084	0.004004334
70	0.069563830	0.004309481	0.003938091
71	0.069563830	0.003869578	0.003855570
72	0.069563830	0.003414257	0.003756657
73	0.069563830	0.002944384	0.003641302
74	0.069563830	0.002460806	0.003509517
75	0.069563830	0.001964353	0.003361364
76	0.069563830	0.001455842	0.003196958
77	0.069563830	0.000936074	0.003016453
78	0.069563830	0.000405835	0.002820049
79	0.069563830	-0.000134100	0.002607980
80	0.069563830	-0.000682973	0.002380518
81	0.069563830	-0.001240036	0.002137970
82	0.069563830	-0.001804555	0.001880673
83	0.069563830	-0.002375810	0.001608999
84	0.069563830	-0.002953095	0.001323348
85	0.069563830	-0.003535716	0.001024148
86	0.069563830	-0.004122995	0.000711859
87	0.069563830	-0.004714268	0.000386968
88	0.069563830	-0.005308889	0.000049987
89	0.069563830	-0.005906228	-0.000298540
90	0.069563830	-0.006503909	-0.000662613
91	0.069563830	-0.007103901	-0.001035002
92	0.069563830	-0.007704375	-0.001418341
93	0.069563830	-0.008304597	-0.001812468
94	0.069563830	-0.008903796	-0.002217349
95	0.069563830	-0.009501154	-0.002633132
96	0.069563830	-0.010095788	-0.003060185
97	0.069563830	-0.010686742	-0.003499154
98	0.069563830	-0.011272968	-0.003951018
99	0.069563830	-0.011823776	-0.004403347
1	0.071638298	-0.011838472	-0.004205527
2	0.071638298	-0.011152640	-0.004018288
3	0.071638298	-0.010470477	-0.003823381
4	0.071638298	-0.009792199	-0.003622359
5	0.071638298	-0.009117649	-0.003417770
6	0.071638298	-0.008446872	-0.003211606
7	0.071638298	-0.007780082	-0.003005391
8	0.071638298	-0.007117624	-0.002800265
9	0.071638298	-0.006459954	-0.002597057
10	0.071638298	-0.005807608	-0.002396352
11	0.071638298	-0.005160080	-0.002201494
12	0.071638298	-0.004520618	-0.002005739
13	0.071638298	-0.003888237	-0.001813655
14	0.071638298	-0.003263669	-0.001625176
15	0.071638298	-0.002647642	-0.001440220
16	0.071638298	-0.002040874	-0.001258694
17	0.071638298	-0.001444074	-0.001080500
18	0.071638298	-0.000857942	-0.000905536
19	0.071638298	-0.000283163	-0.000733699
20	0.071638298	0.000279587	-0.000564886
21	0.071638298	0.000829648	-0.000398996
22	0.071638298	0.001366371	-0.000235930
23	0.071638298	0.001889120	-0.000075590
24	0.071638298	0.002397274	0.000082119
25	0.071638298	0.002890222	0.000237293
26	0.071638298	0.003367367	0.000390026
27	0.071638298	0.003828124	0.000540415
28	0.071638298	0.004271917	0.000688557
29	0.071638298	0.004698178	0.000834555
30	0.071638298	0.005106348	0.000978519
31	0.071638298	0.005495868	0.001120565
32	0.071638298	0.005866179	0.001260825
33	0.071638298	0.006216712	0.001399448
34	0.071638298	0.006546881	0.001536607
35	0.071638298	0.006856065	0.001672509
36	0.071638298	0.007143587	0.001807406
37	0.071638298	0.007408681	0.001941609
38	0.071638298	0.007650427	0.002075513
39	0.071638298	0.007867658	0.002209618
40	0.071638298	0.008058786	0.002344549
41	0.071638298	0.008223153	0.002479083
42	0.071638298	0.008359808	0.002611953
43	0.071638298	0.008466754	0.002742289
44	0.071638298	0.008542648	0.002867499
45	0.071638298	0.008588022	0.002983009
46	0.071638298	0.008607030	0.003082922
47	0.071638298	0.008607853	0.003162156
48	0.071638298	0.008600280	0.003218334
49	0.071638298	0.008592455	0.003251471
50	0.071638298	0.008589312	0.003262383
51	0.071638298	0.008585804	0.003273533
52	0.071638298	0.008573672	0.003306412
53	0.071638298	0.008548441	0.003359027
54	0.071638298	0.008504004	0.003427447
55	0.071638298	0.008434662	0.003505944
56	0.071638298	0.008336864	0.003588224
57	0.071638298	0.008209538	0.003668955
58	0.071638298	0.008053306	0.003744586
59	0.071638298	0.007869583	0.003813469
60	0.071638298	0.007659997	0.003875753
61	0.071638298	0.007425687	0.003931427
62	0.071638298	0.007167168	0.003978518
63	0.071638298	0.006885119	0.004015339
64	0.071638298	0.006580335	0.004040495
65	0.071638298	0.006253685	0.004052855
66	0.071638298	0.005906075	0.004051513
67	0.071638298	0.005538430	0.004035750
68	0.071638298	0.005151674	0.004005009
69	0.071638298	0.004746725	0.003958866
70	0.071638298	0.004324488	0.003897007
71	0.071638298	0.003885852	0.003819216
72	0.071638298	0.003431691	0.003725358
73	0.071638298	0.002962859	0.003615368
74	0.071638298	0.002480199	0.003489245
75	0.071638298	0.001984532	0.003347043
76	0.071638298	0.001476669	0.003188867
77	0.071638298	0.000957404	0.003014867
78	0.071638298	0.000427517	0.002825236
79	0.071638298	-0.000112226	0.002620205
80	0.071638298	-0.000661071	0.002400044
81	0.071638298	-0.001218277	0.002165053
82	0.071638298	-0.001783118	0.001915569
83	0.071638298	-0.002354879	0.001651959
84	0.071638298	-0.002932859	0.001374617
85	0.071638298	-0.003516368	0.001083970
86	0.071638298	-0.004104734	0.000780469
87	0.071638298	-0.004697295	0.000464593
88	0.071638298	-0.005293407	0.000136849
89	0.071638298	-0.005892440	-0.000202231
90	0.071638298	-0.006492064	-0.000556690
91	0.071638298	-0.007094180	-0.000919259
92	0.071638298	-0.007696986	-0.001292614
93	0.071638298	-0.008299747	-0.001676607
94	0.071638298	-0.008901690	-0.002071229
95	0.071638298	-0.009501992	-0.002476652
96	0.071638298	-0.010099769	-0.002893273
97	0.071638298	-0.010694057	-0.003321772
98	0.071638298	-0.011283805	-0.003763165
99	0.071638298	-0.011838472	-0.004205527
1	0.073712766	-0.011834397	-0.004015580
2	0.073712766	-0.011149551	-0.003835923
3	0.073712766	-0.010468282	-0.003648590
4	0.073712766	-0.009790817	-0.003455138
5	0.073712766	-0.009117029	-0.003258093
6	0.073712766	-0.008446987	-0.003059425
7	0.073712766	-0.007780920	-0.002860641
8	0.073712766	-0.007119189	-0.002662868
9	0.073712766	-0.006462255	-0.002466922
10	0.073712766	-0.005810658	-0.002273380
11	0.073712766	-0.005163924	-0.002085586
12	0.073712766	-0.004525227	-0.001896774
13	0.073712766	-0.003893624	-0.001711521
14	0.073712766	-0.003269845	-0.001529760
15	0.073712766	-0.002654609	-0.001351409
16	0.073712766	-0.002048630	-0.001176375
17	0.073712766	-0.001452611	-0.001004560
18	0.073712766	-0.000867244	-0.000835866
19	0.073712766	-0.000293209	-0.000670190
20	0.073712766	0.000268824	-0.000507433
21	0.073712766	0.000818201	-0.000347497
22	0.073712766	0.001354279	-0.000190285
23	0.073712766	0.001876429	-0.000035701
24	0.073712766	0.002384036	0.000116348
25	0.073712766	0.002876496	0.000265954
26	0.073712766	0.003353218	0.000413210
27	0.073712766	0.003813623	0.000558210
28	0.073712766	0.004257143	0.000701051
29	0.073712766	0.004683217	0.000841834
30	0.073712766	0.005091292	0.000980667
31	0.073712766	0.005480820	0.001117669
32	0.073712766	0.005851249	0.001252972
33	0.073712766	0.006202020	0.001386729
34	0.073712766	0.006532557	0.001519118
35	0.073712766	0.006842251	0.001650357
36	0.073712766	0.007130438	0.001780712
37	0.073712766	0.007396361	0.001910522
38	0.073712766	0.007639107	0.002040225
39	0.073712766	0.007857504	0.002170398
40	0.073712766	0.008049930	0.002301784
41	0.073712766	0.008215589	0.002433327
42	0.073712766	0.008353323	0.002563944
43	0.073712766	0.008461169	0.002692634
44	0.073712766	0.008537697	0.002816747
45	0.073712766	0.008583284	0.002931617
46	0.073712766	0.008602011	0.003031151
47	0.073712766	0.008602231	0.003110060
48	0.073712766	0.008594035	0.003165914
49	0.073712766	0.008585780	0.003198803
50	0.073712766	0.008582487	0.003209622
51	0.073712766	0.008578828	0.003220655
52	0.073712766	0.008566242	0.003253152
53	0.073712766	0.008540277	0.003305044
54	0.073712766	0.008494952	0.003372331
55	0.073712766	0.008424800	0.003449317
56	0.073712766	0.008326511	0.003529895
57	0.073712766	0.008199144	0.003608985
58	0.073712766	0.008043320	0.003683234
59	0.073712766	0.007860376	0.003751075
60	0.073712766	0.007651842	0.003812610
61	0.073712766	0.007418843	0.003867984
62	0.073712766	0.007161862	0.003915325
63	0.073712766	0.006881522	0.003952954
64	0.073712766	0.006578569	0.003979468
65	0.073712766	0.006253823	0.003993714
66	0.073712766	0.005908156	0.003994755
67	0.073712766	0.005542457	0.003981841
68	0.073712766	0.005157629	0.003954384
69	0.073712766	0.004754567	0.003911930
70	0.073712766	0.004334162	0.003854139
71	0.073712766	0.003897290	0.003780771
72	0.073712766	0.003444813	0.003691673
73	0.073712766	0.002977578	0.003586763
74	0.073712766	0.002496416	0.003466028
75	0.073712766	0.002002145	0.003329510
76	0.073712766	0.001495565	0.003177307
77	0.073712766	0.000977463	0.003009560
78	0.073712766	0.000448614	0.002826457
79	0.073712766	-0.000090224	0.002628224
80	0.073712766	-0.000638305	0.002415127
81	0.073712766	-0.001194893	0.002187462
82	0.073712766	-0.001759269	0.001945562
83	0.073712766	-0.002330724	0.001689789
84	0.073712766	-0.002908562	0.001420534
85	0.073712766	-0.003492101	0.001138216
86	0.073712766	-0.004080670	0.000843282
87	0.073712766	-0.004673614	0.000536205
88	0.073712766	-0.005270289	0.000217482
89	0.073712766	-0.005870067	-0.000112364
90	0.073712766	-0.006470664	-0.000457414
91	0.073712766	-0.007073915	-0.000810365
92	0.073712766	-0.007678049	-0.001173928
93	0.073712766	-0.008282330	-0.001547972
94	0.073712766	-0.008885985	-0.001932506
95	0.073712766	-0.009488193	-0.002327724
96	0.073712766	-0.010088068	-0.002734046
97	0.073712766	-0.010684648	-0.003152182
98	0.073712766	-0.011276880	-0.003583178
99	0.073712766	-0.011834397	-0.004015580
1	0.075787234	-0.011812262	-0.003833121
2	0.075787234	-0.011129308	-0.003660656
3	0.075787234	-0.010449847	-0.003480503
4	0.075787234	-0.009774112	-0.003294229
5	0.075787234	-0.009102004	-0.003104337
6	0.075787234	-0.008433610	-0.002912780
7	0.075787234	-0.007769177	-0.002721049
8	0.075787234	-0.007109073	-0.002530257
9	0.075787234	-0.006453766	-0.002341211
10	0.075787234	-0.005803797	-0.002154480
11	0.075787234	-0.005158724	-0.001973408
12	0.075787234	-0.004521646	-0.001791212
13	0.075787234	-0.003891663	-0.001612474
14	0.075787234	-0.003269498	-0.001437128
15	0.075787234	-0.002655864	-0.001265090
16	0.075787234	-0.002051470	-0.001096268
17	0.075787234	-0.001457011	-0.000930567
18	0.075787234	-0.000873173	-0.000767888
19	0.075787234	-0.000300631	-0.000608133
20	0.075787234	0.000259954	-0.000451203
21	0.075787234	0.000807932	-0.000297003
22	0.075787234	0.001342669	-0.000145437
23	0.075787234	0.001863541	0.000003586
24	0.075787234	0.002369939	0.000150157
25	0.075787234	0.002861267	0.000294367
26	0.075787234	0.003336939	0.000436306
27	0.075787234	0.003796386	0.000576066
28	0.075787234	0.004239043	0.000713742
29	0.075787234	0.004664361	0.000849434
30	0.075787234	0.005071793	0.000983247
31	0.075787234	0.005460800	0.001115300
32	0.075787234	0.005830838	0.001245726
33	0.075787234	0.006181362	0.001374677
34	0.075787234	0.006511807	0.001502334
35	0.075787234	0.006821577	0.001628920
36	0.075787234	0.007110024	0.001754711
37	0.075787234	0.007376407	0.001880064
38	0.075787234	0.007619834	0.002005446
39	0.075787234	0.007839143	0.002131492
40	0.075787234	0.008032711	0.002259041
41	0.075787234	0.008199333	0.002387589
42	0.075787234	0.008337645	0.002516167
43	0.075787234	0.008445777	0.002643484
44	0.075787234	0.008522317	0.002766707
45	0.075787234	0.008567619	0.002881003
46	0.075787234	0.008585811	0.002980103
47	0.075787234	0.008585413	0.003058605
48	0.075787234	0.008576699	0.003114088
49	0.075787234	0.008568121	0.003146715
50	0.075787234	0.008564721	0.003157441
51	0.075787234	0.008560958	0.003168358
52	0.075787234	0.008548072	0.003200494
53	0.075787234	0.008521666	0.003251739
54	0.075787234	0.008475880	0.003318074
55	0.075787234	0.008405419	0.003393859
56	0.075787234	0.008307117	0.003473117
57	0.075787234	0.008180095	0.003550916
58	0.075787234	0.008024958	0.003624002
59	0.075787234	0.007842990	0.003690827
60	0.075787234	0.007635652	0.003751422
61	0.075787234	0.007404098	0.003806158
62	0.075787234	0.007148823	0.003853399
63	0.075787234	0.006870398	0.003891482
64	0.075787234	0.006569516	0.003918997
65	0.075787234	0.006246955	0.003934772
66	0.075787234	0.005903545	0.003937844
67	0.075787234	0.005540144	0.003927435
68	0.075787234	0.005157628	0.003902926
69	0.075787234	0.004756872	0.003863835
70	0.075787234	0.004338748	0.003809797
71	0.075787234	0.003904118	0.003740550
72	0.075787234	0.003453832	0.003655920
73	0.075787234	0.002988727	0.003555810
74	0.075787234	0.002509625	0.003440192
75	0.075787234	0.002017334	0.003309098
76	0.075787234	0.001512648	0.003162614
77	0.075787234	0.000996346	0.003000877
78	0.075787234	0.000469194	0.002824065
79	0.075787234	-0.000068057	0.002632401
80	0.075787234	-0.000614665	0.002426141
81	0.075787234	-0.001169905	0.002205582
82	0.075787234	-0.001733062	0.001971047
83	0.075787234	-0.002303434	0.001722895
84	0.075787234	-0.002880332	0.001461513
85	0.075787234	-0.003463077	0.001187312
86	0.075787234	-0.004051005	0.000900734
87	0.075787234	-0.004643464	0.000602244
88	0.075787234	-0.005239813	0.000292332
89	0.075787234	-0.005839430	-0.000028486
90	0.075787234	-0.006440068	-0.000364328
91	0.075787234	-0.007043510	-0.000707862
92	0.075787234	-0.007648008	-0.001061827
93	0.075787234	-0.008252832	-0.001426108
94	0.075787234	-0.008857212	-0.001800730
95	0.075787234	-0.009460327	-0.002185904
96	0.075787234	-0.010061297	-0.002582071
97	0.075787234	-0.010659163	-0.002989963
98	0.075787234	-0.011252877	-0.003410655
99	0.075787234	-0.011812262	-0.003833121
1	0.077861702	-0.011772754	-0.003657772
2	0.077861702	-0.011092547	-0.003492102
3	0.077861702	-0.010415753	-0.003318733
4	0.077861702	-0.009742611	-0.003139236
5	0.077861702	-0.009073044	-0.002956101
6	0.077861702	-0.008407158	-0.002771263
7	0.077861702	-0.007745211	-0.002586202
8	0.077861702	-0.007087578	-0.002402020
9	0.077861702	-0.006434732	-0.002219514
10	0.077861702	-0.005787215	-0.002039246
11	0.077861702	-0.005144611	-0.001864564
12	0.077861702	-0.004509950	-0.001688664
13	0.077861702	-0.003882372	-0.001516139
14	0.077861702	-0.003262591	-0.001346919
15	0.077861702	-0.002651316	-0.001180920
16	0.077861702	-0.002049246	-0.001018052
17	0.077861702	-0.001457074	-0.000858219
18	0.077861702	-0.000875476	-0.000701324
19	0.077861702	-0.000305122	-0.000547269
20	0.077861702	0.000253334	-0.000395958
21	0.077861702	0.000799251	-0.000247298
22	0.077861702	0.001331998	-0.000101194
23	0.077861702	0.001850959	0.000042442
24	0.077861702	0.002355533	0.000183701
25	0.077861702	0.002845128	0.000322671
26	0.077861702	0.003319169	0.000459440
27	0.077861702	0.003777089	0.000594098
28	0.077861702	0.004218336	0.000726739
29	0.077861702	0.004642364	0.000857459
30	0.077861702	0.005048637	0.000986365
31	0.077861702	0.005436624	0.001113572
32	0.077861702	0.005805793	0.001239211
33	0.077861702	0.006155608	0.001363435
34	0.077861702	0.006485518	0.001486426
35	0.077861702	0.006794942	0.001608405
36	0.077861702	0.007083251	0.001729654
37	0.077861702	0.007349726	0.001850537
38	0.077861702	0.007593499	0.001971542
39	0.077861702	0.007813440	0.002093336
40	0.077861702	0.008007941	0.002216846
41	0.077861702	0.008175261	0.002342347
42	0.077861702	0.008313835	0.002468934
43	0.077861702	0.008421925	0.002594942
44	0.077861702	0.008498192	0.002717286
45	0.077861702	0.008543056	0.002830944
46	0.077861702	0.008560740	0.002929509
47	0.077861702	0.008559885	0.003007528
48	0.077861702	0.008550845	0.003062612
49	0.077861702	0.008542084	0.003094978
50	0.077861702	0.008538626	0.003105613
51	0.077861702	0.008534810	0.003116422
52	0.077861702	0.008521783	0.003148228
53	0.077861702	0.008495208	0.003198910
54	0.077861702	0.008449320	0.003264457
55	0.077861702	0.008378936	0.003339281
56	0.077861702	0.008280974	0.003417487
57	0.077861702	0.008154578	0.003494224
58	0.077861702	0.008000346	0.003566285
59	0.077861702	0.007819525	0.003632121
60	0.077861702	0.007613539	0.003691707
61	0.077861702	0.007383582	0.003745642
62	0.077861702	0.007130182	0.003792592
63	0.077861702	0.006853863	0.003830910
64	0.077861702	0.006555270	0.003859187
65	0.077861702	0.006235138	0.003876236
66	0.077861702	0.005894258	0.003881074
67	0.077861702	0.005533460	0.003872898
68	0.077861702	0.005153589	0.003851063
69	0.077861702	0.004755500	0.003815062
70	0.077861702	0.004340046	0.003764507
71	0.077861702	0.003908074	0.003699116
72	0.077861702	0.003460421	0.003618695
73	0.077861702	0.002997913	0.003523133
74	0.077861702	0.002521361	0.003412388
75	0.077861702	0.002031564	0.003286479
76	0.077861702	0.001529308	0.003145484
77	0.077861702	0.001015364	0.002989529
78	0.077861702	0.000490489	0.002818787
79	0.077861702	-0.000044572	0.002633472
80	0.077861702	-0.000589085	0.002433836
81	0.077861702	-0.001142331	0.002220167
82	0.077861702	-0.001703603	0.001992785
83	0.077861702	-0.002272205	0.001752041
84	0.077861702	-0.002847452	0.001498317
85	0.077861702	-0.003428674	0.001232018
86	0.077861702	-0.004015209	0.000953578
87	0.077861702	-0.004606410	0.000663457
88	0.077861702	-0.005201642	0.000362136
89	0.077861702	-0.005800284	0.000050122
90	0.077861702	-0.006400133	-0.000276732
91	0.077861702	-0.007002915	-0.000611070
92	0.077861702	-0.007606913	-0.000955657
93	0.077861702	-0.008211400	-0.001310390
94	0.077861702	-0.008815610	-0.001675307
95	0.077861702	-0.009418731	-0.002050634
96	0.077861702	-0.010019886	-0.002436830
97	0.077861702	-0.010618126	-0.002834642
98	0.077861702	-0.011212411	-0.003245168
99	0.077861702	-0.011772754	-0.003657772
1	0.079936170	-0.011716542	-0.003489165
2	0.079936170	-0.011039876	-0.003329888
3	0.079936170	-0.010366549	-0.003162895
4	0.079936170	-0.009696801	-0.002989771
5	0.079936170	-0.009030577	-0.002812989
6	0.079936170	-0.008367996	-0.002634475
7	0.079936170	-0.007709324	-0.002455699
8	0.079936170	-0.007054945	-0.002277752
9	0.079936170	-0.006405332	-0.002101428
10	0.079936170	-0.005761027	-0.001927282
11	0.079936170	-0.005121639	-0.001758664
12	0.079936170	-0.004490133	-0.001588754
13	0.079936170	-0.003865682	-0.001422151
14	0.079936170	-0.003248995	-0.001258784
15	0.079936170	-0.002640773	-0.001098568
16	0.079936170	-0.002041711	-0.000941413
17	0.079936170	-0.001452492	-0.000787222
18	0.079936170	-0.000873788	-0.000635899
19	0.079936170	-0.000306259	-0.000487347
20	0.079936170	0.000249445	-0.000341470
21	0.079936170	0.000792689	-0.000198174
22	0.079936170	0.001322851	-0.000057369
23	0.079936170	0.001839321	0.000081037
24	0.079936170	0.002341504	0.000217131
25	0.079936170	0.002828817	0.000351000
26	0.079936170	0.003300688	0.000482733
27	0.079936170	0.003756561	0.000612417
28	0.079936170	0.004195889	0.000740146
29	0.079936170	0.004618135	0.000866014
30	0.079936170	0.005022771	0.000990127
31	0.079936170	0.005409275	0.001112597
32	0.079936170	0.005777125	0.001233556
33	0.079936170	0.006125796	0.001353153
34	0.079936170	0.006454751	0.001471569
35	0.079936170	0.006763426	0.001589023
36	0.079936170	0.007051209	0.001705798
37	0.079936170	0.007317407	0.001822260
38	0.079936170	0.007561184	0.001938901
39	0.079936170	0.007781449	0.002056407
40	0.079936170	0.007976631	0.002175769
41	0.079936170	0.008144448	0.002298117
42	0.079936170	0.008283155	0.002422584
43	0.079936170	0.008391154	0.002547125
44	0.079936170	0.008467211	0.002668402
45	0.079936170	0.008511831	0.002781231
46	0.079936170	0.008529309	0.002879117
47	0.079936170	0.008528322	0.002956586
48	0.079936170	0.008519218	0.003011262
49	0.079936170	0.008510435	0.003043378
50	0.079936170	0.008506972	0.003053929
51	0.079936170	0.008503158	0.003064641
52	0.079936170	0.008490148	0.003096156
53	0.079936170	0.008463644	0.003146356
54	0.079936170	0.008417940	0.003211247
55	0.079936170	0.008347913	0.003285273
56	0.079936170	0.008250523	0.003362583
57	0.079936170	0.008124940	0.003438369
58	0.079936170	0.007971765	0.003509462
59	0.079936170	0.007792236	0.003574329
60	0.079936170	0.007587760	0.003632935
61	0.079936170	0.007359565	0.003686082
62	0.079936170	0.007108208	0.003732705
63	0.079936170	0.006834171	0.003771180
64	0.079936170	0.006538058	0.003800100
65	0.079936170	0.006220565	0.003818272
66	0.079936170	0.005882450	0.003824700
67	0.079936170	0.005524509	0.003818561
68	0.079936170	0.005147563	0.003799190
69	0.079936170	0.004752445	0.003766061
70	0.079936170	0.004339990	0.003718766
71	0.079936170	0.003911028	0.003657005
72	0.079936170	0.003466382	0.003580570
73	0.079936170	0.003006867	0.003489333
74	0.079936170	0.002533283	0.003383241
75	0.079936170	0.002046419	0.003262302
76	0.079936170	0.001547052	0.003126583
77	0.079936170	0.001035943	0.002976201
78	0.079936170	0.000513843	0.002811321
79	0.079936170	-0.000018510	0.002632149
80	0.079936170	-0.000560391	0.002438930
81	0.079936170	-0.001111088	0.002231945
82	0.079936170	-0.001669899	0.002011507
83	0.079936170	-0.002236135	0.001777962
84	0.079936170	-0.002809117	0.001531681
85	0.079936170	-0.003388180	0.001273066
86	0.079936170	-0.003972668	0.001002544
87	0.079936170	-0.004561939	0.000720564
88	0.079936170	-0.005155360	0.000427602
89	0.079936170	-0.005752316	0.000124157
90	0.079936170	-0.006350644	-0.000193946
91	0.079936170	-0.006952019	-0.000519329
92	0.079936170	-0.007554753	-0.000854780
93	0.079936170	-0.008158125	-0.001200206
94	0.079936170	-0.008761376	-0.001555656
95	0.079936170	-0.009363701	-0.001921368
96	0.079936170	-0.009964232	-0.002297812
97	0.079936170	-0.010562030	-0.002685751
98	0.079936170	-0.011156071	-0.003086295
99	0.079936170	-0.011716542	-0.003489165
1	0.082010638	-0.011644254	-0.003326932
2	0.082010638	-0.010971857	-0.003173653
3	0.082010638	-0.010302727	-0.003012642
4	0.082010638	-0.009637107	-0.002845492
5	0.082010638	-0.008974957	-0.002674671
6	0.082010638	-0.008316409	-0.002502096
7	0.082010638	-0.007661736	-0.002329229
8	0.082010638	-0.007011323	-0.002157157
9	0.082010638	-0.006365647	-0.001986669
10	0.082010638	-0.005725249	-0.001818316
11	0.082010638	-0.005089757	-0.001655451
12	0.082010638	-0.004462077	-0.001491236
13	0.082010638	-0.003841413	-0.001330278
14	0.082010638	-0.003228466	-0.001172503
15	0.082010638	-0.002623932	-0.001017828
16	0.082010638	-0.002028498	-0.000866157
17	0.082010638	-0.001442840	-0.000717396
18	0.082010638	-0.000867624	-0.000571446
19	0.082010638	-0.000303504	-0.000428210
20	0.082010638	0.000248879	-0.000287592
21	0.082010638	0.000788895	-0.000149496
22	0.082010638	0.001315929	-0.000013832
23	0.082010638	0.001829378	0.000119491
24	0.082010638	0.002328654	0.000250562
25	0.082010638	0.002813179	0.000379468
26	0.082010638	0.003282390	0.000506296
27	0.082010638	0.003735737	0.000631135
28	0.082010638	0.004172680	0.000754078
29	0.082010638	0.004592691	0.000875219
30	0.082010638	0.004995249	0.000994661
31	0.082010638	0.005379840	0.001112518
32	0.082010638	0.005745955	0.001228919
33	0.082010638	0.006093077	0.001344010
34	0.082010638	0.006420684	0.001457971
35	0.082010638	0.006728225	0.001571019
36	0.082010638	0.007015111	0.001683431
37	0.082010638	0.007280673	0.001795571
38	0.082010638	0.007524108	0.001907931
39	0.082010638	0.007744372	0.002021198
40	0.082010638	0.007939948	0.002136401
41	0.082010638	0.008108104	0.002255456
42	0.082010638	0.008246949	0.002377546
43	0.082010638	0.008355015	0.002500295
44	0.082010638	0.008431171	0.002620172
45	0.082010638	0.008475978	0.002731895
46	0.082010638	0.008493715	0.002828936
47	0.082010638	0.008492995	0.002905796
48	0.082010638	0.008484104	0.002960064
49	0.082010638	0.008475454	0.002991943
50	0.082010638	0.008472036	0.003002417
51	0.082010638	0.008468271	0.003013042
52	0.082010638	0.008455412	0.003044298
53	0.082010638	0.008429167	0.003094078
54	0.082010638	0.008383844	0.003158394
55	0.082010638	0.008314338	0.003231695
56	0.082010638	0.008217646	0.003308147
57	0.082010638	0.008092976	0.003382982
58	0.082010638	0.007940956	0.003453083
59	0.082010638	0.007762838	0.003516979
60	0.082010638	0.007560024	0.003574688
61	0.082010638	0.007333760	0.003627169
62	0.082010638	0.007084609	0.003673533
63	0.082010638	0.006813019	0.003712177
64	0.082010638	0.006519560	0.003741704
65	0.082010638	0.006204892	0.003760922
66	0.082010638	0.005869742	0.003768826
67	0.082010638	0.005514879	0.003764582
68	0.082010638	0.005141099	0.003747513
69	0.082010638	0.004749215	0.003717076
70	0.082010638	0.004340041	0.003672852
71	0.082010638	0.003914393	0.003614525
72	0.082010638	0.003473080	0.003541875
73	0.082010638	0.003016902	0.003454762
74	0.082010638	0.002546649	0.003353121
75	0.082010638	0.002063101	0.003236950
76	0.082010638	0.001567022	0.003106307
77	0.082010638	0.001059168	0.002961299
78	0.082010638	0.000540280	0.002802083
79	0.082010638	0.000011088	0.002628856
80	0.082010638	-0.000527691	0.002441856
81	0.082010638	-0.001075349	0.002241355
82	0.082010638	-0.001631194	0.002027660
83	0.082010638	-0.002194540	0.001801108
84	0.082010638	-0.002764716	0.001562063
85	0.082010638	-0.003341061	0.001310919
86	0.082010638	-0.003922926	0.001048095
87	0.082010638	-0.004509671	0.000774034
88	0.082010638	-0.005100671	0.000489203
89	0.082010638	-0.005695312	0.000194093
90	0.082010638	-0.006291473	-0.000115495
91	0.082010638	-0.006890780	-0.000432164
92	0.082010638	-0.007491574	-0.000758723
93	0.082010638	-0.008093141	-0.001095086
94	0.082010638	-0.008694730	-0.001441313
95	0.082010638	-0.009295544	-0.001797650
96	0.082010638	-0.009894729	-0.002164576
97	0.082010638	-0.010491357	-0.002542866
98	0.082010638	-0.011084418	-0.002933639
99	0.082010638	-0.011644254	-0.003326932
1	0.084085106	-0.011556490	-0.003170705
2	0.084085106	-0.010889014	-0.003023053
3	0.084085106	-0.010224735	-0.002867651
4	0.084085106	-0.009563900	-0.002706106
5	0.084085106	-0.008906479	-0.002540879
6	0.084085106	-0.008252615	-0.002373883
7	0.084085106	-0.007602585	-0.002206577
8	0.084085106	-0.006956779	-0.002040044
9	0.084085106	-0.006315670	-0.001875068
10	0.084085106	-0.005679800	-0.001712199
11	0.084085106	-0.005048815	-0.001554797
12	0.084085106	-0.004425564	-0.001395998
13	0.084085106	-0.003809278	-0.001240421
14	0.084085106	-0.003200652	-0.001087992
15	0.084085106	-0.002600376	-0.000938621
16	0.084085106	-0.002009129	-0.000792215
17	0.084085106	-0.001427580	-0.000648676
18	0.084085106	-0.000856389	-0.000507902
19	0.084085106	-0.000296203	-0.000369796
20	0.084085106	0.000252344	-0.000234259
21	0.084085106	0.000788630	-0.000101195
22	0.084085106	0.001312044	0.000029489
23	0.084085106	0.001821992	0.000157885
24	0.084085106	0.002317891	0.000284083
25	0.084085106	0.002799171	0.000408171
26	0.084085106	0.003265275	0.000530238
27	0.084085106	0.003715661	0.000650373
28	0.084085106	0.004149795	0.000768669
29	0.084085106	0.004567156	0.000885222
30	0.084085106	0.004967233	0.001000134
31	0.084085106	0.005349520	0.001113519
32	0.084085106	0.005713515	0.001225504
33	0.084085106	0.006058715	0.001336235
34	0.084085106	0.006384608	0.001445887
35	0.084085106	0.006690660	0.001554677
36	0.084085106	0.006976298	0.001662875
37	0.084085106	0.007240880	0.001770841
38	0.084085106	0.007483634	0.001879059
39	0.084085106	0.007703565	0.001988213
40	0.084085106	0.007899218	0.002099344
41	0.084085106	0.008067572	0.002214974
42	0.084085106	0.008206638	0.002334354
43	0.084085106	0.008315056	0.002454885
44	0.084085106	0.008391763	0.002572939
45	0.084085106	0.008437302	0.002683233
46	0.084085106	0.008455818	0.002779254
47	0.084085106	0.008455752	0.002855447
48	0.084085106	0.008447313	0.002909302
49	0.084085106	0.008438916	0.002940952
50	0.084085106	0.008435579	0.002951351
51	0.084085106	0.008431898	0.002961894
52	0.084085106	0.008419277	0.002992910
53	0.084085106	0.008393400	0.003042292
54	0.084085106	0.008348542	0.003106040
55	0.084085106	0.008279602	0.003178583
56	0.084085106	0.008183627	0.003254095
57	0.084085106	0.008059893	0.003327865
58	0.084085106	0.007909082	0.003396877
59	0.084085106	0.007732468	0.003459769
60	0.084085106	0.007531458	0.003516672
61	0.084085106	0.007307290	0.003568653
62	0.084085106	0.007060503	0.003614869
63	0.084085106	0.006791516	0.003653740
64	0.084085106	0.006500870	0.003683883
65	0.084085106	0.006189196	0.003704110
66	0.084085106	0.005857194	0.003713416
67	0.084085106	0.005505606	0.003710962
68	0.084085106	0.005135209	0.003696062
69	0.084085106	0.004746791	0.003668168
70	0.084085106	0.004341152	0.003626849
71	0.084085106	0.003919091	0.003571780
72	0.084085106	0.003481400	0.003502732
73	0.084085106	0.003028869	0.003419555
74	0.084085106	0.002562276	0.003322175
75	0.084085106	0.002082387	0.003210581
76	0.084085106	0.001589959	0.003084822
77	0.084085106	0.001085738	0.002944996
78	0.084085106	0.000570456	0.002791252
79	0.084085106	0.000044835	0.002623779
80	0.084085106	-0.000490414	0.002442805
81	0.084085106	-0.001034593	0.002248596
82	0.084085106	-0.001587012	0.002041448
83	0.084085106	-0.002146996	0.001821692
84	0.084085106	-0.002713877	0.001589683
85	0.084085106	-0.003287001	0.001345808
86	0.084085106	-0.003865722	0.001090476
87	0.084085106	-0.004449407	0.000824123
88	0.084085106	-0.005037436	0.000547208
89	0.084085106	-0.005629197	0.000260216
90	0.084085106	-0.006222611	-0.000041079
91	0.084085106	-0.006819256	-0.000349259
92	0.084085106	-0.007417503	-0.000667153
93	0.084085106	-0.008016645	-0.000994684
94	0.084085106	-0.008615939	-0.001331918
95	0.084085106	-0.009214601	-0.001679108
96	0.084085106	-0.009811786	-0.002036743
97	0.084085106	-0.010406582	-0.002405603
98	0.084085106	-0.010997997	-0.002786819
99	0.084085106	-0.011556490	-0.003170705
1	0.086159574	-0.011453849	-0.003020116
2	0.086159574	-0.010791872	-0.002877742
3	0.086159574	-0.010133026	-0.002727607
4	0.086159574	-0.009477554	-0.002571325
5	0.086159574	-0.008825442	-0.002411355
6	0.086159574	-0.008176838	-0.002249609
7	0.086159574	-0.007532022	-0.002087542
8	0.086159574	-0.006891386	-0.001926237
9	0.086159574	-0.006255404	-0.001766476
10	0.086159574	-0.005624612	-0.001608805
11	0.086159574	-0.004998675	-0.001456593
12	0.086159574	-0.004380387	-0.001302949
13	0.086159574	-0.003769004	-0.001152505
14	0.086159574	-0.003165216	-0.001005184
15	0.086159574	-0.002569705	-0.000860895
16	0.086159574	-0.001983142	-0.000719540
17	0.086159574	-0.001406191	-0.000581019
18	0.086159574	-0.000839504	-0.000445228
19	0.086159574	-0.000283720	-0.000312065
20	0.086159574	0.000260531	-0.000181432
21	0.086159574	0.000792636	-0.000053228
22	0.086159574	0.001311991	0.000072642
23	0.086159574	0.001818006	0.000196272
24	0.086159574	0.002310108	0.000317755
25	0.086159574	0.002787731	0.000437180
26	0.086159574	0.003250327	0.000554639
27	0.086159574	0.003697359	0.000670222
28	0.086159574	0.004128302	0.000784024
29	0.086159574	0.004542641	0.000896141
30	0.086159574	0.004939872	0.001006678
31	0.086159574	0.005319497	0.001115748
32	0.086159574	0.005681025	0.001223477
33	0.086159574	0.006023962	0.001330012
34	0.086159574	0.006347806	0.001435526
35	0.086159574	0.006652039	0.001540231
36	0.086159574	0.006936104	0.001644397
37	0.086159574	0.007199381	0.001748374
38	0.086159574	0.007441129	0.001852641
39	0.086159574	0.007660397	0.001957873
40	0.086159574	0.007855790	0.002065115
41	0.086159574	0.008024196	0.002177226
42	0.086159574	0.008163618	0.002293507
43	0.086159574	0.008272767	0.002411301
44	0.086159574	0.008350588	0.002527028
45	0.086159574	0.008397497	0.002635521
46	0.086159574	0.008417350	0.002730329
47	0.086159574	0.008418318	0.002805793
48	0.086159574	0.008410532	0.002859225
49	0.086159574	0.008402477	0.002890644
50	0.086159574	0.008399246	0.002900968
51	0.086159574	0.008395668	0.002911431
52	0.086159574	0.008383334	0.002942207
53	0.086159574	0.008357856	0.002991176
54	0.086159574	0.008313443	0.003054297
55	0.086159574	0.008245002	0.003125950
56	0.086159574	0.008149667	0.003200329
57	0.086159574	0.008026827	0.003272828
58	0.086159574	0.007877238	0.003340589
59	0.086159574	0.007702202	0.003402417
60	0.086159574	0.007503128	0.003458615
61	0.086159574	0.007281213	0.003510293
62	0.086159574	0.007036939	0.003556507
63	0.086159574	0.006770702	0.003595701
64	0.086159574	0.006483017	0.003626507
65	0.086159574	0.006174490	0.003647747
66	0.086159574	0.005845798	0.003658418
67	0.086159574	0.005497663	0.003657684
68	0.086159574	0.005130838	0.003644858
69	0.086159574	0.004746095	0.003619387
70	0.086159574	0.004344214	0.003580835
71	0.086159574	0.003925979	0.003528873
72	0.086159574	0.003492169	0.003463265
73	0.086159574	0.003043559	0.003383855
74	0.086159574	0.002580915	0.003290562
75	0.086159574	0.002104993	0.003183367
76	0.086159574	0.001616540	0.003062311
77	0.086159574	0.001116289	0.002927486
78	0.086159574	0.000604967	0.002779030
79	0.086159574	0.000083286	0.002617126
80	0.086159574	-0.000448052	0.002441994
81	0.086159574	-0.000988353	0.002253890
82	0.086159574	-0.001536938	0.002053102
83	0.086159574	-0.002093134	0.001839953
84	0.086159574	-0.002656282	0.001614789
85	0.086159574	-0.003225732	0.001377988
86	0.086159574	-0.003800844	0.001129952
87	0.086159574	-0.004380991	0.000871108
88	0.086159574	-0.004965556	0.000601908
89	0.086159574	-0.005553935	0.000322827
90	0.086159574	-0.006144081	0.000029616
91	0.086159574	-0.006737534	-0.000270287
92	0.086159574	-0.007332692	-0.000579732
93	0.086159574	-0.007928854	-0.000898647
94	0.086159574	-0.008525290	-0.001227106
95	0.086159574	-0.009121222	-0.001565369
96	0.086159574	-0.009715822	-0.001913931
97	0.086159574	-0.010308190	-0.002273580
98	0.086159574	-0.010897351	-0.002645453
99	0.086159574	-0.011453849	-0.003020116
1	0.088234043	-0.011336938	-0.002874793
2	0.088234043	-0.010681003	-0.002737389
3	0.088234043	-0.010028131	-0.002592216
4	0.088234043	-0.009378567	-0.002440894
5	0.088234043	-0.008732306	-0.002285885
6	0.088234043	-0.008089500	-0.002129098
7	0.088234043	-0.007450434	-0.001971989
8	0.088234043	-0.006815499	-0.001815638
9	0.088234043	-0.006185167	-0.001660826
10	0.088234043	-0.005559971	-0.001508098
11	0.088234043	-0.004939590	-0.001360833
12	0.088234043	-0.004326769	-0.001212110
13	0.088234043	-0.003720786	-0.001066575
14	0.088234043	-0.003122324	-0.000924147
15	0.088234043	-0.002532057	-0.000784733
16	0.088234043	-0.001950650	-0.000648231
17	0.088234043	-0.001378759	-0.000514537
18	0.088234043	-0.000817030	-0.000383546
19	0.088234043	-0.000266095	-0.000255152
20	0.088234043	0.000273425	-0.000129251
21	0.088234043	0.000800920	-0.000005741
22	0.088234043	0.001315796	0.000115476
23	0.088234043	0.001817470	0.000234498
24	0.088234043	0.002305372	0.000351420
25	0.088234043	0.002778947	0.000466336
26	0.088234043	0.003237653	0.000579339
27	0.088234043	0.003680957	0.000690522
28	0.088234043	0.004108343	0.000799981
29	0.088234043	0.004519303	0.000907816
30	0.088234043	0.004913341	0.001014132
31	0.088234043	0.005289967	0.001119043
32	0.088234043	0.005648696	0.001222676
33	0.088234043	0.005989045	0.001325178
34	0.088234043	0.006310524	0.001426722
35	0.088234043	0.006612626	0.001527516
36	0.088234043	0.006894810	0.001627827
37	0.088234043	0.007156476	0.001728001
38	0.088234043	0.007396911	0.001828509
39	0.088234043	0.007615203	0.001930016
40	0.088234043	0.007810015	0.002033566
41	0.088234043	0.007978315	0.002142087
42	0.088234043	0.008118190	0.002254908
43	0.088234043	0.008228385	0.002369473
44	0.088234043	0.008307801	0.002482387
45	0.088234043	0.008356627	0.002588710
46	0.088234043	0.008378304	0.002682102
47	0.088234043	0.008380629	0.002756764
48	0.088234043	0.008373665	0.002809752
49	0.088234043	0.008366022	0.002840934
50	0.088234043	0.008362913	0.002851181
51	0.088234043	0.008359455	0.002861562
52	0.088234043	0.008347437	0.002892091
53	0.088234043	0.008322369	0.002940623
54	0.088234043	0.008278367	0.003003045
55	0.088234043	0.008210356	0.003073677
56	0.088234043	0.008115604	0.003146750
57	0.088234043	0.007993643	0.003217815
58	0.088234043	0.007845315	0.003284215
59	0.088234043	0.007671944	0.003344955
60	0.088234043	0.007474933	0.003400542
61	0.088234043	0.007255423	0.003452086
62	0.088234043	0.007013808	0.003498425
63	0.088234043	0.006750465	0.003538025
64	0.088234043	0.006465887	0.003569536
65	0.088234043	0.006160662	0.003591789
66	0.088234043	0.005835443	0.003603792
67	0.088234043	0.005490934	0.003604714
68	0.088234043	0.005127869	0.003593869
69	0.088234043	0.004747003	0.003570706
70	0.088234043	0.004349100	0.003534790
71	0.088234043	0.003934927	0.003485789
72	0.088234043	0.003505251	0.003423464
73	0.088234043	0.003060831	0.003347657
74	0.088234043	0.002602422	0.003258279
75	0.088234043	0.002130767	0.003155309
76	0.088234043	0.001646603	0.003038780
77	0.088234043	0.001150655	0.002908777
78	0.088234043	0.000643637	0.002765433
79	0.088234043	0.000126254	0.002608919
80	0.088234043	-0.000400800	0.002439450
81	0.088234043	-0.000936838	0.002257273
82	0.088234043	-0.001481189	0.002062668
83	0.088234043	-0.002033187	0.001855947
84	0.088234043	-0.002592178	0.001637449
85	0.088234043	-0.003157518	0.001407544
86	0.088234043	-0.003728573	0.001166624
87	0.088234043	-0.004304722	0.000915107
88	0.088234043	-0.004885352	0.000653438
89	0.088234043	-0.005469864	0.000382085
90	0.088234043	-0.006056249	0.000096773
91	0.088234043	-0.006646005	-0.000195042
92	0.088234043	-0.007237556	-0.000496227
93	0.088234043	-0.007830213	-0.000806718
94	0.088234043	-0.008423251	-0.001126596
95	0.088234043	-0.009015907	-0.001456127
96	0.088234043	-0.009607363	-0.001795814
97	0.088234043	-0.010196734	-0.002146449
98	0.088234043	-0.010783063	-0.002509180
99	0.088234043	-0.011336938	-0.002874793
1	0.090308511	-0.011206365	-0.002734366
2	0.090308511	-0.010557011	-0.002601670
3	0.090308511	-0.009910654	-0.002461202
4	0.090308511	-0.009267539	-0.002314589
5	0.090308511	-0.008627668	-0.002164292
6	0.090308511	-0.007991198	-0.002012221
7	0.090308511	-0.007358415	-0.001859832
8	0.090308511	-0.006729709	-0.001708205
9	0.090308511	-0.006105551	-0.001558119
10	0.090308511	-0.005486468	-0.001410118
11	0.090308511	-0.004872154	-0.001267592
12	0.090308511	-0.004265305	-0.001123586
13	0.090308511	-0.003665220	-0.000982765
14	0.090308511	-0.003072574	-0.000845042
15	0.090308511	-0.002488034	-0.000710320
16	0.090308511	-0.001912259	-0.000578495
17	0.090308511	-0.001345896	-0.000449459
18	0.090308511	-0.000789584	-0.000323102
19	0.090308511	-0.000243948	-0.000199315
20	0.090308511	0.000290397	-0.000077989
21	0.090308511	0.000812850	0.000040979
22	0.090308511	0.001322823	0.000157694
23	0.090308511	0.001819739	0.000272256
24	0.090308511	0.002303037	0.000384764
25	0.090308511	0.002772168	0.000495314
26	0.090308511	0.003226594	0.000604003
27	0.090308511	0.003665794	0.000710928
28	0.090308511	0.004089256	0.000816186
29	0.090308511	0.004496479	0.000919880
30	0.090308511	0.004886975	0.001022118
31	0.090308511	0.005260261	0.001123013
32	0.090308511	0.005615863	0.001222696
33	0.090308511	0.005953303	0.001321312
34	0.090308511	0.006272104	0.001419033
35	0.090308511	0.006571770	0.001516067
36	0.090308511	0.006851775	0.001612675
37	0.090308511	0.007111537	0.001709200
38	0.090308511	0.007350371	0.001806103
39	0.090308511	0.007567399	0.001904039
40	0.090308511	0.007761342	0.002004039
41	0.090308511	0.007929371	0.002108901
42	0.090308511	0.008069703	0.002217984
43	0.090308511	0.008181088	0.002328947
44	0.090308511	0.008262354	0.002438667
45	0.090308511	0.008313420	0.002542508
46	0.090308511	0.008337233	0.002634290
47	0.090308511	0.008341147	0.002708060
48	0.090308511	0.008335135	0.002760572
49	0.090308511	0.008327963	0.002791504
50	0.090308511	0.008324994	0.002801670
51	0.090308511	0.008321670	0.002811969
52	0.090308511	0.008310005	0.002842245
53	0.090308511	0.008285381	0.002890324
54	0.090308511	0.008241811	0.002952012
55	0.090308511	0.008174252	0.003021569
56	0.090308511	0.008080128	0.003093287
57	0.090308511	0.007959127	0.003162898
58	0.090308511	0.007812166	0.003227959
59	0.090308511	0.007640584	0.003287670
60	0.090308511	0.007445773	0.003342729
61	0.090308511	0.007228814	0.003394240
62	0.090308511	0.006990006	0.003440773
63	0.090308511	0.006729707	0.003480812
64	0.090308511	0.006448392	0.003513025
65	0.090308511	0.006146632	0.003536258
66	0.090308511	0.005825062	0.003549529
67	0.090308511	0.005484368	0.003552015
68	0.090308511	0.005125268	0.003543039
69	0.090308511	0.004748500	0.003522054
70	0.090308511	0.004354811	0.003488628
71	0.090308511	0.003944954	0.003442432
72	0.090308511	0.003519681	0.003383225
73	0.090308511	0.003079739	0.003310848
74	0.090308511	0.002625868	0.003225211
75	0.090308511	0.002158801	0.003126288
76	0.090308511	0.001679262	0.003014108
77	0.090308511	0.001187965	0.002888749
78	0.090308511	0.000685616	0.002750338
79	0.090308511	0.000172910	0.002599041
80	0.090308511	-0.000349467	0.002435063
81	0.090308511	-0.000880839	0.002258642
82	0.090308511	-0.001420539	0.002070051
83	0.090308511	-0.001967909	0.001869594
84	0.090308511	-0.002522303	0.001657600
85	0.090308511	-0.003083081	0.001434429
86	0.090308511	-0.003649618	0.001200466
87	0.090308511	-0.004221295	0.000956120
88	0.090308511	-0.004797507	0.000701825
89	0.090308511	-0.005377659	0.000438042
90	0.090308511	-0.005959777	0.000160474
91	0.090308511	-0.006545322	-0.000123408
92	0.090308511	-0.007132744	-0.000416490
93	0.090308511	-0.007721361	-0.000718714
94	0.090308511	-0.008310460	-0.001030169
95	0.090308511	-0.008899286	-0.001351129
96	0.090308511	-0.009487034	-0.001682102
97	0.090308511	-0.010072836	-0.002023891
98	0.090308511	-0.010655746	-0.002377650
99	0.090308511	-0.011206365	-0.002734366
1	0.092382979	-0.011062743	-0.002598460
2	0.092382979	-0.010420511	-0.002470259
3	0.092382979	-0.009781209	-0.002334290
4	0.092382979	-0.009145083	-0.002192183
5	0.092382979	-0.008512142	-0.002046398
6	0.092382979	-0.007882544	-0.001898848
7	0.092382979	-0.007256579	-0.001750987
8	0.092382979	-0.006634633	-0.001603896
9	0.092382979	-0.006017174	-0.001458354
10	0.092382979	-0.005404726	-0.001314901
11	0.092382979	-0.004796993	-0.001176941
12	0.092382979	-0.004196624	-0.001037483
13	0.092382979	-0.003602940	-0.000901209
14	0.092382979	-0.003016607	-0.000768028
15	0.092382979	-0.002438284	-0.000637841
16	0.092382979	-0.001868622	-0.000510538
17	0.092382979	-0.001308262	-0.000386007
18	0.092382979	-0.000757833	-0.000264135
19	0.092382979	-0.000217955	-0.000144808
20	0.092382979	0.000310767	-0.000027914
21	0.092382979	0.000827737	0.000086656
22	0.092382979	0.001332374	0.000199008
23	0.092382979	0.001824111	0.000309248
24	0.092382979	0.002302392	0.000417478
25	0.092382979	0.002766674	0.000523798
26	0.092382979	0.003216430	0.000628308
27	0.092382979	0.003651142	0.000731108
28	0.092382979	0.004070306	0.000832298
29	0.092382979	0.004473430	0.000931984
30	0.092382979	0.004860032	0.001030274
31	0.092382979	0.005229638	0.001127285
32	0.092382979	0.005581780	0.001223147
33	0.092382979	0.005915992	0.001318006
34	0.092382979	0.006231805	0.001412033
35	0.092382979	0.006528734	0.001505434
36	0.092382979	0.006806269	0.001598466
37	0.092382979	0.007063846	0.001691463
38	0.092382979	0.007300805	0.001784878
39	0.092382979	0.007516305	0.001879347
40	0.092382979	0.007709128	0.001975881
41	0.092382979	0.007876716	0.002077010
42	0.092382979	0.008017424	0.002182155
43	0.092382979	0.008129988	0.002289262
44	0.092382979	0.008213151	0.002395522
45	0.092382979	0.008266559	0.002496641
46	0.092382979	0.008292646	0.002586635
47	0.092382979	0.008298278	0.002659415
48	0.092382979	0.008293308	0.002711407
49	0.092382979	0.008286656	0.002742071
50	0.092382979	0.008283842	0.002752152
51	0.092382979	0.008280666	0.002762364
52	0.092382979	0.008269393	0.002792380
53	0.092382979	0.008245272	0.002839999
54	0.092382979	0.008202211	0.002900956
55	0.092382979	0.008135213	0.002969463
56	0.092382979	0.008041861	0.003039895
57	0.092382979	0.007921985	0.003108170
58	0.092382979	0.007776563	0.003172042
59	0.092382979	0.007606931	0.003230865
60	0.092382979	0.007414466	0.003285481
61	0.092382979	0.007200204	0.003336992
62	0.092382979	0.006964350	0.003383727
63	0.092382979	0.006707249	0.003424186
64	0.092382979	0.006429363	0.003457055
65	0.092382979	0.006131244	0.003481196
66	0.092382979	0.005813512	0.003495641
67	0.092382979	0.005476838	0.003499578
68	0.092382979	0.005121923	0.003492340
69	0.092382979	0.004749489	0.003473388
70	0.092382979	0.004360269	0.003442295
71	0.092382979	0.003955001	0.003398736
72	0.092382979	0.003534421	0.003342474
73	0.092382979	0.003099263	0.003273351
74	0.092382979	0.002650254	0.003191276
75	0.092382979	0.002188113	0.003096220
76	0.092382979	0.001713554	0.002988210
77	0.092382979	0.001227280	0.002867319
78	0.092382979	0.000729985	0.002733668
79	0.092382979	0.000222354	0.002587417
80	0.092382979	-0.000294936	0.002428763
81	0.092382979	-0.000821216	0.002257937
82	0.092382979	-0.001355828	0.002075204
83	0.092382979	-0.001898123	0.001880857
84	0.092382979	-0.002447459	0.001675219
85	0.092382979	-0.003003207	0.001458639
86	0.092382979	-0.003564744	0.001231492
87	0.092382979	-0.004131460	0.000994179
88	0.092382979	-0.004702754	0.000747125
89	0.092382979	-0.005278038	0.000490782
90	0.092382979	-0.005855370	0.000220829
91	0.092382979	-0.006436177	-0.000055248
92	0.092382979	-0.007018934	-0.000340352
93	0.092382979	-0.007602968	-0.000634436
94	0.092382979	-0.008187573	-0.000937595
95	0.092382979	-0.008772007	-0.001250111
96	0.092382979	-0.009355475	-0.001572503
97	0.092382979	-0.009937122	-0.001905581
98	0.092382979	-0.010516018	-0.002250512
99	0.092382979	-0.011062743	-0.002598460
1	0.094457447	-0.010906685	-0.002466703
2	0.094457447	-0.010272118	-0.002342831
3	0.094457447	-0.009640415	-0.002211204
4	0.094457447	-0.009011821	-0.002073448
5	0.094457447	-0.008386351	-0.001932024
6	0.094457447	-0.007764167	-0.001788847
7	0.094457447	-0.007145557	-0.001645369
8	0.094457447	-0.006530905	-0.001502671
9	0.094457447	-0.005920675	-0.001361529
10	0.094457447	-0.005315387	-0.001222485
11	0.094457447	-0.004714756	-0.001088950
12	0.094457447	-0.004121385	-0.000953902
13	0.094457447	-0.003534612	-0.000822037
14	0.094457447	-0.002955095	-0.000693262
15	0.094457447	-0.002383486	-0.000567473
16	0.094457447	-0.001820428	-0.000444556
17	0.094457447	-0.001266552	-0.000324396
18	0.094457447	-0.000722482	-0.000206875
19	0.094457447	-0.000188828	-0.000091876
20	0.094457447	0.000333811	0.000020718
21	0.094457447	0.000844848	0.000131020
22	0.094457447	0.001343710	0.000239141
23	0.094457447	0.001829836	0.000345189
24	0.094457447	0.002302678	0.000449270
25	0.094457447	0.002761702	0.000551488
26	0.094457447	0.003206385	0.000651946
27	0.094457447	0.003636219	0.000750746
28	0.094457447	0.004050707	0.000847993
29	0.094457447	0.004449365	0.000943793
30	0.094457447	0.004831717	0.001038256
31	0.094457447	0.005197297	0.001131501
32	0.094457447	0.005545647	0.001223659
33	0.094457447	0.005876309	0.001314874
34	0.094457447	0.006188823	0.001405316
35	0.094457447	0.006482719	0.001495188
36	0.094457447	0.006757500	0.001584741
37	0.094457447	0.007012619	0.001674300
38	0.094457447	0.007247442	0.001764302
39	0.094457447	0.007461169	0.001855364
40	0.094457447	0.007652647	0.001948453
41	0.094457447	0.007819621	0.002045773
42	0.094457447	0.007960553	0.002146855
43	0.094457447	0.008074152	0.002249967
44	0.094457447	0.008159079	0.002352621
45	0.094457447	0.008214731	0.002450864
46	0.094457447	0.008243055	0.002538929
47	0.094457447	0.008250425	0.002610618
48	0.094457447	0.008246535	0.002662035
49	0.094457447	0.008240435	0.002692408
50	0.094457447	0.008237787	0.002702396
51	0.094457447	0.008234773	0.002712517
52	0.094457447	0.008223933	0.002742264
53	0.094457447	0.008200395	0.002789425
54	0.094457447	0.008157978	0.002849685
55	0.094457447	0.008091730	0.002917243
56	0.094457447	0.007999381	0.002986570
57	0.094457447	0.007880873	0.003053753
58	0.094457447	0.007737217	0.003116698
59	0.094457447	0.007569734	0.003174854
60	0.094457447	0.007379777	0.003229123
61	0.094457447	0.007168350	0.003280605
62	0.094457447	0.006935600	0.003327489
63	0.094457447	0.006681858	0.003368297
64	0.094457447	0.006407572	0.003401731
65	0.094457447	0.006113281	0.003426672
66	0.094457447	0.005799591	0.003442165
67	0.094457447	0.005467156	0.003447414
68	0.094457447	0.005116663	0.003441763
69	0.094457447	0.004748817	0.003424682
70	0.094457447	0.004364339	0.003395753
71	0.094457447	0.003963949	0.003354658
72	0.094457447	0.003548371	0.003301164
73	0.094457447	0.003118323	0.003235115
74	0.094457447	0.002674519	0.003156422
75	0.094457447	0.002217665	0.003065054
76	0.094457447	0.001748462	0.002961037
77	0.094457447	0.001267601	0.002844441
78	0.094457447	0.000775765	0.002715381
79	0.094457447	0.000273630	0.002574012
80	0.094457447	-0.000238139	0.002420523
81	0.094457447	-0.000758882	0.002255140
82	0.094457447	-0.001287949	0.002078118
83	0.094457447	-0.001824699	0.001889741
84	0.094457447	-0.002368499	0.001690323
85	0.094457447	-0.002918725	0.001480204
86	0.094457447	-0.003474763	0.001259750
87	0.094457447	-0.004036009	0.001029353
88	0.094457447	-0.004601867	0.000789427
89	0.094457447	-0.005171756	0.000540414
90	0.094457447	-0.005743768	0.000277973
91	0.094457447	-0.006319294	0.000009600
92	0.094457447	-0.006896835	-0.000267627
93	0.094457447	-0.007475725	-0.000553668
94	0.094457447	-0.008055269	-0.000848630
95	0.094457447	-0.008634734	-0.001152804
96	0.094457447	-0.009213336	-0.001466717
97	0.094457447	-0.009790232	-0.001791193
98	0.094457447	-0.010364504	-0.002127414
99	0.094457447	-0.010906685	-0.002466703
1	0.096531915	-0.010738809	-0.002338719
2	0.096531915	-0.010112446	-0.002219058
3	0.096531915	-0.009488881	-0.002091661
4	0.096531915	-0.008868360	-0.001958150
5	0.096531915	-0.008250900	-0.001820985
6	0.096531915	-0.007636666	-0.001682078
7	0.096531915	-0.007025946	-0.001542881
8	0.096531915	-0.006419120	-0.001404473
9	0.096531915	-0.005816649	-0.001267628
10	0.096531915	-0.005219047	-0.001132886
11	0.096531915	-0.004626037	-0.001003670
12	0.096531915	-0.004040180	-0.000872922
13	0.096531915	-0.003460830	-0.000745355
14	0.096531915	-0.002888636	-0.000620873
15	0.096531915	-0.002324240	-0.000499366
16	0.096531915	-0.001768278	-0.000380719
17	0.096531915	-0.001221374	-0.000264812
18	0.096531915	-0.000684141	-0.000151521
19	0.096531915	-0.000157182	-0.000040727
20	0.096531915	0.000358913	0.000067690
21	0.096531915	0.000863564	0.000173848
22	0.096531915	0.001356206	0.000277861
23	0.096531915	0.001836286	0.000379841
24	0.096531915	0.002303265	0.000479896
25	0.096531915	0.002756614	0.000578135
26	0.096531915	0.003195822	0.000674663
27	0.096531915	0.003620385	0.000769584
28	0.096531915	0.004029816	0.000863006
29	0.096531915	0.004423636	0.000955035
30	0.096531915	0.004801380	0.001045785
31	0.096531915	0.005162590	0.001135374
32	0.096531915	0.005506814	0.001223932
33	0.096531915	0.005833606	0.001311604
34	0.096531915	0.006142516	0.001398554
35	0.096531915	0.006433086	0.001484982
36	0.096531915	0.006704832	0.001571131
37	0.096531915	0.006957229	0.001657314
38	0.096531915	0.007189670	0.001743950
39	0.096531915	0.007401394	0.001831624
40	0.096531915	0.007591324	0.001921247
41	0.096531915	0.007757495	0.002014690
42	0.096531915	0.007898443	0.002111657
43	0.096531915	0.008012839	0.002210734
44	0.096531915	0.008099265	0.002309743
45	0.096531915	0.008156905	0.002405045
46	0.096531915	0.008187282	0.002491087
47	0.096531915	0.008196303	0.002561593
48	0.096531915	0.008193482	0.002612375
49	0.096531915	0.008187948	0.002642426
50	0.096531915	0.008185475	0.002652314
51	0.096531915	0.008182632	0.002662338
52	0.096531915	0.008172265	0.002691804
53	0.096531915	0.008149404	0.002738510
54	0.096531915	0.008107803	0.002798135
55	0.096531915	0.008042557	0.002864899
56	0.096531915	0.007951505	0.002933378
57	0.096531915	0.007834659	0.002999799
58	0.096531915	0.007693037	0.003062159
59	0.096531915	0.007527930	0.003119922
60	0.096531915	0.007340653	0.003173951
61	0.096531915	0.007132196	0.003225316
62	0.096531915	0.006902697	0.003272247
63	0.096531915	0.006652476	0.003313286
64	0.096531915	0.006381970	0.003347156
65	0.096531915	0.006091702	0.003372756
66	0.096531915	0.005782266	0.003389149
67	0.096531915	0.005454301	0.003395552
68	0.096531915	0.005108478	0.003391323
69	0.096531915	0.004745489	0.003375943
70	0.096531915	0.004366038	0.003349005
71	0.096531915	0.003970831	0.003310197
72	0.096531915	0.003560576	0.003259293
73	0.096531915	0.003135978	0.003196140
74	0.096531915	0.002697736	0.003120652
75	0.096531915	0.002246543	0.003032799
76	0.096531915	0.001783085	0.002932605
77	0.096531915	0.001308043	0.002820137
78	0.096531915	0.000822087	0.002695507
79	0.096531915	0.000325880	0.002558864
80	0.096531915	-0.000179919	0.002410392
81	0.096531915	-0.000694665	0.002250308
82	0.096531915	-0.001217714	0.002078860
83	0.096531915	-0.001748436	0.001896324
84	0.096531915	-0.002286205	0.001703005
85	0.096531915	-0.002830406	0.001499233
86	0.096531915	-0.003380432	0.001285363
87	0.096531915	-0.003935684	0.001061778
88	0.096531915	-0.004495576	0.000828884
89	0.096531915	-0.005059531	0.000587111
90	0.096531915	-0.005625675	0.000332097
91	0.096531915	-0.006195364	0.000071345
92	0.096531915	-0.006767126	-0.000198083
93	0.096531915	-0.007340303	-0.000476160
94	0.096531915	-0.007914207	-0.000763002
95	0.096531915	-0.008488116	-0.001058911
96	0.096531915	-0.009061256	-0.001364428
97	0.096531915	-0.009632794	-0.001680390
98	0.096531915	-0.010201824	-0.002007997
99	0.096531915	-0.010738809	-0.002338719
1	0.098606383	-0.010559733	-0.002214131
2	0.098606383	-0.009942073	-0.002098599
3	0.098606383	-0.009327144	-0.001975360
4	0.098606383	-0.008715193	-0.001846026
5	0.098606383	-0.008106241	-0.001713053
6	0.098606383	-0.007500454	-0.001578350
7	0.098606383	-0.006898118	-0.001443367
8	0.098606383	-0.006299612	-0.001309179
9	0.098606383	-0.005705389	-0.001176559
10	0.098606383	-0.005115961	-0.001046042
11	0.098606383	-0.004531056	-0.000921062
12	0.098606383	-0.003953194	-0.000794528
13	0.098606383	-0.003381743	-0.000671168
14	0.098606383	-0.002817343	-0.000550881
15	0.098606383	-0.002260628	-0.000433556
16	0.098606383	-0.001712224	-0.000319072
17	0.098606383	-0.001172745	-0.000207305
18	0.098606383	-0.000642798	-0.000098132
19	0.098606383	-0.000122976	0.000008574
20	0.098606383	0.000386140	0.000112936
21	0.098606383	0.000883978	0.000215072
22	0.098606383	0.001369982	0.000315102
23	0.098606383	0.001843608	0.000413140
24	0.098606383	0.002304323	0.000509297
25	0.098606383	0.002751609	0.000603684
26	0.098606383	0.003184960	0.000696407
27	0.098606383	0.003603882	0.000787575
28	0.098606383	0.004007896	0.000877295
29	0.098606383	0.004396531	0.000965676
30	0.098606383	0.004769330	0.001052830
31	0.098606383	0.005125843	0.001138877
32	0.098606383	0.005465628	0.001223946
33	0.098606383	0.005788249	0.001308177
34	0.098606383	0.006093266	0.001391734
35	0.098606383	0.006380232	0.001474808
36	0.098606383	0.006648681	0.001557632
37	0.098606383	0.006898107	0.001640507
38	0.098606383	0.007127929	0.001723828
39	0.098606383	0.007337430	0.001808146
40	0.098606383	0.007525610	0.001894303
41	0.098606383	0.007690775	0.001983854
42	0.098606383	0.007831505	0.002076707
43	0.098606383	0.007946429	0.002171765
44	0.098606383	0.008034065	0.002267135
45	0.098606383	0.008093415	0.002359467
46	0.098606383	0.008125634	0.002443416
47	0.098606383	0.008136201	0.002512658
48	0.098606383	0.008134425	0.002562745
49	0.098606383	0.008129464	0.002592446
50	0.098606383	0.008127173	0.002602226
51	0.098606383	0.008124509	0.002612145
52	0.098606383	0.008114650	0.002641316
53	0.098606383	0.008092554	0.002687567
54	0.098606383	0.008051930	0.002746607
55	0.098606383	0.007987912	0.002812709
56	0.098606383	0.007898417	0.002880558
57	0.098606383	0.007783491	0.002946485
58	0.098606383	0.007644138	0.003008528
59	0.098606383	0.007481606	0.003066109
60	0.098606383	0.007297169	0.003119964
61	0.098606383	0.007091810	0.003171120
62	0.098606383	0.006865702	0.003217991
63	0.098606383	0.006619159	0.003259145
64	0.098606383	0.006352603	0.003293327
65	0.098606383	0.006066548	0.003319456
66	0.098606383	0.005761570	0.003336610
67	0.098606383	0.005438297	0.003344024
68	0.098606383	0.005097384	0.003341070
69	0.098606383	0.004739508	0.003327241
70	0.098606383	0.004365357	0.003302141
71	0.098606383	0.003975624	0.003265465
72	0.098606383	0.003571000	0.003216996
73	0.098606383	0.003152176	0.003156584
74	0.098606383	0.002719836	0.003084146
75	0.098606383	0.002274660	0.002999654
76	0.098606383	0.001817320	0.002903131
77	0.098606383	0.001348483	0.002794643
78	0.098606383	0.000868807	0.002674298
79	0.098606383	0.000378945	0.002542241
80	0.098606383	-0.000120459	0.002398649
81	0.098606383	-0.000628767	0.002243734
82	0.098606383	-0.001145348	0.002077735
83	0.098606383	-0.001669579	0.001900921
84	0.098606383	-0.002200845	0.001713587
85	0.098606383	-0.002738537	0.001516053
86	0.098606383	-0.003282058	0.001308666
87	0.098606383	-0.003830816	0.001091798
88	0.098606383	-0.004384232	0.000865844
89	0.098606383	-0.004941736	0.000631224
90	0.098606383	-0.005501486	0.000383558
91	0.098606383	-0.006064808	0.000130349
92	0.098606383	-0.006630251	-0.000131357
93	0.098606383	-0.007197167	-0.000401544
94	0.098606383	-0.007764877	-0.000680340
95	0.098606383	-0.008332666	-0.000968060
96	0.098606383	-0.008899772	-0.001265261
97	0.098606383	-0.009465370	-0.001572795
98	0.098606383	-0.010028565	-0.001891883
99	0.098606383	-0.010559733	-0.002214131
1	0.100680851	-0.010370077	-0.002092562
2	0.100680851	-0.009761567	-0.001981110
3	0.100680851	-0.009155720	-0.001861990
4	0.100680851	-0.008552783	-0.001736800
5	0.100680851	-0.007952783	-0.001607988
6	0.100680851	-0.007355887	-0.001477459
7	0.100680851	-0.006762377	-0.001346657
8	0.100680851	-0.006172632	-0.001216652
9	0.100680851	-0.005587099	-0.001088213
10	0.100680851	-0.005006282	-0.000961870
11	0.100680851	-0.004429918	-0.000841066
12	0.100680851	-0.003860486	-0.000718680
13	0.100680851	-0.003297364	-0.000599451
14	0.100680851	-0.002741186	-0.000483278
15	0.100680851	-0.002192575	-0.000370043
16	0.100680851	-0.001652146	-0.000259625
17	0.100680851	-0.001120508	-0.000151897
18	0.100680851	-0.000598254	-0.000046729
19	0.100680851	-0.000085971	0.000056005
20	0.100680851	0.000415770	0.000156430
21	0.100680851	0.000906407	0.000254670
22	0.100680851	0.001385392	0.000350845
23	0.100680851	0.001852188	0.000445071
24	0.100680851	0.002306274	0.000537462
25	0.100680851	0.002747138	0.000628129
26	0.100680851	0.003174284	0.000717182
27	0.100680851	0.003587227	0.000804729
28	0.100680851	0.003985493	0.000890878
29	0.100680851	0.004368624	0.000975739
30	0.100680851	0.004736168	0.001059424
31	0.100680851	0.005087685	0.001142052
32	0.100680851	0.005422744	0.001223748
33	0.100680851	0.005740915	0.001304651
34	0.100680851	0.006041772	0.001384920
35	0.100680851	0.006324880	0.001464738
36	0.100680851	0.006589789	0.001544329
37	0.100680851	0.006836010	0.001623976
38	0.100680851	0.007062993	0.001704051
39	0.100680851	0.007270060	0.001785069
40	0.100680851	0.007456290	0.001867798
41	0.100680851	0.007620227	0.001953503
42	0.100680851	0.007760487	0.002042306
43	0.100680851	0.007875660	0.002133409
44	0.100680851	0.007964212	0.002225179
45	0.100680851	0.008024999	0.002314535
46	0.100680851	0.008058862	0.002396334
47	0.100680851	0.008070877	0.002464239
48	0.100680851	0.008070121	0.002513578
49	0.100680851	0.008065741	0.002542901
50	0.100680851	0.008063637	0.002552564
51	0.100680851	0.008061160	0.002562372
52	0.100680851	0.008051839	0.002591230
53	0.100680851	0.008030582	0.002637021
54	0.100680851	0.007991065	0.002695504
55	0.100680851	0.007928453	0.002761031
56	0.100680851	0.007840712	0.002828388
57	0.100680851	0.007727904	0.002893985
58	0.100680851	0.007591000	0.002955868
59	0.100680851	0.007431205	0.003013376
60	0.100680851	0.007249742	0.003067068
61	0.100680851	0.007047598	0.003117929
62	0.100680851	0.006825015	0.003164645
63	0.100680851	0.006582296	0.003205813
64	0.100680851	0.006319854	0.003240201
65	0.100680851	0.006038187	0.003266747
66	0.100680851	0.005737861	0.003284549
67	0.100680851	0.005419487	0.003292858
68	0.100680851	0.005083707	0.003291059
69	0.100680851	0.004731183	0.003278660
70	0.100680851	0.004362587	0.003255273
71	0.100680851	0.003978597	0.003220606
72	0.100680851	0.003579889	0.003174444
73	0.100680851	0.003167138	0.003116646
74	0.100680851	0.002741016	0.003047131
75	0.100680851	0.002302185	0.002965873
76	0.100680851	0.001851306	0.002872895
77	0.100680851	0.001389031	0.002768261
78	0.100680851	0.000916006	0.002652077
79	0.100680851	0.000432871	0.002524483
80	0.100680851	-0.000059741	0.002385652
81	0.100680851	-0.000561204	0.002235789
82	0.100680851	-0.001070896	0.002075126
83	0.100680851	-0.001588206	0.001903924
84	0.100680851	-0.002112527	0.001722469
85	0.100680851	-0.002643261	0.001531073
86	0.100680851	-0.003179817	0.001330072
87	0.100680851	-0.003721614	0.001119827
88	0.100680851	-0.004268077	0.000900724
89	0.100680851	-0.004818646	0.000673171
90	0.100680851	-0.005371510	0.000432771
91	0.100680851	-0.005927964	0.000187025
92	0.100680851	-0.006486583	-0.000067037
93	0.100680851	-0.007046724	-0.000329411
94	0.100680851	-0.007607718	-0.000600240
95	0.100680851	-0.008168859	-0.000879853
96	0.100680851	-0.008729393	-0.001168822
97	0.100680851	-0.009288505	-0.001468021
98	0.100680851	-0.009845308	-0.001778691
99	0.100680851	-0.010370077	-0.002092562
1	0.102755319	-0.010170464	-0.001973635
2	0.102755319	-0.009571497	-0.001866246
3	0.102755319	-0.008975124	-0.001751242
4	0.102755319	-0.008381595	-0.001630199
5	0.102755319	-0.007790939	-0.001505555
6	0.102755319	-0.007203324	-0.001379204
7	0.102755319	-0.006619033	-0.001252583
8	0.102755319	-0.006038439	-0.001126754
9	0.102755319	-0.005461986	-0.001002481
10	0.102755319	-0.004890171	-0.000880288
11	0.102755319	-0.004322737	-0.000763626
12	0.102755319	-0.003762120	-0.000645341
13	0.102755319	-0.003207714	-0.000530188
14	0.102755319	-0.002660139	-0.000418060
15	0.102755319	-0.002120011	-0.000308839
16	0.102755319	-0.001587936	-0.000202399
17	0.102755319	-0.001064509	-0.000098611
18	0.102755319	-0.000550318	0.000002656
19	0.102755319	-0.000045936	0.000101531
20	0.102755319	0.000448072	0.000198140
21	0.102755319	0.000931155	0.000292609
22	0.102755319	0.001402775	0.000385059
23	0.102755319	0.001862404	0.000475607
24	0.102755319	0.002309528	0.000564368
25	0.102755319	0.002743646	0.000651455
26	0.102755319	0.003164271	0.000736977
27	0.102755319	0.003570925	0.000821042
28	0.102755319	0.003963145	0.000903759
29	0.102755319	0.004340479	0.000985236
30	0.102755319	0.004702486	0.001065585
31	0.102755319	0.005048736	0.001144922
32	0.102755319	0.005378804	0.001223371
33	0.102755319	0.005692273	0.001301066
34	0.102755319	0.005988727	0.001378159
35	0.102755319	0.006267744	0.001454827
36	0.102755319	0.006528888	0.001531283
37	0.102755319	0.006771692	0.001607792
38	0.102755319	0.006995629	0.001684704
39	0.102755319	0.007200063	0.001762498
40	0.102755319	0.007384145	0.001841870
41	0.102755319	0.007546623	0.001923839
42	0.102755319	0.007686140	0.002008724
43	0.102755319	0.007801265	0.002095991
44	0.102755319	0.007890432	0.002184243
45	0.102755319	0.007952386	0.002270641
46	0.102755319	0.007987699	0.002350250
47	0.102755319	0.008001070	0.002416754
48	0.102755319	0.008001316	0.002465293
49	0.102755319	0.007997522	0.002494210
50	0.102755319	0.007995610	0.002503749
51	0.102755319	0.007993326	0.002513438
52	0.102755319	0.007984569	0.002541968
53	0.102755319	0.007964209	0.002587283
54	0.102755319	0.007925896	0.002645218
55	0.102755319	0.007864817	0.002710208
56	0.102755319	0.007778969	0.002777133
57	0.102755319	0.007668412	0.002842463
58	0.102755319	0.007534086	0.002904232
59	0.102755319	0.007377146	0.002961681
60	0.102755319	0.007198766	0.003015166
61	0.102755319	0.006999949	0.003065653
62	0.102755319	0.006781016	0.003112131
63	0.102755319	0.006542260	0.003153226
64	0.102755319	0.006284083	0.003187732
65	0.102755319	0.006006971	0.003214605
66	0.102755319	0.005711476	0.003232963
67	0.102755319	0.005398195	0.003242074
68	0.102755319	0.005067755	0.003241338
69	0.102755319	0.004720804	0.003230275
70	0.102755319	0.004357998	0.003208508
71	0.102755319	0.003979999	0.003175753
72	0.102755319	0.003587469	0.003131803
73	0.102755319	0.003181068	0.003076521
74	0.102755319	0.002761451	0.003009831
75	0.102755319	0.002329268	0.002931707
76	0.102755319	0.001885165	0.002842173
77	0.102755319	0.001429781	0.002741292
78	0.102755319	0.000963747	0.002629167
79	0.102755319	0.000487693	0.002505935
80	0.102755319	0.000002238	0.002371764
81	0.102755319	-0.000492003	0.002226853
82	0.102755319	-0.000994419	0.002071427
83	0.102755319	-0.001504410	0.001905739
84	0.102755319	-0.002021378	0.001730067
85	0.102755319	-0.002544736	0.001544714
86	0.102755319	-0.003073900	0.001350006
87	0.102755319	-0.003608298	0.001146295
88	0.102755319	-0.004147366	0.000933954
89	0.102755319	-0.004690548	0.000713383
90	0.102755319	-0.005236066	0.000480165
91	0.102755319	-0.005785185	0.000241799
92	0.102755319	-0.006336504	-0.000004702
93	0.102755319	-0.006889389	-0.000259347
94	0.102755319	-0.007443179	-0.000522294
95	0.102755319	-0.007997175	-0.000793888
96	0.102755319	-0.008550631	-0.001074718
97	0.102755319	-0.009102743	-0.001365678
98	0.102755319	-0.009652632	-0.001668037
99	0.102755319	-0.010170464	-0.001973635
1	0.104829787	-0.009961515	-0.001856972
2	0.104829787	-0.009372434	-0.001753665
3	0.104829787	-0.008785876	-0.001642808
4	0.104829787	-0.008202094	-0.001525951
5	0.104829787	-0.007621121	-0.001405517
6	0.104829787	-0.007043129	-0.001283385
7	0.104829787	-0.006468398	-0.001160979
8	0.104829787	-0.005897297	-0.001039352
9	0.104829787	-0.005330266	-0.000919259
10	0.104829787	-0.004767794	-0.000801219
11	0.104829787	-0.004209630	-0.000688687
12	0.104829787	-0.003658171	-0.000574480
13	0.104829787	-0.003112821	-0.000463364
14	0.104829787	-0.002574190	-0.000355230
15	0.104829787	-0.002042882	-0.000249957
16	0.104829787	-0.001519494	-0.000147416
17	0.104829787	-0.001004611	-0.000047478
18	0.104829787	-0.000498810	0.000049988
19	0.104829787	-0.000002655	0.000145114
20	0.104829787	0.000483301	0.000238026
21	0.104829787	0.000958515	0.000328850
22	0.104829787	0.001422459	0.000417707
23	0.104829787	0.001874616	0.000504715
24	0.104829787	0.002314480	0.000589987
25	0.104829787	0.002741561	0.000673637
26	0.104829787	0.003155378	0.000755772
27	0.104829787	0.003555466	0.000836501
28	0.104829787	0.003941369	0.000915929
29	0.104829787	0.004312644	0.000994165
30	0.104829787	0.004668861	0.001071317
31	0.104829787	0.005009596	0.001147499
32	0.104829787	0.005334437	0.001222831
33	0.104829787	0.005642975	0.001297442
34	0.104829787	0.005934806	0.001371479
35	0.104829787	0.006209520	0.001445110
36	0.104829787	0.006466697	0.001518535
37	0.104829787	0.006705887	0.001592005
38	0.104829787	0.006926589	0.001665847
39	0.104829787	0.007128206	0.001740505
40	0.104829787	0.007309952	0.001816617
41	0.104829787	0.007470728	0.001895020
42	0.104829787	0.007609213	0.001976192
43	0.104829787	0.007723976	0.002059811
44	0.104829787	0.007813443	0.002144675
45	0.104829787	0.007876288	0.002228166
46	0.104829787	0.007912864	0.002305558
47	0.104829787	0.007927507	0.002370603
48	0.104829787	0.007928737	0.002418295
49	0.104829787	0.007925536	0.002446782
50	0.104829787	0.007923819	0.002456189
51	0.104829787	0.007921734	0.002465752
52	0.104829787	0.007913561	0.002493934
53	0.104829787	0.007894141	0.002538752
54	0.104829787	0.007857096	0.002596124
55	0.104829787	0.007797623	0.002660566
56	0.104829787	0.007713740	0.002727039
57	0.104829787	0.007605505	0.002792063
58	0.104829787	0.007473828	0.002853658
59	0.104829787	0.007319822	0.002910969
60	0.104829787	0.007144611	0.002964156
61	0.104829787	0.006949225	0.003014199
62	0.104829787	0.006734059	0.003060370
63	0.104829787	0.006499395	0.003101322
64	0.104829787	0.006245626	0.003135873
65	0.104829787	0.005973224	0.003163002
66	0.104829787	0.005682728	0.003181848
67	0.104829787	0.005374720	0.003191693
68	0.104829787	0.005049813	0.003191953
69	0.104829787	0.004708639	0.003182160
70	0.104829787	0.004351839	0.003161948
71	0.104829787	0.003980060	0.003131039
72	0.104829787	0.003593949	0.003089235
73	0.104829787	0.003194149	0.003036403
74	0.104829787	0.002781301	0.002972468
75	0.104829787	0.002356043	0.002897408
76	0.104829787	0.001919003	0.002811245
77	0.104829787	0.001470809	0.002714042
78	0.104829787	0.001012079	0.002605899
79	0.104829787	0.000543427	0.002486950
80	0.104829787	0.000065464	0.002357357
81	0.104829787	-0.000421209	0.002217315
82	0.104829787	-0.000915994	0.002067041
83	0.104829787	-0.001418299	0.001906782
84	0.104829787	-0.001927538	0.001736807
85	0.104829787	-0.002443132	0.001557410
86	0.104829787	-0.002964509	0.001368908
87	0.104829787	-0.003491105	0.001171643
88	0.104829787	-0.004022363	0.000965977
89	0.104829787	-0.004557737	0.000752300
90	0.104829787	-0.005095480	0.000526177
91	0.104829787	-0.005636828	0.000295104
92	0.104829787	-0.006180404	0.000056075
93	0.104829787	-0.006725582	-0.000190932
94	0.104829787	-0.007271708	-0.000446090
95	0.104829787	-0.007818094	-0.000709760
96	0.104829787	-0.008364000	-0.000982551
97	0.104829787	-0.008908632	-0.001265379
98	0.104829787	-0.009451117	-0.001559538
99	0.104829787	-0.009961515	-0.001856972
1	0.106904255	-0.009743528	-0.001742282
2	0.106904255	-0.009164643	-0.001643096
3	0.106904255	-0.008588210	-0.001536441
4	0.106904255	-0.008014485	-0.001423831
5	0.106904255	-0.007443507	-0.001307668
6	0.106904255	-0.006875447	-0.001189813
7	0.106904255	-0.006310586	-0.001071675
8	0.106904255	-0.005749291	-0.000954293
9	0.106904255	-0.005191994	-0.000838412
10	0.106904255	-0.004639179	-0.000724542
11	0.106904255	-0.004090600	-0.000616142
12	0.106904255	-0.003548613	-0.000506000
13	0.106904255	-0.003012631	-0.000398893
14	0.106904255	-0.002483256	-0.000294710
15	0.106904255	-0.001961080	-0.000193326
16	0.106904255	-0.001446689	-0.000094614
17	0.106904255	-0.000940657	0.000001557
18	0.106904255	-0.000443550	0.000095320
19	0.106904255	0.000044079	0.000186804
20	0.106904255	0.000521685	0.000276135
21	0.106904255	0.000988738	0.000363439
22	0.106904255	0.001444719	0.000448834
23	0.106904255	0.001889121	0.000532437
24	0.106904255	0.002321449	0.000614362
25	0.106904255	0.002741221	0.000694718
26	0.106904255	0.003147968	0.000773612
27	0.106904255	0.003541231	0.000851150
28	0.106904255	0.003920566	0.000927435
29	0.106904255	0.004285539	0.001002573
30	0.106904255	0.004635728	0.001076668
31	0.106904255	0.004970721	0.001149831
32	0.106904255	0.005290113	0.001222177
33	0.106904255	0.005593508	0.001293831
34	0.106904255	0.005880511	0.001364931
35	0.106904255	0.006150726	0.001435637
36	0.106904255	0.006403745	0.001506140
37	0.106904255	0.006639139	0.001576673
38	0.106904255	0.006856430	0.001647543
39	0.106904255	0.007055054	0.001719165
40	0.106904255	0.007234282	0.001792126
41	0.106904255	0.007393118	0.001867168
42	0.106904255	0.007530284	0.001944870
43	0.106904255	0.007644373	0.002025063
44	0.106904255	0.007733832	0.002106696
45	0.106904255	0.007797304	0.002187343
46	0.106904255	0.007834966	0.002262502
47	0.106904255	0.007850804	0.002326034
48	0.106904255	0.007853004	0.002372833
49	0.106904255	0.007850401	0.002400864
50	0.106904255	0.007848883	0.002410132
51	0.106904255	0.007846999	0.002419561
52	0.106904255	0.007839425	0.002447375
53	0.106904255	0.007820970	0.002491669
54	0.106904255	0.007785224	0.002548441
55	0.106904255	0.007727380	0.002612280
56	0.106904255	0.007645479	0.002678217
57	0.106904255	0.007539585	0.002742818
58	0.106904255	0.007410587	0.002804098
59	0.106904255	0.007259564	0.002861128
60	0.106904255	0.007087597	0.002913905
61	0.106904255	0.006895743	0.002963451
62	0.106904255	0.006684458	0.003009259
63	0.106904255	0.006454013	0.003050012
64	0.106904255	0.006204789	0.003084554
65	0.106904255	0.005937246	0.003111887
66	0.106904255	0.005651910	0.003131169
67	0.106904255	0.005349348	0.003141701
68	0.106904255	0.005030157	0.003142912
69	0.106904255	0.004694955	0.003134346
70	0.106904255	0.004344366	0.003115646
71	0.106904255	0.003979023	0.003086543
72	0.106904255	0.003599556	0.003046843
73	0.106904255	0.003206595	0.002996417
74	0.106904255	0.002800766	0.002935193
75	0.106904255	0.002382691	0.002863148
76	0.106904255	0.001952986	0.002780306
77	0.106904255	0.001512262	0.002686728
78	0.106904255	0.001061128	0.002582510
79	0.106904255	0.000600183	0.002467782
80	0.106904255	0.000130025	0.002342704
81	0.106904255	-0.000348755	0.002207461
82	0.106904255	-0.000835571	0.002062268
83	0.106904255	-0.001329844	0.001907363
84	0.106904255	-0.001830997	0.001743007
85	0.106904255	-0.002338461	0.001569486
86	0.106904255	-0.002851676	0.001387108
87	0.106904255	-0.003370085	0.001196203
88	0.106904255	-0.003893140	0.000997127
89	0.106904255	-0.004420305	0.000790255
90	0.106904255	-0.004949861	0.000571137
91	0.106904255	-0.005483021	0.000347264
92	0.106904255	-0.006018429	0.000115613
93	0.106904255	-0.006555467	-0.000123853
94	0.106904255	-0.007093491	-0.000371320
95	0.106904255	-0.007631819	-0.000627169
96	0.106904255	-0.008169723	-0.000892028
97	0.106904255	-0.008706415	-0.001166833
98	0.106904255	-0.009241031	-0.001452904
99	0.106904255	-0.009743528	-0.001742282
1	0.108978723	-0.009516224	-0.001629433
2	0.108978723	-0.008947851	-0.001534407
3	0.108978723	-0.008381858	-0.001432001
4	0.108978723	-0.007818505	-0.001323690
5	0.108978723	-0.007257836	-0.001211853
6	0.108978723	-0.006700025	-0.001098325
7	0.108978723	-0.006145352	-0.000984498
8	0.108978723	-0.005594179	-0.000871395
9	0.108978723	-0.005046935	-0.000759747
10	0.108978723	-0.004504096	-0.000650056
11	0.108978723	-0.003965419	-0.000545783
12	0.108978723	-0.003433221	-0.000439688
13	0.108978723	-0.002906925	-0.000336558
14	0.108978723	-0.002387121	-0.000236279
15	0.108978723	-0.001874390	-0.000138726
16	0.108978723	-0.001369306	-0.000043770
17	0.108978723	-0.000872433	0.000048719
18	0.108978723	-0.000384325	0.000138871
19	0.108978723	0.000094476	0.000226816
20	0.108978723	0.000563436	0.000312678
21	0.108978723	0.001022036	0.000396580
22	0.108978723	0.001469767	0.000478638
23	0.108978723	0.001906133	0.000558967
24	0.108978723	0.002330649	0.000637677
25	0.108978723	0.002742843	0.000714875
26	0.108978723	0.003142255	0.000790665
27	0.108978723	0.003528437	0.000865149
28	0.108978723	0.003900955	0.000938428
29	0.108978723	0.004259384	0.001010602
30	0.108978723	0.004603312	0.001081772
31	0.108978723	0.004932335	0.001152045
32	0.108978723	0.005246060	0.001221530
33	0.108978723	0.005544100	0.001290346
34	0.108978723	0.005826072	0.001358625
35	0.108978723	0.006091592	0.001426517
36	0.108978723	0.006340267	0.001494202
37	0.108978723	0.006571683	0.001561901
38	0.108978723	0.006785386	0.001629900
39	0.108978723	0.006980843	0.001698588
40	0.108978723	0.007157372	0.001768515
41	0.108978723	0.007314045	0.001840381
42	0.108978723	0.007449636	0.001914830
43	0.108978723	0.007562780	0.001991786
44	0.108978723	0.007651968	0.002070316
45	0.108978723	0.007715844	0.002148169
46	0.108978723	0.007754444	0.002221070
47	0.108978723	0.007771410	0.002283034
48	0.108978723	0.007774564	0.002328895
49	0.108978723	0.007772558	0.002356444
50	0.108978723	0.007771240	0.002365564
51	0.108978723	0.007769559	0.002374851
52	0.108978723	0.007762588	0.002402273
53	0.108978723	0.007745104	0.002446003
54	0.108978723	0.007710657	0.002502120
55	0.108978723	0.007654432	0.002565271
56	0.108978723	0.007574500	0.002630549
57	0.108978723	0.007470941	0.002694571
58	0.108978723	0.007344637	0.002755366
59	0.108978723	0.007196640	0.002811960
60	0.108978723	0.007027991	0.002864228
61	0.108978723	0.006839783	0.002913239
62	0.108978723	0.006632497	0.002958644
63	0.108978723	0.006406401	0.002999159
64	0.108978723	0.006161863	0.003033652
65	0.108978723	0.005899332	0.003061151
66	0.108978723	0.005619319	0.003080834
67	0.108978723	0.005322377	0.003092019
68	0.108978723	0.005009088	0.003094150
69	0.108978723	0.004680053	0.003086780
70	0.108978723	0.004335883	0.003069563
71	0.108978723	0.003977192	0.003042236
72	0.108978723	0.003604597	0.003004610
73	0.108978723	0.003218713	0.002956558
74	0.108978723	0.002820151	0.002898011
75	0.108978723	0.002409518	0.002828946
76	0.108978723	0.001987418	0.002749386
77	0.108978723	0.001554447	0.002659388
78	0.108978723	0.001111200	0.002559047
79	0.108978723	0.000658266	0.002448490
80	0.108978723	0.000196227	0.002327869
81	0.108978723	-0.000274336	0.002197367
82	0.108978723	-0.000752849	0.002057191
83	0.108978723	-0.001238743	0.001907571
84	0.108978723	-0.001731455	0.001748762
85	0.108978723	-0.002230424	0.001581042
86	0.108978723	-0.002735101	0.001404708
87	0.108978723	-0.003244938	0.001220084
88	0.108978723	-0.003759398	0.001027511
89	0.108978723	-0.004277950	0.000827357
90	0.108978723	-0.004798910	0.000615155
91	0.108978723	-0.005323463	0.000398388
92	0.108978723	-0.005850278	0.000174021
93	0.108978723	-0.006378744	-0.000057999
94	0.108978723	-0.006908227	-0.000297876
95	0.108978723	-0.007438053	-0.000546006
96	0.108978723	-0.007967503	-0.000803035
97	0.108978723	-0.008495797	-0.001069923
98	0.108978723	-0.009022084	-0.001348012
99	0.108978723	-0.009516224	-0.001629433
1	0.111053191	-0.009279261	-0.001518308
2	0.111053191	-0.008721722	-0.001427477
3	0.111053191	-0.008166492	-0.001329360
4	0.111053191	-0.007613834	-0.001225393
5	0.111053191	-0.007063798	-0.001117922
6	0.111053191	-0.006516561	-0.001008759
7	0.111053191	-0.005972401	-0.000899273
8	0.111053191	-0.005431677	-0.000790470
9	0.111053191	-0.004894811	-0.000683066
10	0.111053191	-0.004362273	-0.000577553
11	0.111053191	-0.003833823	-0.000477393
12	0.111053191	-0.003311739	-0.000375318
13	0.111053191	-0.002795451	-0.000276127
14	0.111053191	-0.002285539	-0.000179701
15	0.111053191	-0.001782571	-0.000085917
16	0.111053191	-0.001287109	0.000005354
17	0.111053191	-0.000799707	0.000094243
18	0.111053191	-0.000320905	0.000180877
19	0.111053191	0.000148763	0.000265383
20	0.111053191	0.000608779	0.000347883
21	0.111053191	0.001058632	0.000428495
22	0.111053191	0.001497825	0.000507334
23	0.111053191	0.001925871	0.000584511
24	0.111053191	0.002342298	0.000660131
25	0.111053191	0.002746644	0.000734297
26	0.111053191	0.003138458	0.000807111
27	0.111053191	0.003517304	0.000878669
28	0.111053191	0.003882755	0.000949068
29	0.111053191	0.004234398	0.001018403
30	0.111053191	0.004571830	0.001086773
31	0.111053191	0.004894658	0.001154276
32	0.111053191	0.005202498	0.001221017
33	0.111053191	0.005494973	0.001287109
34	0.111053191	0.005771712	0.001352676
35	0.111053191	0.006032343	0.001417861
36	0.111053191	0.006276485	0.001482832
37	0.111053191	0.006503743	0.001547798
38	0.111053191	0.006713681	0.001613029
39	0.111053191	0.006905795	0.001678890
40	0.111053191	0.007079443	0.001745903
41	0.111053191	0.007233749	0.001814760
42	0.111053191	0.007367538	0.001886134
43	0.111053191	0.007479505	0.001960003
44	0.111053191	0.007568204	0.002035524
45	0.111053191	0.007632304	0.002110607
46	0.111053191	0.007671722	0.002181215
47	0.111053191	0.007689765	0.002241553
48	0.111053191	0.007693858	0.002286428
49	0.111053191	0.007692446	0.002313468
50	0.111053191	0.007691327	0.002322431
51	0.111053191	0.007689849	0.002331567
52	0.111053191	0.007683478	0.002358569
53	0.111053191	0.007666955	0.002401692
54	0.111053191	0.007633779	0.002457080
55	0.111053191	0.007579130	0.002519430
56	0.111053191	0.007501122	0.002583891
57	0.111053191	0.007399870	0.002647146
58	0.111053191	0.007276262	0.002707263
59	0.111053191	0.007131329	0.002763254
60	0.111053191	0.006966087	0.002814926
61	0.111053191	0.006781635	0.002863381
62	0.111053191	0.006578474	0.002908361
63	0.111053191	0.006356862	0.002948612
64	0.111053191	0.006117155	0.002983034
65	0.111053191	0.005859793	0.003010676
66	0.111053191	0.005585270	0.003030739
67	0.111053191	0.005294126	0.003042556
68	0.111053191	0.004986927	0.003045586
69	0.111053191	0.004664258	0.003039394
70	0.111053191	0.004326714	0.003023641
71	0.111053191	0.003974895	0.002998071
72	0.111053191	0.003609402	0.002962498
73	0.111053191	0.003230835	0.002916798
74	0.111053191	0.002839791	0.002860903
75	0.111053191	0.002436862	0.002794789
76	0.111053191	0.002022637	0.002718478
77	0.111053191	0.001597702	0.002632025
78	0.111053191	0.001162637	0.002535522
79	0.111053191	0.000718016	0.002429090
80	0.111053191	0.000264413	0.002312879
81	0.111053191	-0.000197607	0.002187064
82	0.111053191	-0.000667481	0.002051846
83	0.111053191	-0.001144650	0.001907449
84	0.111053191	-0.001628563	0.001754121
85	0.111053191	-0.002118671	0.001592129
86	0.111053191	-0.002614432	0.001421766
87	0.111053191	-0.003115312	0.001243342
88	0.111053191	-0.003620781	0.001057192
89	0.111053191	-0.004130319	0.000863671
90	0.111053191	-0.004642270	0.000658297
91	0.111053191	-0.005157798	0.000448549
92	0.111053191	-0.005675593	0.000231373
93	0.111053191	-0.006195055	0.000006704
94	0.111053191	-0.006715557	-0.000225678
95	0.111053191	-0.007236436	-0.000466186
96	0.111053191	-0.007756982	-0.000715484
97	0.111053191	-0.008276425	-0.000974552
98	0.111053191	-0.008793923	-0.001244755
99	0.111053191	-0.009279261	-0.001518308
1	0.113127660	-0.009032294	-0.001408791
2	0.113127660	-0.008485918	-0.001322187
3	0.113127660	-0.007941780	-0.001228392
4	0.113127660	-0.007400148	-0.001128800
5	0.113127660	-0.006861077	-0.001025726
6	0.113127660	-0.006324746	-0.000920954
7	0.113127660	-0.005791431	-0.000815826
8	0.113127660	-0.005261489	-0.000711331
9	0.113127660	-0.004735335	-0.000608171
10	0.113127660	-0.004213430	-0.000506823
11	0.113127660	-0.003695537	-0.000410753
12	0.113127660	-0.003183896	-0.000312665
13	0.113127660	-0.002677945	-0.000217368
14	0.113127660	-0.002178249	-0.000124743
15	0.113127660	-0.001685366	-0.000034663
16	0.113127660	-0.001199846	0.000052998
17	0.113127660	-0.000722229	0.000138369
18	0.113127660	-0.000253045	0.000221574
19	0.113127660	0.000207187	0.000302736
20	0.113127660	0.000657956	0.000381975
21	0.113127660	0.001098767	0.000459405
22	0.113127660	0.001529131	0.000535136
23	0.113127660	0.001948576	0.000609273
24	0.113127660	0.002356637	0.000681919
25	0.113127660	0.002752863	0.000753173
26	0.113127660	0.003136816	0.000823128
27	0.113127660	0.003508069	0.000891878
28	0.113127660	0.003866205	0.000959515
29	0.113127660	0.004210821	0.001026129
30	0.113127660	0.004541523	0.001091812
31	0.113127660	0.004857930	0.001156657
32	0.113127660	0.005159667	0.001220764
33	0.113127660	0.005446368	0.001284239
34	0.113127660	0.005717673	0.001347199
35	0.113127660	0.005973219	0.001409778
36	0.113127660	0.006212643	0.001472136
37	0.113127660	0.006435560	0.001534471
38	0.113127660	0.006641557	0.001597039
39	0.113127660	0.006830152	0.001660186
40	0.113127660	0.007000740	0.001724412
41	0.113127660	0.007152487	0.001790405
42	0.113127660	0.007284274	0.001858848
43	0.113127660	0.007394869	0.001929740
44	0.113127660	0.007482901	0.002002308
45	0.113127660	0.007547083	0.002074618
46	0.113127660	0.007587231	0.002142882
47	0.113127660	0.007606315	0.002201530
48	0.113127660	0.007611339	0.002245371
49	0.113127660	0.007610517	0.002271874
50	0.113127660	0.007609595	0.002280672
51	0.113127660	0.007608318	0.002289647
52	0.113127660	0.007602539	0.002316203
53	0.113127660	0.007586952	0.002358668
54	0.113127660	0.007554994	0.002413241
55	0.113127660	0.007501847	0.002474649
56	0.113127660	0.007425690	0.002538104
57	0.113127660	0.007326695	0.002600370
58	0.113127660	0.007205768	0.002659585
59	0.113127660	0.007063932	0.002714792
60	0.113127660	0.006902185	0.002765793
61	0.113127660	0.006721610	0.002813685
62	0.113127660	0.006522704	0.002858233
63	0.113127660	0.006305715	0.002898214
64	0.113127660	0.006070991	0.002932555
65	0.113127660	0.005818957	0.002960333
66	0.113127660	0.005550095	0.002980767
67	0.113127660	0.005264929	0.002993209
68	0.113127660	0.004964010	0.002997131
69	0.113127660	0.004647908	0.002992109
70	0.113127660	0.004317202	0.002977812
71	0.113127660	0.003972477	0.002953988
72	0.113127660	0.003614318	0.002920455
73	0.113127660	0.003243310	0.002877092
74	0.113127660	0.002860036	0.002823831
75	0.113127660	0.002465074	0.002760647
76	0.113127660	0.002059000	0.002687560
77	0.113127660	0.001642385	0.002604623
78	0.113127660	0.001215796	0.002511923
79	0.113127660	0.000779796	0.002409578
80	0.113127660	0.000334944	0.002297732
81	0.113127660	-0.000118206	0.002176556
82	0.113127660	-0.000579102	0.002046243
83	0.113127660	-0.001047198	0.001907012
84	0.113127660	-0.001521954	0.001759102
85	0.113127660	-0.002002832	0.001602774
86	0.113127660	-0.002489302	0.001438311
87	0.113127660	-0.002980837	0.001266015
88	0.113127660	-0.003476921	0.001086210
89	0.113127660	-0.003977041	0.000899243
90	0.113127660	-0.004479572	0.000700614
91	0.113127660	-0.004985655	0.000497799
92	0.113127660	-0.005494005	0.000287728
93	0.113127660	-0.006004030	0.000070320
94	0.113127660	-0.006515113	-0.000154657
95	0.113127660	-0.007026602	-0.000387632
96	0.113127660	-0.007537796	-0.000629289
97	0.113127660	-0.008047936	-0.000880626
98	0.113127660	-0.008556193	-0.001143029
99	0.113127660	-0.009032294	-0.001408791
1	0.115202128	-0.008774971	-0.001300768
2	0.115202128	-0.008240093	-0.001218418
3	0.115202128	-0.007707386	-0.001128970
4	0.115202128	-0.007177119	-0.001033777
5	0.115202128	-0.006649355	-0.000935119
6	0.115202128	-0.006124271	-0.000834748
7	0.115202128	-0.005602145	-0.000733985
8	0.115202128	-0.005083326	-0.000633795
9	0.115202128	-0.004568224	-0.000534865
10	0.115202128	-0.004057292	-0.000437661
11	0.115202128	-0.003550296	-0.000345649
12	0.115202128	-0.003049435	-0.000251509
13	0.115202128	-0.002554154	-0.000160056
14	0.115202128	-0.002065005	-0.000071171
15	0.115202128	-0.001582535	0.000015270
16	0.115202128	-0.001107280	0.000099395
17	0.115202128	-0.000639767	0.000181327
18	0.115202128	-0.000180515	0.000261190
19	0.115202128	0.000269970	0.000339102
20	0.115202128	0.000711190	0.000415176
21	0.115202128	0.001142659	0.000489524
22	0.115202128	0.001563903	0.000562249
23	0.115202128	0.001974459	0.000633453
24	0.115202128	0.002373875	0.000703233
25	0.115202128	0.002761711	0.000771681
26	0.115202128	0.003137538	0.000838887
27	0.115202128	0.003500939	0.000904938
28	0.115202128	0.003851510	0.000969920
29	0.115202128	0.004188856	0.001033919
30	0.115202128	0.004512596	0.001097020
31	0.115202128	0.004822355	0.001159311
32	0.115202128	0.005117771	0.001220886
33	0.115202128	0.005398489	0.001281844
34	0.115202128	0.005664156	0.001342294
35	0.115202128	0.005914425	0.001402366
36	0.115202128	0.006148942	0.001462209
37	0.115202128	0.006367338	0.001522012
38	0.115202128	0.006569217	0.001582020
39	0.115202128	0.006754118	0.001642568
40	0.115202128	0.006921466	0.001704137
41	0.115202128	0.007070473	0.001767397
42	0.115202128	0.007200080	0.001833020
43	0.115202128	0.007309135	0.001901007
44	0.115202128	0.007396355	0.001970647
45	0.115202128	0.007460506	0.002040156
46	0.115202128	0.007501320	0.002106012
47	0.115202128	0.007521424	0.002162899
48	0.115202128	0.007527377	0.002205653
49	0.115202128	0.007527143	0.002231591
50	0.115202128	0.007526417	0.002240214
51	0.115202128	0.007525340	0.002249020
52	0.115202128	0.007520141	0.002275099
53	0.115202128	0.007505457	0.002316853
54	0.115202128	0.007474645	0.002370516
55	0.115202128	0.007422902	0.002430826
56	0.115202128	0.007348498	0.002493058
57	0.115202128	0.007251691	0.002554086
58	0.115202128	0.007133420	0.002612152
59	0.115202128	0.006994708	0.002666377
60	0.115202128	0.006836544	0.002716630
61	0.115202128	0.006659973	0.002763969
62	0.115202128	0.006465456	0.002808090
63	0.115202128	0.006253236	0.002847806
64	0.115202128	0.006023650	0.002882072
65	0.115202128	0.005777109	0.002909989
66	0.115202128	0.005514083	0.002930798
67	0.115202128	0.005235080	0.002943869
68	0.115202128	0.004940637	0.002948684
69	0.115202128	0.004631306	0.002944832
70	0.115202128	0.004307653	0.002931989
71	0.115202128	0.003970246	0.002909907
72	0.115202128	0.003619656	0.002878409
73	0.115202128	0.003256453	0.002837374
74	0.115202128	0.002881206	0.002786734
75	0.115202128	0.002494478	0.002726463
76	0.115202128	0.002096832	0.002656579
77	0.115202128	0.001688826	0.002577132
78	0.115202128	0.001271012	0.002488206
79	0.115202128	0.000843942	0.002389913
80	0.115202128	0.000408161	0.002282393
81	0.115202128	-0.000035787	0.002165812
82	0.115202128	-0.000487365	0.002040356
83	0.115202128	-0.000946037	0.001906238
84	0.115202128	-0.001411275	0.001763690
85	0.115202128	-0.001882553	0.001612965
86	0.115202128	-0.002359351	0.001454338
87	0.115202128	-0.002841154	0.001288102
88	0.115202128	-0.003327455	0.001114573
89	0.115202128	-0.003817752	0.000934086
90	0.115202128	-0.004310449	0.000742127
91	0.115202128	-0.004806669	0.000546168
92	0.115202128	-0.005305146	0.000343122
93	0.115202128	-0.005805302	0.000132897
94	0.115202128	-0.006306529	-0.000084755
95	0.115202128	-0.006808185	-0.000310278
96	0.115202128	-0.007309580	-0.000544373
97	0.115202128	-0.007809968	-0.000788055
98	0.115202128	-0.008308532	-0.001042730
99	0.115202128	-0.008774971	-0.001300768
1	0.117276596	-0.008506937	-0.001194122
2	0.117276596	-0.007983927	-0.001116057
3	0.117276596	-0.007463024	-0.001030981
4	0.117276596	-0.006944499	-0.000940207
5	0.117276596	-0.006428417	-0.000845977
6	0.117276596	-0.005914959	-0.000750014
7	0.117276596	-0.005404398	-0.000653612
8	0.117276596	-0.004897080	-0.000557716
9	0.117276596	-0.004393408	-0.000462997
10	0.117276596	-0.003893824	-0.000369910
11	0.117276596	-0.003398095	-0.000281920
12	0.117276596	-0.002908383	-0.000191682
13	0.117276596	-0.002424138	-0.000104022
14	0.117276596	-0.001945899	-0.000018820
15	0.117276596	-0.001474200	0.000064049
16	0.117276596	-0.001009562	0.000144708
17	0.117276596	-0.000552502	0.000223279
18	0.117276596	-0.000103525	0.000299880
19	0.117276596	0.000336876	0.000374624
20	0.117276596	0.000768216	0.000447622
21	0.117276596	0.001190021	0.000518977
22	0.117276596	0.001601828	0.000588789
23	0.117276596	0.002003187	0.000657153
24	0.117276596	0.002393655	0.000724160
25	0.117276596	0.002772806	0.000789896
26	0.117276596	0.003140221	0.000854447
27	0.117276596	0.003495494	0.000917892
28	0.117276596	0.003838230	0.000980312
29	0.117276596	0.004168048	0.001041786
30	0.117276596	0.004484573	0.001102394
31	0.117276596	0.004787443	0.001162218
32	0.117276596	0.005076306	0.001221345
33	0.117276596	0.005350815	0.001279868
34	0.117276596	0.005610632	0.001337891
35	0.117276596	0.005855418	0.001395534
36	0.117276596	0.006084831	0.001452941
37	0.117276596	0.006298518	0.001510292
38	0.117276596	0.006496095	0.001567824
39	0.117276596	0.006677125	0.001625863
40	0.117276596	0.006841056	0.001684878
41	0.117276596	0.006987144	0.001745514
42	0.117276596	0.007114395	0.001808409
43	0.117276596	0.007221742	0.001873561
44	0.117276596	0.007307987	0.001940310
45	0.117276596	0.007371962	0.002007018
46	0.117276596	0.007413330	0.002070424
47	0.117276596	0.007434391	0.002125487
48	0.117276596	0.007441247	0.002167102
49	0.117276596	0.007441590	0.002192444
50	0.117276596	0.007441056	0.002200883
51	0.117276596	0.007440174	0.002209508
52	0.117276596	0.007435544	0.002235082
53	0.117276596	0.007421734	0.002276073
54	0.117276596	0.007392019	0.002328740
55	0.117276596	0.007341615	0.002387822
56	0.117276596	0.007268911	0.002448658
57	0.117276596	0.007174265	0.002508252
58	0.117276596	0.007058657	0.002564969
59	0.117276596	0.006923117	0.002618044
60	0.117276596	0.006768632	0.002667467
61	0.117276596	0.006596197	0.002714238
62	0.117276596	0.006406215	0.002757919
63	0.117276596	0.006198920	0.002797356
64	0.117276596	0.005974639	0.002831534
65	0.117276596	0.005733771	0.002859578
66	0.117276596	0.005476770	0.002880750
67	0.117276596	0.005204132	0.002894436
68	0.117276596	0.004916377	0.002900134
69	0.117276596	0.004614043	0.002897440
70	0.117276596	0.004297678	0.002886037
71	0.117276596	0.003967837	0.002865684
72	0.117276596	0.003625075	0.002836204
73	0.117276596	0.003269947	0.002797479
74	0.117276596	0.002903008	0.002749439
75	0.117276596	0.002524807	0.002692059
76	0.117276596	0.002135892	0.002625353
77	0.117276596	0.001736809	0.002549367
78	0.117276596	0.001328097	0.002464183
79	0.117276596	0.000910293	0.002369908
80	0.117276596	0.000483932	0.002266677
81	0.117276596	0.000049544	0.002154650
82	0.117276596	-0.000392347	0.002034009
83	0.117276596	-0.000841217	0.001904958
84	0.117276596	-0.001296548	0.001767723
85	0.117276596	-0.001757828	0.001622550
86	0.117276596	-0.002224547	0.001469706
87	0.117276596	-0.002696202	0.001309476
88	0.117276596	-0.003172296	0.001142166
89	0.117276596	-0.003652338	0.000968101
90	0.117276596	-0.004134761	0.000782754
91	0.117276596	-0.004620670	0.000593590
92	0.117276596	-0.005108824	0.000397510
93	0.117276596	-0.005598652	0.000194408
94	0.117276596	-0.006089560	-0.000015977
95	0.117276596	-0.006580916	-0.000234106
96	0.117276596	-0.007072042	-0.000460694
97	0.117276596	-0.007562205	-0.000696773
98	0.117276596	-0.008050600	-0.000943767
99	0.117276596	-0.008506937	-0.001194122
1	0.119351064	-0.008227830	-0.001088738
2	0.119351064	-0.007717112	-0.001014998
3	0.119351064	-0.007208441	-0.000934321
4	0.119351064	-0.006702088	-0.000847984
5	0.119351064	-0.006198122	-0.000758193
6	0.119351064	-0.005696722	-0.000666640
7	0.119351064	-0.005198160	-0.000574592
8	0.119351064	-0.004702775	-0.000482975
9	0.119351064	-0.004210962	-0.000392443
10	0.119351064	-0.003723153	-0.000303441
11	0.119351064	-0.003239116	-0.000219433
12	0.119351064	-0.002760975	-0.000133052
13	0.119351064	-0.002288183	-0.000049134
14	0.119351064	-0.001821265	0.000032443
15	0.119351064	-0.001360743	0.000111800
16	0.119351064	-0.000907124	0.000189059
17	0.119351064	-0.000460911	0.000264337
18	0.119351064	-0.000022595	0.000337747
19	0.119351064	0.000407342	0.000409399
20	0.119351064	0.000828429	0.000479395
21	0.119351064	0.001240204	0.000547835
22	0.119351064	0.001642218	0.000614811
23	0.119351064	0.002034030	0.000680413
24	0.119351064	0.002415212	0.000744725
25	0.119351064	0.002785348	0.000807827
26	0.119351064	0.003144030	0.000869797
27	0.119351064	0.003490864	0.000930711
28	0.119351064	0.003825466	0.000990641
29	0.119351064	0.004147463	0.001049661
30	0.119351064	0.004456494	0.001107844
31	0.119351064	0.004752207	0.001165267
32	0.119351064	0.005034258	0.001222009
33	0.119351064	0.005302313	0.001278157
34	0.119351064	0.005556043	0.001333809
35	0.119351064	0.005795120	0.001389078
36	0.119351064	0.006019217	0.001444100
37	0.119351064	0.006227991	0.001499049
38	0.119351064	0.006421076	0.001554153
39	0.119351064	0.006598050	0.001609731
40	0.119351064	0.006758387	0.001666247
41	0.119351064	0.006901377	0.001724332
42	0.119351064	0.007026094	0.001784577
43	0.119351064	0.007131545	0.001846974
44	0.119351064	0.007216617	0.001910908
45	0.119351064	0.007280206	0.001974867
46	0.119351064	0.007321929	0.002035833
47	0.119351064	0.007343798	0.002089039
48	0.119351064	0.007351473	0.002129469
49	0.119351064	0.007352357	0.002154183
50	0.119351064	0.007352006	0.002162425
51	0.119351064	0.007351310	0.002170859
52	0.119351064	0.007347229	0.002195893
53	0.119351064	0.007334272	0.002236068
54	0.119351064	0.007305643	0.002287673
55	0.119351064	0.007256590	0.002345450
56	0.119351064	0.007185621	0.002404809
57	0.119351064	0.007093191	0.002462882
58	0.119351064	0.006980321	0.002518163
59	0.119351064	0.006848046	0.002569994
60	0.119351064	0.006697356	0.002618501
61	0.119351064	0.006529197	0.002664645
62	0.119351064	0.006343904	0.002707829
63	0.119351064	0.006141704	0.002746931
64	0.119351064	0.005922912	0.002780966
65	0.119351064	0.005687916	0.002809086
66	0.119351064	0.005437156	0.002830574
67	0.119351064	0.005171110	0.002844830
68	0.119351064	0.004890285	0.002851367
69	0.119351064	0.004595203	0.002849790
70	0.119351064	0.004286396	0.002839789
71	0.119351064	0.003964402	0.002821126
72	0.119351064	0.003629763	0.002793628
73	0.119351064	0.003283019	0.002757176
74	0.119351064	0.002924708	0.002711701
75	0.119351064	0.002555367	0.002657175
76	0.119351064	0.002175530	0.002593609
77	0.119351064	0.001785727	0.002521049
78	0.119351064	0.001386486	0.002439569
79	0.119351064	0.000978331	0.002349275
80	0.119351064	0.000561782	0.002250295
81	0.119351064	0.000137357	0.002142783
82	0.119351064	-0.000294432	0.002026917
83	0.119351064	-0.000733074	0.001902895
84	0.119351064	-0.001178065	0.001770935
85	0.119351064	-0.001628901	0.001631276
86	0.119351064	-0.002085088	0.001484176
87	0.119351064	-0.002546133	0.001329913
88	0.119351064	-0.003011551	0.001168785
89	0.119351064	-0.003480861	0.001001106
90	0.119351064	-0.003952526	0.000822334
91	0.119351064	-0.004427634	0.000639933
92	0.119351064	-0.004904967	0.000450786
93	0.119351064	-0.005383967	0.000254776
94	0.119351064	-0.005864049	0.000051628
95	0.119351064	-0.006344595	-0.000159132
96	0.119351064	-0.006824939	-0.000378235
97	0.119351064	-0.007304360	-0.000606730
98	0.119351064	-0.007782070	-0.000846057
99	0.119351064	-0.008227830	-0.001088738
1	0.121425532	-0.007937284	-0.000984499
2	0.121425532	-0.007439337	-0.000915132
3	0.121425532	-0.006943382	-0.000838885
4	0.121425532	-0.006449687	-0.000757003
5	0.121425532	-0.005958324	-0.000671659
6	0.121425532	-0.005469472	-0.000584513
7	0.121425532	-0.004983397	-0.000496806
8	0.121425532	-0.004500433	-0.000409447
9	0.121425532	-0.004020963	-0.000323074
10	0.121425532	-0.003545412	-0.000238120
11	0.121425532	-0.003073544	-0.000158053
12	0.121425532	-0.002607446	-0.000075483
13	0.121425532	-0.002146575	0.000004745
14	0.121425532	-0.001691441	0.000082750
15	0.121425532	-0.001242551	0.000158654
16	0.121425532	-0.000800399	0.000232573
17	0.121425532	-0.000365474	0.000304620
18	0.121425532	0.000061746	0.000374903
19	0.121425532	0.000480794	0.000443526
20	0.121425532	0.000891211	0.000510586
21	0.121425532	0.001292550	0.000576174
22	0.121425532	0.001684372	0.000640379
23	0.121425532	0.002066250	0.000703281
24	0.121425532	0.002437768	0.000764959
25	0.121425532	0.002798521	0.000825487
26	0.121425532	0.003148115	0.000884935
27	0.121425532	0.003486165	0.000943373
28	0.121425532	0.003812299	0.001000867
29	0.121425532	0.004126155	0.001057483
30	0.121425532	0.004427383	0.001113290
31	0.121425532	0.004715641	0.001168355
32	0.121425532	0.004990596	0.001222754
33	0.121425532	0.005251925	0.001276565
34	0.121425532	0.005499309	0.001329879
35	0.121425532	0.005732434	0.001382804
36	0.121425532	0.005950982	0.001435467
37	0.121425532	0.006154625	0.001488035
38	0.121425532	0.006343012	0.001540727
39	0.121425532	0.006515741	0.001593855
40	0.121425532	0.006672305	0.001647880
41	0.121425532	0.006812022	0.001703440
42	0.121425532	0.006934026	0.001761084
43	0.121425532	0.007037386	0.001820803
44	0.121425532	0.007121060	0.001882021
45	0.121425532	0.007184004	0.001943332
46	0.121425532	0.007225810	0.002001922
47	0.121425532	0.007248254	0.002053275
48	0.121425532	0.007256600	0.002092487
49	0.121425532	0.007257955	0.002116541
50	0.121425532	0.007257767	0.002124576
51	0.121425532	0.007257240	0.002132805
52	0.121425532	0.007253667	0.002157261
53	0.121425532	0.007241537	0.002196562
54	0.121425532	0.007214018	0.002247050
55	0.121425532	0.007166395	0.002303494
56	0.121425532	0.007097281	0.002361383
57	0.121425532	0.007007208	0.002417963
58	0.121425532	0.006897224	0.002471833
59	0.121425532	0.006768362	0.002522422
60	0.121425532	0.006621606	0.002569949
61	0.121425532	0.006457868	0.002615359
62	0.121425532	0.006277429	0.002657942
63	0.121425532	0.006080506	0.002696609
64	0.121425532	0.005867406	0.002730406
65	0.121425532	0.005638501	0.002758511
66	0.121425532	0.005394218	0.002780227
67	0.121425532	0.005135020	0.002794974
68	0.121425532	0.004861396	0.002802274
69	0.121425532	0.004573852	0.002801742
70	0.121425532	0.004272904	0.002793074
71	0.121425532	0.003959076	0.002776038
72	0.121425532	0.003632893	0.002750460
73	0.121425532	0.003294878	0.002716224
74	0.121425532	0.002945557	0.002673258
75	0.121425532	0.002585451	0.002621534
76	0.121425532	0.002215079	0.002561060
77	0.121425532	0.001834959	0.002491878
78	0.121425532	0.001445604	0.002414059
79	0.121425532	0.001047524	0.002327704
80	0.121425532	0.000641226	0.002232936
81	0.121425532	0.000227214	0.002129904
82	0.121425532	-0.000194012	0.002018780
83	0.121425532	-0.000621956	0.001899754
84	0.121425532	-0.001056124	0.001773040
85	0.121425532	-0.001496027	0.001638869
86	0.121425532	-0.001941182	0.001497491
87	0.121425532	-0.002391109	0.001349176
88	0.121425532	-0.002845334	0.001194212
89	0.121425532	-0.003303389	0.001032906
90	0.121425532	-0.003763766	0.000860700
91	0.121425532	-0.004227536	0.000685053
92	0.121425532	-0.004693507	0.000502836
93	0.121425532	-0.005161132	0.000313917
94	0.121425532	-0.005629838	0.000118010
95	0.121425532	-0.006099019	-0.000085375
96	0.121425532	-0.006568024	-0.000296982
97	0.121425532	-0.007036145	-0.000517876
98	0.121425532	-0.007502609	-0.000749514
99	0.121425532	-0.007937284	-0.000984499
1	0.123500000	-0.007634925	-0.000881291
2	0.123500000	-0.007150268	-0.000816348
3	0.123500000	-0.006667554	-0.000744560
4	0.123500000	-0.006187047	-0.000667149
5	0.123500000	-0.005708819	-0.000586252
6	0.123500000	-0.005233047	-0.000503501
7	0.123500000	-0.004759990	-0.000420117
8	0.123500000	-0.004289975	-0.000336986
9	0.123500000	-0.003823375	-0.000254735
10	0.123500000	-0.003360604	-0.000173789
11	0.123500000	-0.002901423	-0.000097614
12	0.123500000	-0.002447882	-0.000018805
13	0.123500000	-0.001999437	0.000057785
14	0.123500000	-0.001556587	0.000132274
15	0.123500000	-0.001119822	0.000204780
16	0.123500000	-0.000689622	0.000275416
17	0.123500000	-0.000266462	0.000344289
18	0.123500000	0.000149195	0.000411502
19	0.123500000	0.000556896	0.000477152
20	0.123500000	0.000956195	0.000541330
21	0.123500000	0.001346657	0.000604121
22	0.123500000	0.001727859	0.000665605
23	0.123500000	0.002099386	0.000725857
24	0.123500000	0.002460835	0.000784949
25	0.123500000	0.002811811	0.000842948
26	0.123500000	0.003151933	0.000899917
27	0.123500000	0.003480828	0.000955919
28	0.123500000	0.003798137	0.001011014
29	0.123500000	0.004103508	0.001065262
30	0.123500000	0.004396601	0.001118722
31	0.123500000	0.004677086	0.001171459
32	0.123500000	0.004944641	0.001223538
33	0.123500000	0.005198954	0.001275034
34	0.123500000	0.005439718	0.001326028
35	0.123500000	0.005666629	0.001376621
36	0.123500000	0.005879382	0.001426934
37	0.123500000	0.006077664	0.001477123
38	0.123500000	0.006261138	0.001527400
39	0.123500000	0.006429422	0.001578065
40	0.123500000	0.006582032	0.001629577
41	0.123500000	0.006718306	0.001682594
42	0.123500000	0.006837423	0.001737654
43	0.123500000	0.006938499	0.001794756
44	0.123500000	0.007020549	0.001853357
45	0.123500000	0.007082578	0.001912138
46	0.123500000	0.007124163	0.001968446
47	0.123500000	0.007146902	0.002017979
48	0.123500000	0.007155727	0.002055955
49	0.123500000	0.007157457	0.002079319
50	0.123500000	0.007157404	0.002087136
51	0.123500000	0.007157021	0.002095147
52	0.123500000	0.007153897	0.002118984
53	0.123500000	0.007142553	0.002157347
54	0.123500000	0.007116174	0.002206663
55	0.123500000	0.007070097	0.002261769
56	0.123500000	0.007003011	0.002318243
57	0.123500000	0.006915490	0.002373427
58	0.123500000	0.006808589	0.002425992
59	0.123500000	0.006683326	0.002475408
60	0.123500000	0.006540667	0.002521920
61	0.123500000	0.006381500	0.002566457
62	0.123500000	0.006206086	0.002608303
63	0.123500000	0.006014636	0.002646405
64	0.123500000	0.005807442	0.002679839
65	0.123500000	0.005584864	0.002707811
66	0.123500000	0.005347312	0.002729644
67	0.123500000	0.005095235	0.002744773
68	0.123500000	0.004829104	0.002752735
69	0.123500000	0.004549408	0.002753153
70	0.123500000	0.004256648	0.002745730
71	0.123500000	0.003951329	0.002730235
72	0.123500000	0.003633961	0.002706500
73	0.123500000	0.003305053	0.002674405
74	0.123500000	0.002965113	0.002633880
75	0.123500000	0.002614648	0.002584894
76	0.123500000	0.002254163	0.002527453
77	0.123500000	0.001884160	0.002461595
78	0.123500000	0.001505138	0.002387388
79	0.123500000	0.001117594	0.002304927
80	0.123500000	0.000722019	0.002214332
81	0.123500000	0.000318904	0.002115746
82	0.123500000	-0.000091264	0.002009335
83	0.123500000	-0.000508002	0.001895283
84	0.123500000	-0.000930832	0.001773797
85	0.123500000	-0.001359277	0.001645100
86	0.123500000	-0.001792865	0.001509436
87	0.123500000	-0.002231132	0.001367065
88	0.123500000	-0.002673615	0.001218267
89	0.123500000	-0.003119858	0.001063340
90	0.123500000	-0.003568383	0.000897712
91	0.123500000	-0.004020248	0.000728837
92	0.123500000	-0.004474282	0.000553571
93	0.123500000	-0.004929953	0.000371771
94	0.123500000	-0.005386701	0.000183136
95	0.123500000	-0.005843933	-0.000012836
96	0.123500000	-0.006301010	-0.000216906
97	0.123500000	-0.006757241	-0.000430153
98	0.123500000	-0.007211867	-0.000654051
99	0.123500000	-0.007634925	-0.000881291
1	0.124988820	-0.007410431	-0.000807790
2	0.124988820	-0.006935637	-0.000746052
3	0.124988820	-0.006462755	-0.000677477
4	0.124988820	-0.005992044	-0.000603277
5	0.124988820	-0.005523576	-0.000525565
6	0.124988820	-0.005057524	-0.000445956
7	0.124988820	-0.004594143	-0.000365652
8	0.124988820	-0.004133753	-0.000285531
9	0.124988820	-0.003676719	-0.000206210
10	0.124988820	-0.003223446	-0.000128108
11	0.124988820	-0.002773694	-0.000054692
12	0.124988820	-0.002329485	0.000021453
13	0.124988820	-0.001890275	0.000095468
14	0.124988820	-0.001456553	0.000167470
15	0.124988820	-0.001028797	0.000237574
16	0.124988820	-0.000607477	0.000305889
17	0.124988820	-0.000193057	0.000372519
18	0.124988820	0.000214010	0.000437562
19	0.124988820	0.000613282	0.000501111
20	0.124988820	0.001004322	0.000563251
21	0.124988820	0.001386706	0.000624063
22	0.124988820	0.001760020	0.000683623
23	0.124988820	0.002123859	0.000742000
24	0.124988820	0.002477827	0.000799260
25	0.124988820	0.002821542	0.000855467
26	0.124988820	0.003154629	0.000910678
27	0.124988820	0.003476725	0.000964951
28	0.124988820	0.003787477	0.001018342
29	0.124988820	0.004086544	0.001070906
30	0.124988820	0.004373593	0.001122698
31	0.124988820	0.004648302	0.001173776
32	0.124988820	0.004910358	0.001224203
33	0.124988820	0.005159456	0.001274046
34	0.124988820	0.005395298	0.001323385
35	0.124988820	0.005617587	0.001372311
36	0.124988820	0.005826028	0.001420942
37	0.124988820	0.006020318	0.001469427
38	0.124988820	0.006200131	0.001517971
39	0.124988820	0.006365099	0.001566867
40	0.124988820	0.006514756	0.001616566
41	0.124988820	0.006648455	0.001667746
42	0.124988820	0.006765396	0.001720953
43	0.124988820	0.006864725	0.001776197
44	0.124988820	0.006945488	0.001832960
45	0.124988820	0.007006722	0.001889973
46	0.124988820	0.007047994	0.001944686
47	0.124988820	0.007070797	0.001992929
48	0.124988820	0.007079859	0.002030009
49	0.124988820	0.007081800	0.002052864
50	0.124988820	0.007081828	0.002060516
51	0.124988820	0.007081531	0.002068364
52	0.124988820	0.007078690	0.002091732
53	0.124988820	0.007067873	0.002129380
54	0.124988820	0.007042316	0.002177811
55	0.124988820	0.006997402	0.002231937
56	0.124988820	0.006931861	0.002287410
57	0.124988820	0.006846281	0.002341630
58	0.124988820	0.006741707	0.002393304
59	0.124988820	0.006619139	0.002441910
60	0.124988820	0.006479521	0.002487669
61	0.124988820	0.006323731	0.002531501
62	0.124988820	0.006152034	0.002572739
63	0.124988820	0.005964632	0.002610359
64	0.124988820	0.005761811	0.002643460
65	0.124988820	0.005543921	0.002671265
66	0.124988820	0.005311360	0.002693114
67	0.124988820	0.005064564	0.002708454
68	0.124988820	0.004803993	0.002716829
69	0.124988820	0.004530123	0.002717870
70	0.124988820	0.004243443	0.002711284
71	0.124988820	0.003944446	0.002696843
72	0.124988820	0.003633630	0.002674379
73	0.124988820	0.003311492	0.002643774
74	0.124988820	0.002978529	0.002604957
75	0.124988820	0.002635237	0.002557896
76	0.124988820	0.002282110	0.002502595
77	0.124988820	0.001919639	0.002439089
78	0.124988820	0.001548312	0.002367444
79	0.124988820	0.001168615	0.002287752
80	0.124988820	0.000781031	0.002200130
81	0.124988820	0.000386039	0.002104716
82	0.124988820	-0.000015885	0.002001673
83	0.124988820	-0.000424268	0.001891180
84	0.124988820	-0.000838639	0.001773439
85	0.124988820	-0.001258534	0.001648669
86	0.124988820	-0.001683491	0.001517106
87	0.124988820	-0.002113054	0.001379007
88	0.124988820	-0.002546769	0.001234644
89	0.124988820	-0.002984191	0.001084308
90	0.124988820	-0.003423861	0.000923418
91	0.124988820	-0.003866830	0.000759422
92	0.124988820	-0.004311944	0.000589169
93	0.124988820	-0.004758680	0.000412504
94	0.124988820	-0.005206487	0.000229119
95	0.124988820	-0.005654782	0.000038500
96	0.124988820	-0.006102936	-0.000160125
97	0.124988820	-0.006550270	-0.000367846
98	0.124988820	-0.006996035	-0.000586147
99	0.124988820	-0.007410431	-0.000807790
1	0.126473273	-0.007180199	-0.000734930
2	0.126473273	-0.006715511	-0.000676411
3	0.126473273	-0.006252708	-0.000611046
4	0.126473273	-0.005792042	-0.000540045
5	0.126473273	-0.005333584	-0.000465499
6	0.126473273	-0.004877502	-0.000389004
7	0.126473273	-0.004424047	-0.000311750
8	0.126473273	-0.003973531	-0.000234602
9	0.126473273	-0.003526311	-0.000158172
10	0.126473273	-0.003082782	-0.000082874
11	0.126473273	-0.002642702	-0.000012176
12	0.126473273	-0.002208064	0.000061345
13	0.126473273	-0.001778327	0.000132826
14	0.126473273	-0.001353965	0.000202381
15	0.126473273	-0.000935448	0.000270121
16	0.126473273	-0.000523234	0.000336152
17	0.126473273	-0.000117776	0.000400574
18	0.126473273	0.000280484	0.000463481
19	0.126473273	0.000671113	0.000524960
20	0.126473273	0.001053686	0.000585092
21	0.126473273	0.001427789	0.000643954
22	0.126473273	0.001793016	0.000701615
23	0.126473273	0.002148973	0.000758140
24	0.126473273	0.002495274	0.000813592
25	0.126473273	0.002831544	0.000868026
26	0.126473273	0.003157419	0.000921499
27	0.126473273	0.003472544	0.000974061
28	0.126473273	0.003776575	0.001025765
29	0.126473273	0.004069179	0.001076660
30	0.126473273	0.004350031	0.001126797
31	0.126473273	0.004618817	0.001176230
32	0.126473273	0.004875233	0.001225017
33	0.126473273	0.005118982	0.001273220
34	0.126473273	0.005349772	0.001320913
35	0.126473273	0.005567318	0.001368184
36	0.126473273	0.005771332	0.001415143
37	0.126473273	0.005961520	0.001461934
38	0.126473273	0.006137570	0.001508755
39	0.126473273	0.006299126	0.001555891
40	0.126473273	0.006445740	0.001603783
41	0.126473273	0.006576781	0.001653126
42	0.126473273	0.006691466	0.001704488
43	0.126473273	0.006788969	0.001757887
44	0.126473273	0.006868365	0.001812830
45	0.126473273	0.006928713	0.001868102
46	0.126473273	0.006969572	0.001921243
47	0.126473273	0.006992344	0.001968205
48	0.126473273	0.007001567	0.002004382
49	0.126473273	0.007003677	0.002026717
50	0.126473273	0.007003772	0.002034201
51	0.126473273	0.007003549	0.002041880
52	0.126473273	0.007000957	0.002064760
53	0.126473273	0.006990633	0.002101660
54	0.126473273	0.006965885	0.002149166
55	0.126473273	0.006922158	0.002202283
56	0.126473273	0.006858215	0.002256746
57	0.126473273	0.006774645	0.002310014
58	0.126473273	0.006672476	0.002360816
59	0.126473273	0.006552683	0.002408623
60	0.126473273	0.006416180	0.002453604
61	0.126473273	0.006263838	0.002496672
62	0.126473273	0.006095938	0.002537245
63	0.126473273	0.005912677	0.002574326
64	0.126473273	0.005714330	0.002607037
65	0.126473273	0.005501237	0.002634621
66	0.126473273	0.005273785	0.002656432
67	0.126473273	0.005032398	0.002671929
68	0.126473273	0.004777522	0.002680667
69	0.126473273	0.004509623	0.002682281
70	0.126473273	0.004229176	0.002676482
71	0.126473273	0.003936662	0.002663047
72	0.126473273	0.003632566	0.002641809
73	0.126473273	0.003317374	0.002612651
74	0.126473273	0.002991571	0.002575500
75	0.126473273	0.002655643	0.002530325
76	0.126473273	0.002310071	0.002477126
77	0.126473273	0.001955336	0.002415938
78	0.126473273	0.001591915	0.002346824
79	0.126473273	0.001220282	0.002269873
80	0.126473273	0.000840910	0.002185198
81	0.126473273	0.000454268	0.002092935
82	0.126473273	0.000060821	0.001993240
83	0.126473273	-0.000338968	0.001886291
84	0.126473273	-0.000744641	0.001772283
85	0.126473273	-0.001155740	0.001651430
86	0.126473273	-0.001571816	0.001523964
87	0.126473273	-0.001992421	0.001390133
88	0.126473273	-0.002417113	0.001250205
89	0.126473273	-0.002845454	0.001104463
90	0.126473273	-0.003276008	0.000948318
91	0.126473273	-0.003709817	0.000789211
92	0.126473273	-0.004145743	0.000623982
93	0.126473273	-0.004583275	0.000452468
94	0.126473273	-0.005021870	0.000274349
95	0.126473273	-0.005460956	0.000089102
96	0.126473273	-0.005899915	-0.000104055
97	0.126473273	-0.006338076	-0.000306226
98	0.126473273	-0.006774704	-0.000518906
99	0.126473273	-0.007180199	-0.000734930
1	0.127949005	-0.006944845	-0.000662877
2	0.127949005	-0.006490475	-0.000607577
3	0.127949005	-0.006037966	-0.000545409
4	0.127949005	-0.005587563	-0.000477581
5	0.127949005	-0.005139333	-0.000406166
6	0.127949005	-0.004693442	-0.000332745
7	0.127949005	-0.004250131	-0.000258494
8	0.127949005	-0.003809707	-0.000184271
9	0.127949005	-0.003372518	-0.000110682
10	0.127949005	-0.002938947	-0.000038135
11	0.127949005	-0.002508750	0.000029896
12	0.127949005	-0.002083894	0.000100846
13	0.127949005	-0.001663836	0.000169843
14	0.127949005	-0.001249039	0.000236998
15	0.127949005	-0.000839961	0.000302420
16	0.127949005	-0.000437050	0.000366211
17	0.127949005	-0.000040747	0.000428466
18	0.127949005	0.000348517	0.000489275
19	0.127949005	0.000730318	0.000548721
20	0.127949005	0.001104244	0.000606879
21	0.127949005	0.001469888	0.000663821
22	0.127949005	0.001826857	0.000719612
23	0.127949005	0.002174764	0.000774313
24	0.127949005	0.002513235	0.000827979
25	0.127949005	0.002841903	0.000880665
26	0.127949005	0.003160412	0.000932420
27	0.127949005	0.003468418	0.000983291
28	0.127949005	0.003765585	0.001033325
29	0.127949005	0.004051587	0.001082568
30	0.127949005	0.004326109	0.001131067
31	0.127949005	0.004588846	0.001178870
32	0.127949005	0.004839499	0.001226031
33	0.127949005	0.005077781	0.001272609
34	0.127949005	0.005303409	0.001318671
35	0.127949005	0.005516105	0.001364301
36	0.127949005	0.005715591	0.001409604
37	0.127949005	0.005901582	0.001454718
38	0.127949005	0.006073777	0.001499832
39	0.127949005	0.006231834	0.001545226
40	0.127949005	0.006375323	0.001591331
41	0.127949005	0.006503627	0.001638857
42	0.127949005	0.006615984	0.001688390
43	0.127949005	0.006711592	0.001739955
44	0.127949005	0.006789556	0.001793089
45	0.127949005	0.006848952	0.001846629
46	0.127949005	0.006889327	0.001898207
47	0.127949005	0.006911994	0.001943893
48	0.127949005	0.006921320	0.001979161
49	0.127949005	0.006923563	0.002000968
50	0.127949005	0.006923713	0.002008280
51	0.127949005	0.006923553	0.002015786
52	0.127949005	0.006921180	0.002038163
53	0.127949005	0.006911309	0.002074284
54	0.127949005	0.006887344	0.002120822
55	0.127949005	0.006844808	0.002172891
56	0.127949005	0.006782494	0.002226319
57	0.127949005	0.006700984	0.002278625
58	0.127949005	0.006601279	0.002328556
59	0.127949005	0.006484326	0.002375562
60	0.127949005	0.006351001	0.002419741
61	0.127949005	0.006202170	0.002461993
62	0.127949005	0.006038138	0.002501850
63	0.127949005	0.005859096	0.002538340
64	0.127949005	0.005665309	0.002570611
65	0.127949005	0.005457108	0.002597922
66	0.127949005	0.005234868	0.002619644
67	0.127949005	0.004999000	0.002635247
68	0.127949005	0.004749938	0.002644294
69	0.127949005	0.004488135	0.002646429
70	0.127949005	0.004214053	0.002641367
71	0.127949005	0.003928162	0.002628888
72	0.127949005	0.003630934	0.002608826
73	0.127949005	0.003322842	0.002581066
74	0.127949005	0.003004362	0.002545535
75	0.127949005	0.002675964	0.002502200
76	0.127949005	0.002338121	0.002451061
77	0.127949005	0.001991301	0.002392151
78	0.127949005	0.001635970	0.002325530
79	0.127949005	0.001272592	0.002251285
80	0.127949005	0.000901628	0.002169526
81	0.127949005	0.000523535	0.002080384
82	0.127949005	0.000138769	0.001984013
83	0.127949005	-0.000252219	0.001880584
84	0.127949005	-0.000648979	0.001770290
85	0.127949005	-0.001051067	0.001653338
86	0.127949005	-0.001458042	0.001529954
87	0.127949005	-0.001869467	0.001400382
88	0.127949005	-0.002284909	0.001264882
89	0.127949005	-0.002703942	0.001123730
90	0.127949005	-0.003125149	0.000972328
91	0.127949005	-0.003549564	0.000818112
92	0.127949005	-0.003976069	0.000657912
93	0.127949005	-0.004404159	0.000491554
94	0.127949005	-0.004833305	0.000318711
95	0.127949005	-0.005262943	0.000138847
96	0.127949005	-0.005692465	-0.000048831
97	0.127949005	-0.006121211	-0.000245437
98	0.127949005	-0.006548459	-0.000452481
99	0.127949005	-0.006944845	-0.000662877
1	0.129411687	-0.006705073	-0.000591796
2	0.129411687	-0.006261196	-0.000539706
3	0.129411687	-0.005819162	-0.000480707
4	0.129411687	-0.005379205	-0.000416013
5	0.129411687	-0.004941387	-0.000347682
6	0.129411687	-0.004505870	-0.000277280
7	0.129411687	-0.004072889	-0.000205975
8	0.129411687	-0.003642740	-0.000134616
9	0.129411687	-0.003215763	-0.000063803
10	0.129411687	-0.002792332	0.000006055
11	0.129411687	-0.002372197	0.000071483
12	0.129411687	-0.001957298	0.000139922
13	0.129411687	-0.001547092	0.000206492
14	0.129411687	-0.001142030	0.000271304
15	0.129411687	-0.000742559	0.000334462
16	0.129411687	-0.000349115	0.000396062
17	0.129411687	0.000037872	0.000456198
18	0.129411687	0.000417982	0.000514952
19	0.129411687	0.000790802	0.000572405
20	0.129411687	0.001155928	0.000628626
21	0.129411687	0.001512968	0.000683683
22	0.129411687	0.001861535	0.000737636
23	0.129411687	0.002201253	0.000790541
24	0.129411687	0.002531758	0.000842450
25	0.129411687	0.002852692	0.000893411
26	0.129411687	0.003163710	0.000943471
27	0.129411687	0.003464473	0.000992672
28	0.129411687	0.003754656	0.001041056
29	0.129411687	0.004033942	0.001088666
30	0.129411687	0.004302024	0.001135545
31	0.129411687	0.004558604	0.001181737
32	0.129411687	0.004803393	0.001227290
33	0.129411687	0.005036111	0.001272260
34	0.129411687	0.005256483	0.001316710
35	0.129411687	0.005464240	0.001360719
36	0.129411687	0.005659112	0.001404386
37	0.129411687	0.005840825	0.001447844
38	0.129411687	0.006009088	0.001491278
39	0.129411687	0.006163570	0.001534957
40	0.129411687	0.006303861	0.001579307
41	0.129411687	0.006429355	0.001625055
42	0.129411687	0.006539316	0.001672785
43	0.129411687	0.006632974	0.001722528
44	0.129411687	0.006709455	0.001773853
45	0.129411687	0.006767854	0.001825659
46	0.129411687	0.006807702	0.001875672
47	0.129411687	0.006830218	0.001920077
48	0.129411687	0.006839604	0.001954431
49	0.129411687	0.006841952	0.001975703
50	0.129411687	0.006842148	0.001982840
51	0.129411687	0.006842040	0.001990169
52	0.129411687	0.006839857	0.002012030
53	0.129411687	0.006830397	0.002047343
54	0.129411687	0.006807178	0.002092871
55	0.129411687	0.006765814	0.002143842
56	0.129411687	0.006705137	0.002196195
57	0.129411687	0.006625717	0.002247511
58	0.129411687	0.006528520	0.002296555
59	0.129411687	0.006414457	0.002342750
60	0.129411687	0.006284359	0.002386098
61	0.129411687	0.006139091	0.002427492
62	0.129411687	0.005978986	0.002466589
63	0.129411687	0.005804227	0.002502444
64	0.129411687	0.005615073	0.002534227
65	0.129411687	0.005411842	0.002561217
66	0.129411687	0.005194899	0.002582800
67	0.129411687	0.004964641	0.002598458
68	0.129411687	0.004721491	0.002607763
69	0.129411687	0.004465889	0.002610366
70	0.129411687	0.004198284	0.002605988
71	0.129411687	0.003919133	0.002594411
72	0.129411687	0.003628896	0.002575472
73	0.129411687	0.003328035	0.002549058
74	0.129411687	0.003017011	0.002515095
75	0.129411687	0.002696286	0.002473550
76	0.129411687	0.002366318	0.002424424
77	0.129411687	0.002027565	0.002367746
78	0.129411687	0.001680481	0.002303575
79	0.129411687	0.001325518	0.002231995
80	0.129411687	0.000963127	0.002153112
81	0.129411687	0.000593754	0.002067057
82	0.129411687	0.000217842	0.001973976
83	0.129411687	-0.000164166	0.001874039
84	0.129411687	-0.000551834	0.001767432
85	0.129411687	-0.000944728	0.001654358
86	0.129411687	-0.001342415	0.001535036
87	0.129411687	-0.001744471	0.001409705
88	0.129411687	-0.002150472	0.001278618
89	0.129411687	-0.002560003	0.001142044
90	0.129411687	-0.002971666	0.000995376
91	0.129411687	-0.003386490	0.000846044
92	0.129411687	-0.003803374	0.000690867
93	0.129411687	-0.004221823	0.000529663
94	0.129411687	-0.004641316	0.000362094
95	0.129411687	-0.005061302	0.000187614
96	0.129411687	-0.005481182	0.000005418
97	0.129411687	-0.005900307	-0.000185621
98	0.129411687	-0.006317966	-0.000387026
99	0.129411687	-0.006705073	-0.000591796
1	0.130857029	-0.006461760	-0.000521882
2	0.130857029	-0.006028512	-0.000472981
3	0.130857029	-0.005597091	-0.000417113
4	0.130857029	-0.005167721	-0.000355505
5	0.130857029	-0.004740459	-0.000290201
6	0.130857029	-0.004315459	-0.000222756
7	0.130857029	-0.003892951	-0.000154328
8	0.130857029	-0.003473220	-0.000085763
9	0.130857029	-0.003056597	-0.000017656
10	0.130857029	-0.002643445	0.000049583
11	0.130857029	-0.002233510	0.000112477
12	0.130857029	-0.001828705	0.000178473
13	0.130857029	-0.001428484	0.000242683
14	0.130857029	-0.001033290	0.000305214
15	0.130857029	-0.000643554	0.000366166
16	0.130857029	-0.000259704	0.000425632
17	0.130857029	0.000117843	0.000483701
18	0.130857029	0.000488677	0.000540450
19	0.130857029	0.000852397	0.000595955
20	0.130857029	0.001208609	0.000650283
21	0.130857029	0.001556930	0.000703494
22	0.130857029	0.001896985	0.000755646
23	0.130857029	0.002228409	0.000806790
24	0.130857029	0.002550844	0.000856973
25	0.130857029	0.002863943	0.000906240
26	0.130857029	0.003167370	0.000954632
27	0.130857029	0.003460797	0.001002189
28	0.130857029	0.003743905	0.001048949
29	0.130857029	0.004016387	0.001094950
30	0.130857029	0.004277944	0.001140232
31	0.130857029	0.004528285	0.001184835
32	0.130857029	0.004767132	0.001228803
33	0.130857029	0.004994210	0.001272188
34	0.130857029	0.005209253	0.001315051
35	0.130857029	0.005412001	0.001357463
36	0.130857029	0.005602193	0.001399522
37	0.130857029	0.005779563	0.001441353
38	0.130857029	0.005943831	0.001483136
39	0.130857029	0.006094678	0.001525136
40	0.130857029	0.006231710	0.001567772
41	0.130857029	0.006354331	0.001611794
42	0.130857029	0.006461839	0.001657758
43	0.130857029	0.006553495	0.001705698
44	0.130857029	0.006628454	0.001755218
45	0.130857029	0.006685824	0.001805284
46	0.130857029	0.006725112	0.001853726
47	0.130857029	0.006747446	0.001896847
48	0.130857029	0.006756861	0.001930282
49	0.130857029	0.006759291	0.001951014
50	0.130857029	0.006759526	0.001957974
51	0.130857029	0.006759462	0.001965124
52	0.130857029	0.006757442	0.001986459
53	0.130857029	0.006748353	0.002020941
54	0.130857029	0.006725836	0.002065416
55	0.130857029	0.006685615	0.002115239
56	0.130857029	0.006626567	0.002166468
57	0.130857029	0.006549246	0.002216756
58	0.130857029	0.006454584	0.002264886
59	0.130857029	0.006343444	0.002310249
60	0.130857029	0.006216612	0.002352743
61	0.130857029	0.006074943	0.002393242
62	0.130857029	0.005918809	0.002431541
63	0.130857029	0.005748383	0.002466721
64	0.130857029	0.005563916	0.002497975
65	0.130857029	0.005365714	0.002524600
66	0.130857029	0.005154132	0.002545998
67	0.130857029	0.004929555	0.002561662
68	0.130857029	0.004692392	0.002571175
69	0.130857029	0.004443071	0.002574194
70	0.130857029	0.004182029	0.002570446
71	0.130857029	0.003909709	0.002559717
72	0.130857029	0.003626559	0.002541846
73	0.130857029	0.003333029	0.002516723
74	0.130857029	0.003029568	0.002484274
75	0.130857029	0.002716626	0.002444466
76	0.130857029	0.002394648	0.002397299
77	0.130857029	0.002064081	0.002342802
78	0.130857029	0.001725368	0.002281032
79	0.130857029	0.001378948	0.002212069
80	0.130857029	0.001025261	0.002136019
81	0.130857029	0.000664741	0.002053006
82	0.130857029	0.000297822	0.001963175
83	0.130857029	-0.000075067	0.001866691
84	0.130857029	-0.000453499	0.001763735
85	0.130857029	-0.000837051	0.001654504
86	0.130857029	-0.001225303	0.001539213
87	0.130857029	-0.001617839	0.001418094
88	0.130857029	-0.002014247	0.001291392
89	0.130857029	-0.002414120	0.001159371
90	0.130857029	-0.002816083	0.001017414
91	0.130857029	-0.003221159	0.000872943
92	0.130857029	-0.003628261	0.000722770
93	0.130857029	-0.004036907	0.000566703
94	0.130857029	-0.004446586	0.000404391
95	0.130857029	-0.004856755	0.000235280
96	0.130857029	-0.005266827	0.000058551
97	0.130857029	-0.005676165	-0.000126936
98	0.130857029	-0.006084067	-0.000322717
99	0.130857029	-0.006461760	-0.000521882
1	0.132280792	-0.006215903	-0.000453340
2	0.132280792	-0.005793373	-0.000407596
3	0.132280792	-0.005372659	-0.000354812
4	0.132280792	-0.004953970	-0.000296235
5	0.132280792	-0.004537361	-0.000233894
6	0.132280792	-0.004122976	-0.000169335
7	0.132280792	-0.003711038	-0.000103711
8	0.132280792	-0.003301822	-0.000037863
9	0.132280792	-0.002895649	0.000027613
10	0.132280792	-0.002492871	0.000092310
11	0.132280792	-0.002093229	0.000152746
12	0.132280792	-0.001698611	0.000216371
13	0.132280792	-0.001308468	0.000278292
14	0.132280792	-0.000923229	0.000338610
15	0.132280792	-0.000543317	0.000397421
16	0.132280792	-0.000169145	0.000454815
17	0.132280792	0.000198878	0.000510874
18	0.132280792	0.000560355	0.000565674
19	0.132280792	0.000914895	0.000619284
20	0.132280792	0.001262115	0.000671766
21	0.132280792	0.001601643	0.000723178
22	0.132280792	0.001933113	0.000773571
23	0.132280792	0.002256169	0.000822994
24	0.132280792	0.002570465	0.000871489
25	0.132280792	0.002875663	0.000919097
26	0.132280792	0.003171434	0.000965856
27	0.132280792	0.003457461	0.001011802
28	0.132280792	0.003733433	0.001056969
29	0.132280792	0.003999051	0.001101392
30	0.132280792	0.004254025	0.001145107
31	0.132280792	0.004498073	0.001188150
32	0.132280792	0.004730923	0.001230563
33	0.132280792	0.004952310	0.001272394
34	0.132280792	0.005161975	0.001313698
35	0.132280792	0.005359666	0.001354546
36	0.132280792	0.005545131	0.001395029
37	0.132280792	0.005718112	0.001435269
38	0.132280792	0.005878339	0.001475440
39	0.132280792	0.006025507	0.001515801
40	0.132280792	0.006159235	0.001556771
41	0.132280792	0.006278933	0.001599121
42	0.132280792	0.006383941	0.001643364
43	0.132280792	0.006473555	0.001689528
44	0.132280792	0.006546956	0.001737257
45	0.132280792	0.006603267	0.001785587
46	0.132280792	0.006641973	0.001832456
47	0.132280792	0.006664101	0.001874289
48	0.132280792	0.006673522	0.001906803
49	0.132280792	0.006676017	0.001926991
50	0.132280792	0.006676283	0.001933773
51	0.132280792	0.006676257	0.001940742
52	0.132280792	0.006674378	0.001961543
53	0.132280792	0.006665623	0.001995176
54	0.132280792	0.006643762	0.002038565
55	0.132280792	0.006604647	0.002087191
56	0.132280792	0.006547205	0.002137244
57	0.132280792	0.006471978	0.002186457
58	0.132280792	0.006379858	0.002233638
59	0.132280792	0.006271661	0.002278145
60	0.132280792	0.006148117	0.002319762
61	0.132280792	0.006010072	0.002359338
62	0.132280792	0.005857936	0.002396808
63	0.132280792	0.005691874	0.002431280
64	0.132280792	0.005512128	0.002461969
65	0.132280792	0.005318995	0.002488190
66	0.132280792	0.005112815	0.002509360
67	0.132280792	0.004893964	0.002524987
68	0.132280792	0.004662838	0.002534659
69	0.132280792	0.004419852	0.002538045
70	0.132280792	0.004165429	0.002534874
71	0.132280792	0.003900002	0.002524939
72	0.132280792	0.003624005	0.002508083
73	0.132280792	0.003337875	0.002484194
74	0.132280792	0.003042051	0.002453203
75	0.132280792	0.002736967	0.002415076
76	0.132280792	0.002423060	0.002369813
77	0.132280792	0.002100763	0.002317441
78	0.132280792	0.001770506	0.002258016
79	0.132280792	0.001432720	0.002191617
80	0.132280792	0.001087829	0.002118345
81	0.132280792	0.000736259	0.002038323
82	0.132280792	0.000378430	0.001951692
83	0.132280792	0.000014761	0.001858611
84	0.132280792	-0.000354333	0.001759257
85	0.132280792	-0.000728439	0.001653823
86	0.132280792	-0.001107149	0.001542518
87	0.132280792	-0.001490056	0.001425566
88	0.132280792	-0.001876760	0.001303208
89	0.132280792	-0.002266864	0.001175698
90	0.132280792	-0.002659012	0.001038412
91	0.132280792	-0.003054223	0.000898765
92	0.132280792	-0.003451428	0.000753558
93	0.132280792	-0.003850152	0.000602590
94	0.132280792	-0.004249897	0.000445500
95	0.132280792	-0.004650129	0.000281722
96	0.132280792	-0.005050272	0.000110424
97	0.132280792	-0.005449698	-0.000069546
98	0.132280792	-0.005847716	-0.000259738
99	0.132280792	-0.006215903	-0.000453340
1	0.133678799	-0.005968556	-0.000386368
2	0.133678799	-0.005556786	-0.000343740
3	0.133678799	-0.005146824	-0.000293984
4	0.133678799	-0.004738864	-0.000238372
5	0.133678799	-0.004332954	-0.000178922
6	0.133678799	-0.003929234	-0.000117173
7	0.133678799	-0.003527915	-0.000054274
8	0.133678799	-0.003129264	0.000008937
9	0.133678799	-0.002733590	0.000071866
10	0.133678799	-0.002341234	0.000134103
11	0.133678799	-0.001951932	0.000192160
12	0.133678799	-0.001567547	0.000253493
13	0.133678799	-0.001187526	0.000313199
14	0.133678799	-0.000812287	0.000371376
15	0.133678799	-0.000442241	0.000428117
16	0.133678799	-0.000077791	0.000483505
17	0.133678799	0.000280668	0.000537619
18	0.133678799	0.000632748	0.000590529
19	0.133678799	0.000978070	0.000642301
20	0.133678799	0.001316261	0.000692992
21	0.133678799	0.001646959	0.000742656
22	0.133678799	0.001969808	0.000791340
23	0.133678799	0.002284463	0.000839087
24	0.133678799	0.002590586	0.000885939
25	0.133678799	0.002887850	0.000931931
26	0.133678799	0.003175935	0.000977097
27	0.133678799	0.003454531	0.001021470
28	0.133678799	0.003723338	0.001065082
29	0.133678799	0.003982064	0.001107963
30	0.133678799	0.004230427	0.001150147
31	0.133678799	0.004468154	0.001191666
32	0.133678799	0.004694981	0.001232560
33	0.133678799	0.004910650	0.001272872
34	0.133678799	0.005114912	0.001312655
35	0.133678799	0.005307520	0.001351976
36	0.133678799	0.005488232	0.001390922
37	0.133678799	0.005656798	0.001429611
38	0.133678799	0.005812959	0.001468214
39	0.133678799	0.005956418	0.001506985
40	0.133678799	0.006086811	0.001546341
41	0.133678799	0.006203552	0.001587077
42	0.133678799	0.006306026	0.001629646
43	0.133678799	0.006393565	0.001674072
44	0.133678799	0.006465380	0.001720034
45	0.133678799	0.006520609	0.001766639
46	0.133678799	0.006558714	0.001811937
47	0.133678799	0.006580620	0.001852483
48	0.133678799	0.006590032	0.001884075
49	0.133678799	0.006592578	0.001903720
50	0.133678799	0.006592871	0.001910322
51	0.133678799	0.006592877	0.001917109
52	0.133678799	0.006591122	0.001937372
53	0.133678799	0.006582665	0.001970143
54	0.133678799	0.006561417	0.002012417
55	0.133678799	0.006523362	0.002059803
56	0.133678799	0.006467492	0.002108627
57	0.133678799	0.006394337	0.002156715
58	0.133678799	0.006304748	0.002202902
59	0.133678799	0.006199495	0.002246522
60	0.133678799	0.006079248	0.002287241
61	0.133678799	0.005944836	0.002325874
62	0.133678799	0.005796709	0.002362492
63	0.133678799	0.005635025	0.002396230
64	0.133678799	0.005460015	0.002426324
65	0.133678799	0.005271965	0.002452109
66	0.133678799	0.005071207	0.002473015
67	0.133678799	0.004858102	0.002488562
68	0.133678799	0.004633036	0.002498351
69	0.133678799	0.004396409	0.002502055
70	0.133678799	0.004148634	0.002499413
71	0.133678799	0.003890130	0.002490219
72	0.133678799	0.003621319	0.002474322
73	0.133678799	0.003342625	0.002451612
74	0.133678799	0.003054475	0.002422021
75	0.133678799	0.002757292	0.002385517
76	0.133678799	0.002451499	0.002342097
77	0.133678799	0.002137517	0.002291791
78	0.133678799	0.001815766	0.002234651
79	0.133678799	0.001486662	0.002170754
80	0.133678799	0.001150621	0.002100201
81	0.133678799	0.000808054	0.002023109
82	0.133678799	0.000459371	0.001939617
83	0.133678799	0.000104980	0.001849880
84	0.133678799	-0.000254716	0.001754070
85	0.133678799	-0.000619315	0.001652374
86	0.133678799	-0.000988418	0.001544996
87	0.133678799	-0.001361633	0.001432154
88	0.133678799	-0.001738567	0.001314081
89	0.133678799	-0.002118834	0.001191026
90	0.133678799	-0.002501099	0.001058354
91	0.133678799	-0.002886376	0.000923474
92	0.133678799	-0.003273611	0.000783177
93	0.133678799	-0.003662342	0.000637252
94	0.133678799	-0.004052079	0.000485328
95	0.133678799	-0.004442299	0.000326826
96	0.133678799	-0.004832436	0.000160905
97	0.133678799	-0.005221872	-0.000013605
98	0.133678799	-0.005609927	-0.000198266
99	0.133678799	-0.005968556	-0.000386368
1	0.135046950	-0.005720823	-0.000321154
2	0.135046950	-0.005319805	-0.000281589
3	0.135046950	-0.004920589	-0.000234798
4	0.135046950	-0.004523355	-0.000182078
5	0.135046950	-0.004128144	-0.000125441
6	0.135046950	-0.003735088	-0.000066420
7	0.135046950	-0.003344387	-0.000006160
8	0.135046950	-0.002956300	0.000054501
9	0.135046950	-0.002571125	0.000114968
10	0.135046950	-0.002189191	0.000174831
11	0.135046950	-0.001810228	0.000230594
12	0.135046950	-0.001436074	0.000289717
13	0.135046950	-0.001066173	0.000347289
14	0.135046950	-0.000700932	0.000403404
15	0.135046950	-0.000340750	0.000458148
16	0.135046950	0.000013983	0.000511601
17	0.135046950	0.000362881	0.000563838
18	0.135046950	0.000705568	0.000614924
19	0.135046950	0.001041676	0.000664920
20	0.135046950	0.001370842	0.000713880
21	0.135046950	0.001692714	0.000761852
22	0.135046950	0.002006947	0.000808880
23	0.135046950	0.002313205	0.000855005
24	0.135046950	0.002611160	0.000900262
25	0.135046950	0.002900494	0.000944685
26	0.135046950	0.003180896	0.000988305
27	0.135046950	0.003452065	0.001031150
28	0.135046950	0.003713709	0.001073250
29	0.135046950	0.003965546	0.001114632
30	0.135046950	0.004207301	0.001155326
31	0.135046950	0.004438710	0.001195363
32	0.135046950	0.004659514	0.001234779
33	0.135046950	0.004869466	0.001273613
34	0.135046950	0.005068323	0.001311918
35	0.135046950	0.005255847	0.001349755
36	0.135046950	0.005431802	0.001387209
37	0.135046950	0.005595949	0.001424394
38	0.135046950	0.005748035	0.001461478
39	0.135046950	0.005887775	0.001498712
40	0.135046950	0.006014817	0.001536514
41	0.135046950	0.006128586	0.001575690
42	0.135046950	0.006228506	0.001616640
43	0.135046950	0.006313946	0.001659375
44	0.135046950	0.006384150	0.001703604
45	0.135046950	0.006438277	0.001748505
46	0.135046950	0.006475767	0.001792241
47	0.135046950	0.006497442	0.001831502
48	0.135046950	0.006506834	0.001862174
49	0.135046950	0.006509425	0.001881276
50	0.135046950	0.006509740	0.001887700
51	0.135046950	0.006509774	0.001894304
52	0.135046950	0.006508129	0.001914029
53	0.135046950	0.006499945	0.001945931
54	0.135046950	0.006479265	0.001987069
55	0.135046950	0.006442222	0.002033176
56	0.135046950	0.006387877	0.002080722
57	0.135046950	0.006316756	0.002127628
58	0.135046950	0.006229672	0.002172770
59	0.135046950	0.006127345	0.002215464
60	0.135046950	0.006010386	0.002255269
61	0.135046950	0.005879602	0.002292945
62	0.135046950	0.005735479	0.002328696
63	0.135046950	0.005578165	0.002361681
64	0.135046950	0.005407884	0.002391158
65	0.135046950	0.005224912	0.002416478
66	0.135046950	0.005029569	0.002437089
67	0.135046950	0.004822205	0.002452521
68	0.135046950	0.004603193	0.002462387
69	0.135046950	0.004372922	0.002466366
70	0.135046950	0.004131792	0.002464205
71	0.135046950	0.003880209	0.002455703
72	0.135046950	0.003618584	0.002440712
73	0.135046950	0.003347328	0.002419124
74	0.135046950	0.003066854	0.002390875
75	0.135046950	0.002777575	0.002355932
76	0.135046950	0.002479900	0.002314294
77	0.135046950	0.002174241	0.002265988
78	0.135046950	0.001861002	0.002211067
79	0.135046950	0.001540591	0.002149607
80	0.135046950	0.001213409	0.002081704
81	0.135046950	0.000879857	0.002007475
82	0.135046950	0.000540333	0.001927053
83	0.135046950	0.000195234	0.001840589
84	0.135046950	-0.000155048	0.001748251
85	0.135046950	-0.000510124	0.001650222
86	0.135046950	-0.000869605	0.001546700
87	0.135046950	-0.001233107	0.001437895
88	0.135046950	-0.001600252	0.001324035
89	0.135046950	-0.001970663	0.001205361
90	0.135046950	-0.002343023	0.001077229
91	0.135046950	-0.002718342	0.000947042
92	0.135046950	-0.003095585	0.000811580
93	0.135046950	-0.003474298	0.000670624
94	0.135046950	-0.003854001	0.000523790
95	0.135046950	-0.004234181	0.000370489
96	0.135046950	-0.004614283	0.000209866
97	0.135046950	-0.004993698	0.000040739
98	0.135046950	-0.005371758	-0.000138471
99	0.135046950	-0.005720823	-0.000321154
1	0.136381232	-0.005473849	-0.000257879
2	0.136381232	-0.005083525	-0.000221314
3	0.136381232	-0.004694999	-0.000177415
4	0.136381232	-0.004308437	-0.000127508
5	0.136381232	-0.003923872	-0.000073599
6	0.136381232	-0.003541427	-0.000017217
7	0.136381232	-0.003161295	0.000040494
8	0.136381232	-0.002783721	0.000098697
9	0.136381232	-0.002408993	0.000156794
10	0.136381232	-0.002037431	0.000214372
11	0.136381232	-0.001668756	0.000267930
12	0.136381232	-0.001304783	0.000324930
13	0.136381232	-0.000944953	0.000380452
14	0.136381232	-0.000589660	0.000434585
15	0.136381232	-0.000239292	0.000487410
16	0.136381232	0.000105772	0.000539005
17	0.136381232	0.000445159	0.000589437
18	0.136381232	0.000778501	0.000638768
19	0.136381232	0.001105442	0.000687055
20	0.136381232	0.001425630	0.000734347
21	0.136381232	0.001738722	0.000780688
22	0.136381232	0.002044384	0.000826120
23	0.136381232	0.002342289	0.000870679
24	0.136381232	0.002632119	0.000914396
25	0.136381232	0.002913563	0.000957303
26	0.136381232	0.003186322	0.000999427
27	0.136381232	0.003450103	0.001040795
28	0.136381232	0.003704622	0.001081431
29	0.136381232	0.003949605	0.001121362
30	0.136381232	0.004184785	0.001160614
31	0.136381232	0.004409906	0.001199216
32	0.136381232	0.004624718	0.001237200
33	0.136381232	0.004828980	0.001274604
34	0.136381232	0.005022456	0.001311477
35	0.136381232	0.005204918	0.001347879
36	0.136381232	0.005376135	0.001383890
37	0.136381232	0.005535878	0.001419624
38	0.136381232	0.005683902	0.001455242
39	0.136381232	0.005819932	0.001490997
40	0.136381232	0.005943624	0.001527308
41	0.136381232	0.006054420	0.001564980
42	0.136381232	0.006151779	0.001604369
43	0.136381232	0.006235108	0.001645468
44	0.136381232	0.006303685	0.001688009
45	0.136381232	0.006356692	0.001731237
46	0.136381232	0.006393554	0.001773428
47	0.136381232	0.006414991	0.001811413
48	0.136381232	0.006424361	0.001841170
49	0.136381232	0.006426991	0.001859732
50	0.136381232	0.006427328	0.001865979
51	0.136381232	0.006427388	0.001872402
52	0.136381232	0.006425844	0.001891590
53	0.136381232	0.006417910	0.001922622
54	0.136381232	0.006397762	0.001962612
55	0.136381232	0.006361680	0.002007411
56	0.136381232	0.006308805	0.002053631
57	0.136381232	0.006239665	0.002099298
58	0.136381232	0.006155039	0.002143338
59	0.136381232	0.006055602	0.002185060
60	0.136381232	0.005941907	0.002223933
61	0.136381232	0.005814732	0.002260649
62	0.136381232	0.005674589	0.002295525
63	0.136381232	0.005521619	0.002327746
64	0.136381232	0.005356039	0.002356588
65	0.136381232	0.005178115	0.002381424
66	0.136381232	0.004988155	0.002401714
67	0.136381232	0.004786500	0.002417001
68	0.136381232	0.004573509	0.002426908
69	0.136381232	0.004349561	0.002431123
70	0.136381232	0.004115041	0.002429398
71	0.136381232	0.003870345	0.002421539
72	0.136381232	0.003615871	0.002407401
73	0.136381232	0.003352017	0.002386880
74	0.136381232	0.003079186	0.002359913
75	0.136381232	0.002797776	0.002326469
76	0.136381232	0.002508187	0.002286547
77	0.136381232	0.002210815	0.002240174
78	0.136381232	0.001906057	0.002187403
79	0.136381232	0.001594304	0.002128306
80	0.136381232	0.001275949	0.002062979
81	0.136381232	0.000951380	0.001991534
82	0.136381232	0.000620984	0.001914103
83	0.136381232	0.000285146	0.001830833
84	0.136381232	-0.000055754	0.001741886
85	0.136381232	-0.000401336	0.001647441
86	0.136381232	-0.000751224	0.001547688
87	0.136381232	-0.001105044	0.001442835
88	0.136381232	-0.001462428	0.001333100
89	0.136381232	-0.001823009	0.001218718
90	0.136381232	-0.002185491	0.001095036
91	0.136381232	-0.002550879	0.000969450
92	0.136381232	-0.002918154	0.000838731
93	0.136381232	-0.003286873	0.000702648
94	0.136381232	-0.003656565	0.000560810
95	0.136381232	-0.004026728	0.000412614
96	0.136381232	-0.004396815	0.000257192
97	0.136381232	-0.004766229	0.000093349
98	0.136381232	-0.005134310	-0.000080510
99	0.136381232	-0.005473849	-0.000257879
1	0.137677731	-0.005228814	-0.000196713
2	0.137677731	-0.004849074	-0.000163076
3	0.137677731	-0.004471133	-0.000121987
4	0.137677731	-0.004095138	-0.000074806
5	0.137677731	-0.003721117	-0.000023534
6	0.137677731	-0.003349183	0.000030302
7	0.137677731	-0.002979517	0.000085559
8	0.137677731	-0.002612356	0.000141398
9	0.137677731	-0.002247977	0.000197220
10	0.137677731	-0.001886687	0.000252608
11	0.137677731	-0.001528202	0.000304052
12	0.137677731	-0.001174312	0.000359019
13	0.137677731	-0.000824456	0.000412578
14	0.137677731	-0.000479015	0.000464813
15	0.137677731	-0.000138365	0.000515802
16	0.137677731	0.000197124	0.000565617
17	0.137677731	0.000527091	0.000614320
18	0.137677731	0.000851180	0.000661970
19	0.137677731	0.001169044	0.000708617
20	0.137677731	0.001480342	0.000754309
21	0.137677731	0.001784741	0.000799085
22	0.137677731	0.002081916	0.000842984
23	0.137677731	0.002371550	0.000886037
24	0.137677731	0.002653335	0.000928274
25	0.137677731	0.002926969	0.000969722
26	0.137677731	0.003192160	0.001010406
27	0.137677731	0.003448625	0.001050350
28	0.137677731	0.003696088	0.001089577
29	0.137677731	0.003934283	0.001128108
30	0.137677731	0.004162953	0.001165970
31	0.137677731	0.004381846	0.001203187
32	0.137677731	0.004590723	0.001239790
33	0.137677731	0.004789348	0.001275816
34	0.137677731	0.004977495	0.001311309
35	0.137677731	0.005154939	0.001346327
36	0.137677731	0.005321462	0.001380950
37	0.137677731	0.005476838	0.001415286
38	0.137677731	0.005620832	0.001449498
39	0.137677731	0.005753177	0.001483835
40	0.137677731	0.005873536	0.001518720
41	0.137677731	0.005981375	0.001554948
42	0.137677731	0.006076180	0.001592837
43	0.137677731	0.006157394	0.001632362
44	0.137677731	0.006224333	0.001673273
45	0.137677731	0.006276205	0.001714872
46	0.137677731	0.006312427	0.001755545
47	0.137677731	0.006333621	0.001792267
48	0.137677731	0.006342967	0.001821117
49	0.137677731	0.006345634	0.001839145
50	0.137677731	0.006345991	0.001845216
51	0.137677731	0.006346075	0.001851459
52	0.137677731	0.006344627	0.001870115
53	0.137677731	0.006336927	0.001900282
54	0.137677731	0.006317276	0.001939123
55	0.137677731	0.006282107	0.001982594
56	0.137677731	0.006230645	0.002027452
57	0.137677731	0.006163426	0.002071831
58	0.137677731	0.006081200	0.002114713
59	0.137677731	0.005984601	0.002155419
60	0.137677731	0.005874128	0.002193345
61	0.137677731	0.005750527	0.002229101
62	0.137677731	0.005614320	0.002263099
63	0.137677731	0.005465649	0.002294548
64	0.137677731	0.005304720	0.002322746
65	0.137677731	0.005131791	0.002347080
66	0.137677731	0.004947159	0.002367027
67	0.137677731	0.004751154	0.002382143
68	0.137677731	0.004544124	0.002392058
69	0.137677731	0.004326434	0.002396471
70	0.137677731	0.004098461	0.002395140
71	0.137677731	0.003860585	0.002387877
72	0.137677731	0.003613194	0.002374539
73	0.137677731	0.003356674	0.002355029
74	0.137677731	0.003091415	0.002329283
75	0.137677731	0.002817804	0.002297273
76	0.137677731	0.002536228	0.002258998
77	0.137677731	0.002247071	0.002214487
78	0.137677731	0.001950719	0.002163789
79	0.137677731	0.001647551	0.002106977
80	0.137677731	0.001337948	0.002044144
81	0.137677731	0.001022288	0.001975400
82	0.137677731	0.000700944	0.001900873
83	0.137677731	0.000374291	0.001820706
84	0.137677731	0.000042698	0.001735057
85	0.137677731	-0.000293466	0.001644099
86	0.137677731	-0.000633836	0.001548019
87	0.137677731	-0.000978049	0.001447017
88	0.137677731	-0.001325747	0.001341305
89	0.137677731	-0.001676574	0.001231110
90	0.137677731	-0.002029251	0.001111772
91	0.137677731	-0.002384782	0.000990679
92	0.137677731	-0.002742162	0.000864592
93	0.137677731	-0.003100959	0.000733272
94	0.137677731	-0.003460712	0.000596316
95	0.137677731	-0.003820927	0.000453108
96	0.137677731	-0.004181068	0.000302771
97	0.137677731	-0.004540548	0.000144094
98	0.137677731	-0.004898715	-0.000024534
99	0.137677731	-0.005228814	-0.000196713
1	0.138932644	-0.004986917	-0.000137816
2	0.138932644	-0.004617606	-0.000107025
3	0.138932644	-0.004250094	-0.000068657
4	0.138932644	-0.003884514	-0.000024109
5	0.138932644	-0.003520885	0.000024622
6	0.138932644	-0.003159311	0.000076010
7	0.138932644	-0.002799962	0.000128912
8	0.138932644	-0.002443066	0.000182487
9	0.138932644	-0.002088888	0.000236132
10	0.138932644	-0.001737723	0.000289426
11	0.138932644	-0.001389281	0.000338851
12	0.138932644	-0.001045331	0.000391876
13	0.138932644	-0.000705305	0.000443562
14	0.138932644	-0.000369574	0.000493987
15	0.138932644	-0.000038503	0.000543224
16	0.138932644	0.000287551	0.000591340
17	0.138932644	0.000608235	0.000638393
18	0.138932644	0.000923205	0.000684437
19	0.138932644	0.001232123	0.000729519
20	0.138932644	0.001534660	0.000773681
21	0.138932644	0.001830492	0.000816962
22	0.138932644	0.002119304	0.000859393
23	0.138932644	0.002400788	0.000901005
24	0.138932644	0.002674644	0.000941824
25	0.138932644	0.002940581	0.000981874
26	0.138932644	0.003198314	0.001021178
27	0.138932644	0.003447570	0.001059756
28	0.138932644	0.003688079	0.001097630
29	0.138932644	0.003919585	0.001134818
30	0.138932644	0.004141837	0.001171345
31	0.138932644	0.004354593	0.001207233
32	0.138932644	0.004557619	0.001242510
33	0.138932644	0.004750687	0.001277212
34	0.138932644	0.004933578	0.001311380
35	0.138932644	0.005106075	0.001345070
36	0.138932644	0.005267966	0.001378360
37	0.138932644	0.005419033	0.001411356
38	0.138932644	0.005559049	0.001444220
39	0.138932644	0.005687754	0.001477201
40	0.138932644	0.005804817	0.001510728
41	0.138932644	0.005909727	0.001545577
42	0.138932644	0.006001997	0.001582035
43	0.138932644	0.006081105	0.001620056
44	0.138932644	0.006146402	0.001659402
45	0.138932644	0.006197128	0.001699427
46	0.138932644	0.006232695	0.001738620
47	0.138932644	0.006253637	0.001774101
48	0.138932644	0.006262954	0.001802058
49	0.138932644	0.006265658	0.001819560
50	0.138932644	0.006266034	0.001825457
51	0.138932644	0.006266142	0.001831523
52	0.138932644	0.006264784	0.001849654
53	0.138932644	0.006257305	0.001878967
54	0.138932644	0.006238125	0.001916663
55	0.138932644	0.006203824	0.001958801
56	0.138932644	0.006153718	0.002002274
57	0.138932644	0.006088355	0.002045328
58	0.138932644	0.006008461	0.002087008
59	0.138932644	0.005914637	0.002126657
60	0.138932644	0.005807331	0.002163625
61	0.138932644	0.005687248	0.002198426
62	0.138932644	0.005554918	0.002231547
63	0.138932644	0.005410479	0.002262220
64	0.138932644	0.005254130	0.002289764
65	0.138932644	0.005086120	0.002313584
66	0.138932644	0.004906736	0.002333169
67	0.138932644	0.004716296	0.002348088
68	0.138932644	0.004515139	0.002357982
69	0.138932644	0.004303617	0.002362557
70	0.138932644	0.004082094	0.002361578
71	0.138932644	0.003850941	0.002354863
72	0.138932644	0.003610532	0.002342275
73	0.138932644	0.003361243	0.002323717
74	0.138932644	0.003103450	0.002299130
75	0.138932644	0.002837530	0.002268487
76	0.138932644	0.002563856	0.002231788
77	0.138932644	0.002282804	0.002189062
78	0.138932644	0.001994744	0.002140357
79	0.138932644	0.001700047	0.002085746
80	0.138932644	0.001399081	0.002025318
81	0.138932644	0.001092211	0.001959182
82	0.138932644	0.000779802	0.001887463
83	0.138932644	0.000462214	0.001810299
84	0.138932644	0.000139809	0.001727845
85	0.138932644	-0.000187057	0.001640269
86	0.138932644	-0.000518030	0.001547751
87	0.138932644	-0.000852758	0.001450487
88	0.138932644	-0.001190892	0.001348682
89	0.138932644	-0.001532086	0.001242556
90	0.138932644	-0.001875078	0.001127439
91	0.138932644	-0.002220873	0.001010715
92	0.138932644	-0.002568479	0.000889134
93	0.138932644	-0.002917474	0.000762447
94	0.138932644	-0.003267406	0.000630240
95	0.138932644	-0.003617791	0.000491889
96	0.138932644	-0.003968104	0.000346500
97	0.138932644	-0.004317765	0.000192850
98	0.138932644	-0.004666132	0.000029314
99	0.138932644	-0.004986917	-0.000137816
1	0.140142291	-0.004749375	-0.000081338
2	0.140142291	-0.004390286	-0.000053302
3	0.140142291	-0.004033000	-0.000017560
4	0.140142291	-0.003677633	0.000024455
5	0.140142291	-0.003324195	0.000070747
6	0.140142291	-0.002972780	0.000119790
7	0.140142291	-0.002623550	0.000170440
8	0.140142291	-0.002276721	0.000221853
9	0.140142291	-0.001932547	0.000273422
10	0.140142291	-0.001591313	0.000324720
11	0.140142291	-0.001252721	0.000372224
12	0.140142291	-0.000918518	0.000423403
13	0.140142291	-0.000588132	0.000473307
14	0.140142291	-0.000261924	0.000522011
15	0.140142291	0.000059754	0.000569583
16	0.140142291	0.000376554	0.000616083
17	0.140142291	0.000688136	0.000661567
18	0.140142291	0.000994164	0.000706084
19	0.140142291	0.001294311	0.000749677
20	0.140142291	0.001588257	0.000792384
21	0.140142291	0.001875689	0.000834240
22	0.140142291	0.002156300	0.000875273
23	0.140142291	0.002429793	0.000915512
24	0.140142291	0.002695875	0.000954978
25	0.140142291	0.002954264	0.000993695
26	0.140142291	0.003204685	0.001031681
27	0.140142291	0.003446870	0.001068955
28	0.140142291	0.003680562	0.001105535
29	0.140142291	0.003905508	0.001141441
30	0.140142291	0.004121467	0.001176691
31	0.140142291	0.004328203	0.001211308
32	0.140142291	0.004525490	0.001245318
33	0.140142291	0.004713107	0.001278752
34	0.140142291	0.004890842	0.001311653
35	0.140142291	0.005058486	0.001344074
36	0.140142291	0.005215831	0.001376090
37	0.140142291	0.005362668	0.001407806
38	0.140142291	0.005498776	0.001439383
39	0.140142291	0.005623905	0.001471071
40	0.140142291	0.005737725	0.001503307
41	0.140142291	0.005839751	0.001536847
42	0.140142291	0.005929519	0.001571946
43	0.140142291	0.006006539	0.001608538
44	0.140142291	0.006070198	0.001646393
45	0.140142291	0.006119769	0.001684909
46	0.140142291	0.006154667	0.001722671
47	0.140142291	0.006175345	0.001756944
48	0.140142291	0.006184628	0.001784024
49	0.140142291	0.006187366	0.001801010
50	0.140142291	0.006187760	0.001806737
51	0.140142291	0.006187891	0.001812629
52	0.140142291	0.006186621	0.001830246
53	0.140142291	0.006179353	0.001858719
54	0.140142291	0.006160621	0.001895286
55	0.140142291	0.006127149	0.001936098
56	0.140142291	0.006078344	0.001978181
57	0.140142291	0.006014769	0.002019887
58	0.140142291	0.005937133	0.002060332
59	0.140142291	0.005846005	0.002098891
60	0.140142291	0.005741794	0.002134891
61	0.140142291	0.005625158	0.002168744
62	0.140142291	0.005496626	0.002200993
63	0.140142291	0.005356333	0.002230891
64	0.140142291	0.005204472	0.002257777
65	0.140142291	0.005041282	0.002281072
66	0.140142291	0.004867041	0.002300279
67	0.140142291	0.004682057	0.002314980
68	0.140142291	0.004486656	0.002324824
69	0.140142291	0.004281180	0.002329527
70	0.140142291	0.004065983	0.002328861
71	0.140142291	0.003841423	0.002322648
72	0.140142291	0.003607862	0.002310756
73	0.140142291	0.003365666	0.002293093
74	0.140142291	0.003115198	0.002269601
75	0.140142291	0.002856824	0.002240256
76	0.140142291	0.002590906	0.002205059
77	0.140142291	0.002317807	0.002164037
78	0.140142291	0.002037887	0.002117241
79	0.140142291	0.001751505	0.002064739
80	0.140142291	0.001459017	0.002006622
81	0.140142291	0.001160778	0.001942995
82	0.140142291	0.000857142	0.001873978
83	0.140142291	0.000548458	0.001799708
84	0.140142291	0.000235075	0.001720336
85	0.140142291	-0.000082660	0.001636023
86	0.140142291	-0.000404403	0.001546947
87	0.140142291	-0.000729812	0.001453295
88	0.140142291	-0.001058549	0.001355267
89	0.140142291	-0.001390279	0.001253077
90	0.140142291	-0.001723756	0.001142045
91	0.140142291	-0.002059983	0.001029549
92	0.140142291	-0.002397984	0.000912330
93	0.140142291	-0.002737344	0.000790130
94	0.140142291	-0.003077623	0.000662525
95	0.140142291	-0.003418346	0.000528878
96	0.140142291	-0.003758995	0.000388284
97	0.140142291	-0.004099000	0.000239506
98	0.140142291	-0.004437729	0.000080903
99	0.140142291	-0.004749375	-0.000081338
1	0.141303123	-0.004517407	-0.000027418
2	0.141303123	-0.004168285	-0.000002037
3	0.141303123	-0.003820971	0.000031183
4	0.141303123	-0.003475565	0.000070769
5	0.141303123	-0.003132067	0.000114728
6	0.141303123	-0.002790563	0.000161534
7	0.141303123	-0.002451205	0.000210039
8	0.141303123	-0.002114196	0.000259395
9	0.141303123	-0.001779782	0.000308991
10	0.141303123	-0.001448235	0.000358396
11	0.141303123	-0.001119251	0.000404078
12	0.141303123	-0.000794556	0.000453506
13	0.141303123	-0.000473575	0.000501723
14	0.141303123	-0.000156655	0.000548797
15	0.141303123	0.000155861	0.000594792
16	0.141303123	0.000463635	0.000639763
17	0.141303123	0.000766337	0.000683761
18	0.141303123	0.001063643	0.000726832
19	0.141303123	0.001355235	0.000769014
20	0.141303123	0.001640803	0.000810341
21	0.141303123	0.001920042	0.000850846
22	0.141303123	0.002192654	0.000890554
23	0.141303123	0.002458352	0.000929489
24	0.141303123	0.002716852	0.000967672
25	0.141303123	0.002967879	0.001005121
26	0.141303123	0.003211168	0.001041855
27	0.141303123	0.003446458	0.001077890
28	0.141303123	0.003673498	0.001113241
29	0.141303123	0.003892046	0.001147925
30	0.141303123	0.004101865	0.001181961
31	0.141303123	0.004302729	0.001215368
32	0.141303123	0.004494417	0.001248171
33	0.141303123	0.004676717	0.001280400
34	0.141303123	0.004849421	0.001312094
35	0.141303123	0.005012327	0.001343306
36	0.141303123	0.005165234	0.001374108
37	0.141303123	0.005307942	0.001404606
38	0.141303123	0.005440234	0.001434958
39	0.141303123	0.005561867	0.001465418
40	0.141303123	0.005672518	0.001496430
41	0.141303123	0.005771719	0.001528734
42	0.141303123	0.005859031	0.001562547
43	0.141303123	0.005933994	0.001597789
44	0.141303123	0.005996028	0.001634235
45	0.141303123	0.006044441	0.001671316
46	0.141303123	0.006078655	0.001707708
47	0.141303123	0.006099053	0.001740811
48	0.141303123	0.006108294	0.001767040
49	0.141303123	0.006111060	0.001783522
50	0.141303123	0.006111473	0.001789083
51	0.141303123	0.006111624	0.001794806
52	0.141303123	0.006110438	0.001811920
53	0.141303123	0.006103374	0.001839574
54	0.141303123	0.006085072	0.001875035
55	0.141303123	0.006052396	0.001914541
56	0.141303123	0.006004838	0.001955243
57	0.141303123	0.005942983	0.001995597
58	0.141303123	0.005867523	0.002034789
59	0.141303123	0.005779004	0.002072233
60	0.141303123	0.005677801	0.002107258
61	0.141303123	0.005564521	0.002140176
62	0.141303123	0.005439689	0.002171560
63	0.141303123	0.005303437	0.002200687
64	0.141303123	0.005155950	0.002226914
65	0.141303123	0.004997459	0.002249677
66	0.141303123	0.004828232	0.002268494
67	0.141303123	0.004648566	0.002282957
68	0.141303123	0.004458778	0.002292727
69	0.141303123	0.004259199	0.002297526
70	0.141303123	0.004050171	0.002297133
71	0.141303123	0.003832042	0.002291377
72	0.141303123	0.003605163	0.002280130
73	0.141303123	0.003369887	0.002263304
74	0.141303123	0.003126567	0.002240843
75	0.141303123	0.002875558	0.002212724
76	0.141303123	0.002617210	0.002178951
77	0.141303123	0.002351875	0.002139551
78	0.141303123	0.002079901	0.002094573
79	0.141303123	0.001801637	0.002044086
80	0.141303123	0.001517429	0.001988178
81	0.141303123	0.001227618	0.001926952
82	0.141303123	0.000932549	0.001860526
83	0.141303123	0.000632561	0.001789032
84	0.141303123	0.000327991	0.001712618
85	0.141303123	0.000019177	0.001631441
86	0.141303123	-0.000293549	0.001545673
87	0.141303123	-0.000609854	0.001455494
88	0.141303123	-0.000929410	0.001361101
89	0.141303123	-0.001251892	0.001262700
90	0.141303123	-0.001576069	0.001155602
91	0.141303123	-0.001902945	0.001047179
92	0.141303123	-0.002231557	0.000934164
93	0.141303123	-0.002561500	0.000816289
94	0.141303123	-0.002892342	0.000693119
95	0.141303123	-0.003223618	0.000564007
96	0.141303123	-0.003554818	0.000428037
97	0.141303123	-0.003885380	0.000283958
98	0.141303123	-0.004214681	0.000130112
99	0.141303123	-0.004517407	-0.000027418
1	0.142411735	-0.004292226	0.000023815
2	0.142411735	-0.003952768	0.000046648
3	0.142411735	-0.003615124	0.000077457
4	0.142411735	-0.003279378	0.000114727
5	0.142411735	-0.002945521	0.000156465
6	0.142411735	-0.002613629	0.000201144
7	0.142411735	-0.002283845	0.000247613
8	0.142411735	-0.001956363	0.000295020
9	0.142411735	-0.001631415	0.000342750
10	0.142411735	-0.001309264	0.000390365
11	0.142411735	-0.000989599	0.000434326
12	0.142411735	-0.000674127	0.000482103
13	0.142411735	-0.000362267	0.000528728
14	0.142411735	-0.000054356	0.000574265
15	0.142411735	0.000249273	0.000618773
16	0.142411735	0.000548293	0.000662302
17	0.142411735	0.000842384	0.000704900
18	0.142411735	0.001131231	0.000746606
19	0.142411735	0.001414526	0.000787457
20	0.142411735	0.001691968	0.000827483
21	0.142411735	0.001963260	0.000866713
22	0.142411735	0.002228116	0.000905169
23	0.142411735	0.002486254	0.000942873
24	0.142411735	0.002737401	0.000979843
25	0.142411735	0.002981289	0.001016095
26	0.142411735	0.003217659	0.001051645
27	0.142411735	0.003446262	0.001086507
28	0.142411735	0.003666851	0.001120695
29	0.142411735	0.003879193	0.001154223
30	0.142411735	0.004083058	0.001187109
31	0.142411735	0.004278225	0.001219370
32	0.142411735	0.004464483	0.001251030
33	0.142411735	0.004641623	0.001282116
34	0.142411735	0.004809445	0.001312666
35	0.142411735	0.004967754	0.001342732
36	0.142411735	0.005116356	0.001372385
37	0.142411735	0.005255054	0.001401728
38	0.142411735	0.005383641	0.001430919
39	0.142411735	0.005501879	0.001460215
40	0.142411735	0.005609449	0.001490070
41	0.142411735	0.005705900	0.001521209
42	0.142411735	0.005790817	0.001553814
43	0.142411735	0.005863766	0.001587788
44	0.142411735	0.005924199	0.001622908
45	0.142411735	0.005971456	0.001658638
46	0.142411735	0.006004974	0.001693729
47	0.142411735	0.006025074	0.001725711
48	0.142411735	0.006034259	0.001751117
49	0.142411735	0.006037049	0.001767111
50	0.142411735	0.006037477	0.001772512
51	0.142411735	0.006037649	0.001778070
52	0.142411735	0.006036543	0.001794697
53	0.142411735	0.006029675	0.001821556
54	0.142411735	0.006011787	0.001855944
55	0.142411735	0.005979876	0.001894177
56	0.142411735	0.005933516	0.001933522
57	0.142411735	0.005873311	0.001972537
58	0.142411735	0.005799940	0.002010471
59	0.142411735	0.005713930	0.002046788
60	0.142411735	0.005615632	0.002080835
61	0.142411735	0.005505604	0.002112834
62	0.142411735	0.005384357	0.002143367
63	0.142411735	0.005252020	0.002171731
64	0.142411735	0.005108772	0.002197301
65	0.142411735	0.004954834	0.002219530
66	0.142411735	0.004790467	0.002237947
67	0.142411735	0.004615957	0.002252157
68	0.142411735	0.004431611	0.002261829
69	0.142411735	0.004237750	0.002266695
70	0.142411735	0.004034706	0.002266539
71	0.142411735	0.003822814	0.002261196
72	0.142411735	0.003602416	0.002250543
73	0.142411735	0.003373854	0.002234494
74	0.142411735	0.003137470	0.002212998
75	0.142411735	0.002893607	0.002186034
76	0.142411735	0.002642605	0.002153605
77	0.142411735	0.002384805	0.002115739
78	0.142411735	0.002120546	0.002072486
79	0.142411735	0.001850162	0.002023914
80	0.142411735	0.001573991	0.001970108
81	0.142411735	0.001292364	0.001911169
82	0.142411735	0.001005614	0.001847214
83	0.142411735	0.000714069	0.001778371
84	0.142411735	0.000418059	0.001704782
85	0.142411735	0.000117908	0.001626603
86	0.142411735	-0.000186059	0.001543998
87	0.142411735	-0.000493520	0.001457144
88	0.142411735	-0.000804158	0.001366231
89	0.142411735	-0.001117655	0.001271458
90	0.142411735	-0.001432796	0.001168128
91	0.142411735	-0.001750586	0.001063609
92	0.142411735	-0.002070075	0.000954624
93	0.142411735	-0.002390866	0.000840895
94	0.142411735	-0.002712536	0.000721979
95	0.142411735	-0.003034628	0.000597218
96	0.142411735	-0.003356642	0.000465683
97	0.142411735	-0.003678023	0.000326110
98	0.142411735	-0.003998157	0.000176827
99	0.142411735	-0.004292226	0.000023815
1	0.143464876	-0.004075030	0.000072242
2	0.143464876	-0.003744884	0.000092645
3	0.143464876	-0.003416559	0.000121159
4	0.143464876	-0.003090123	0.000156229
5	0.143464876	-0.002765559	0.000195864
6	0.143464876	-0.002442934	0.000238531
7	0.143464876	-0.002122379	0.000283078
8	0.143464876	-0.001804079	0.000328647
9	0.143464876	-0.001488257	0.000374619
10	0.143464876	-0.001175164	0.000420550
11	0.143464876	-0.000864482	0.000462893
12	0.143464876	-0.000557901	0.000509117
13	0.143464876	-0.000254833	0.000554247
14	0.143464876	0.000044393	0.000598342
15	0.143464876	0.000339456	0.000641454
16	0.143464876	0.000630038	0.000683631
17	0.143464876	0.000915829	0.000724914
18	0.143464876	0.001196522	0.000765340
19	0.143464876	0.001471820	0.000804942
20	0.143464876	0.001741428	0.000843746
21	0.143464876	0.002005062	0.000881779
22	0.143464876	0.002262441	0.000919059
23	0.143464876	0.002513292	0.000955606
24	0.143464876	0.002757351	0.000991436
25	0.143464876	0.002994357	0.001026562
26	0.143464876	0.003224060	0.001060998
27	0.143464876	0.003446215	0.001094756
28	0.143464876	0.003660587	0.001127849
29	0.143464876	0.003866946	0.001160290
30	0.143464876	0.004065071	0.001192092
31	0.143464876	0.004254747	0.001223274
32	0.143464876	0.004435768	0.001253855
33	0.143464876	0.004607933	0.001283864
34	0.143464876	0.004771049	0.001313336
35	0.143464876	0.004924925	0.001342321
36	0.143464876	0.005069373	0.001370888
37	0.143464876	0.005204204	0.001399141
38	0.143464876	0.005329216	0.001427237
39	0.143464876	0.005444177	0.001455435
40	0.143464876	0.005548773	0.001484201
41	0.143464876	0.005642565	0.001514247
42	0.143464876	0.005725161	0.001545719
43	0.143464876	0.005796151	0.001578509
44	0.143464876	0.005855017	0.001612392
45	0.143464876	0.005901130	0.001646858
46	0.143464876	0.005933942	0.001680726
47	0.143464876	0.005953725	0.001711644
48	0.143464876	0.005962839	0.001736262
49	0.143464876	0.005965645	0.001751786
50	0.143464876	0.005966086	0.001757032
51	0.143464876	0.005966276	0.001762432
52	0.143464876	0.005965244	0.001778589
53	0.143464876	0.005958564	0.001804682
54	0.143464876	0.005941077	0.001838035
55	0.143464876	0.005909903	0.001875039
56	0.143464876	0.005864693	0.001913070
57	0.143464876	0.005806065	0.001950773
58	0.143464876	0.005734692	0.001987465
59	0.143464876	0.005651085	0.002022654
60	0.143464876	0.005555575	0.002055725
61	0.143464876	0.005448674	0.002086826
62	0.143464876	0.005330879	0.002116524
63	0.143464876	0.005202313	0.002144137
64	0.143464876	0.005063147	0.002169058
65	0.143464876	0.004913596	0.002190753
66	0.143464876	0.004753910	0.002208766
67	0.143464876	0.004584368	0.002222710
68	0.143464876	0.004405266	0.002232265
69	0.143464876	0.004216916	0.002237170
70	0.143464876	0.004019639	0.002237216
71	0.143464876	0.003813760	0.002232244
72	0.143464876	0.003599611	0.002222134
73	0.143464876	0.003377522	0.002206805
74	0.143464876	0.003147826	0.002186209
75	0.143464876	0.002910854	0.002160324
76	0.143464876	0.002666938	0.002129157
77	0.143464876	0.002416406	0.002092737
78	0.143464876	0.002159587	0.002051112
79	0.143464876	0.001896806	0.002004349
80	0.143464876	0.001628389	0.001952533
81	0.143464876	0.001354659	0.001895762
82	0.143464876	0.001075936	0.001834150
83	0.143464876	0.000792540	0.001767823
84	0.143464876	0.000504790	0.001696919
85	0.143464876	0.000213001	0.001621589
86	0.143464876	-0.000082511	0.001541993
87	0.143464876	-0.000381436	0.001458303
88	0.143464876	-0.000683464	0.001370703
89	0.143464876	-0.000988287	0.001279385
90	0.143464876	-0.001294704	0.001179646
91	0.143464876	-0.001603720	0.001078848
92	0.143464876	-0.001914398	0.000973703
93	0.143464876	-0.002226350	0.000863927
94	0.143464876	-0.002539161	0.000749067
95	0.143464876	-0.002852383	0.000628455
96	0.143464876	-0.003165522	0.000501150
97	0.143464876	-0.003478034	0.000365877
98	0.143464876	-0.003789310	0.000220948
99	0.143464876	-0.004075030	0.000072242
1	0.144459457	-0.003866992	0.000117754
2	0.144459457	-0.003545758	0.000135853
3	0.144459457	-0.003226354	0.000162196
4	0.144459457	-0.002908831	0.000195190
5	0.144459457	-0.002593164	0.000232841
6	0.144459457	-0.002279411	0.000273616
7	0.144459457	-0.001967694	0.000316356
8	0.144459457	-0.001658186	0.000360202
9	0.144459457	-0.001351101	0.000404526
10	0.144459457	-0.001046682	0.000448881
11	0.144459457	-0.000744601	0.000489710
12	0.144459457	-0.000446533	0.000534484
13	0.144459457	-0.000151884	0.000578217
14	0.144459457	0.000139028	0.000620964
15	0.144459457	0.000425889	0.000662773
16	0.144459457	0.000708392	0.000703686
17	0.144459457	0.000986235	0.000743742
18	0.144459457	0.001259122	0.000782973
19	0.144459457	0.001526762	0.000821409
20	0.144459457	0.001788872	0.000859073
21	0.144459457	0.002045173	0.000895987
22	0.144459457	0.002295393	0.000932169
23	0.144459457	0.002539268	0.000967635
24	0.144459457	0.002776540	0.001002398
25	0.144459457	0.003006957	0.001036472
26	0.144459457	0.003230276	0.001069866
27	0.144459457	0.003446259	0.001102592
28	0.144459457	0.003654677	0.001134660
29	0.144459457	0.003855307	0.001166082
30	0.144459457	0.004047935	0.001196870
31	0.144459457	0.004232353	0.001227040
32	0.144459457	0.004408360	0.001256611
33	0.144459457	0.004575761	0.001285610
34	0.144459457	0.004734369	0.001314071
35	0.144459457	0.004883999	0.001342042
36	0.144459457	0.005024469	0.001369591
37	0.144459457	0.005155594	0.001396820
38	0.144459457	0.005277180	0.001423887
39	0.144459457	0.005389000	0.001451053
40	0.144459457	0.005490744	0.001478797
41	0.144459457	0.005581984	0.001507821
42	0.144459457	0.005662347	0.001538238
43	0.144459457	0.005731448	0.001569927
44	0.144459457	0.005788791	0.001602664
45	0.144459457	0.005833780	0.001635956
46	0.144459457	0.005865882	0.001668684
47	0.144459457	0.005885330	0.001698603
48	0.144459457	0.005894355	0.001722472
49	0.144459457	0.005897167	0.001737549
50	0.144459457	0.005897619	0.001742647
51	0.144459457	0.005897823	0.001747894
52	0.144459457	0.005896857	0.001763601
53	0.144459457	0.005890357	0.001788960
54	0.144459457	0.005873258	0.001821324
55	0.144459457	0.005842793	0.001857155
56	0.144459457	0.005798684	0.001893925
57	0.144459457	0.005741561	0.001930362
58	0.144459457	0.005672090	0.001965842
59	0.144459457	0.005590768	0.001999919
60	0.144459457	0.005497916	0.002032022
61	0.144459457	0.005394006	0.002062251
62	0.144459457	0.005279512	0.002091136
63	0.144459457	0.005154552	0.002118016
64	0.144459457	0.005019291	0.002142298
65	0.144459457	0.004873937	0.002163465
66	0.144459457	0.004718731	0.002181072
67	0.144459457	0.004553943	0.002194742
68	0.144459457	0.004379861	0.002204163
69	0.144459457	0.004196787	0.002209083
70	0.144459457	0.004005030	0.002209299
71	0.144459457	0.003804909	0.002204657
72	0.144459457	0.003596743	0.002195041
73	0.144459457	0.003380853	0.002180374
74	0.144459457	0.003157563	0.002160611
75	0.144459457	0.002927192	0.002135731
76	0.144459457	0.002690063	0.002105743
77	0.144459457	0.002446495	0.002070676
78	0.144459457	0.002196805	0.002030578
79	0.144459457	0.001941309	0.001985516
80	0.144459457	0.001680323	0.001935572
81	0.144459457	0.001414159	0.001880843
82	0.144459457	0.001143130	0.001821441
83	0.144459457	0.000867544	0.001757488
84	0.144459457	0.000587712	0.001689120
85	0.144459457	0.000303939	0.001616482
86	0.144459457	0.000016531	0.001539731
87	0.144459457	-0.000274209	0.001459033
88	0.144459457	-0.000567981	0.001374567
89	0.144459457	-0.000864487	0.001286521
90	0.144459457	-0.001162537	0.001190182
91	0.144459457	-0.001463139	0.001092906
92	0.144459457	-0.001765367	0.000991400
93	0.144459457	-0.002068841	0.000885370
94	0.144459457	-0.002373155	0.000774354
95	0.144459457	-0.002677867	0.000657674
96	0.144459457	-0.002982492	0.000534380
97	0.144459457	-0.003286493	0.000403181
98	0.144459457	-0.003589267	0.000262380
99	0.144459457	-0.003866992	0.000117754
1	0.145392559	-0.003669248	0.000160253
2	0.145392559	-0.003356481	0.000176181
3	0.145392559	-0.003045553	0.000200484
4	0.145392559	-0.002736500	0.000231530
5	0.145392559	-0.002429288	0.000267324
6	0.145392559	-0.002123966	0.000306329
7	0.145392559	-0.001820647	0.000347382
8	0.145392559	-0.001519495	0.000389620
9	0.145392559	-0.001220715	0.000432409
10	0.145392559	-0.000924538	0.000475296
11	0.145392559	-0.000630631	0.000514718
12	0.145392559	-0.000340654	0.000558143
13	0.145392559	-0.000054006	0.000600579
14	0.145392559	0.000229003	0.000642074
15	0.145392559	0.000508070	0.000682673
16	0.145392559	0.000782895	0.000722414
17	0.145392559	0.001053186	0.000761332
18	0.145392559	0.001318654	0.000799454
19	0.145392559	0.001579017	0.000836807
20	0.145392559	0.001834000	0.000873412
21	0.145392559	0.002083332	0.000909288
22	0.145392559	0.002326749	0.000944450
23	0.145392559	0.002563995	0.000978912
24	0.145392559	0.002794817	0.001012685
25	0.145392559	0.003018973	0.001045781
26	0.145392559	0.003236224	0.001078207
27	0.145392559	0.003446341	0.001109973
28	0.145392559	0.003649101	0.001141088
29	0.145392559	0.003844287	0.001171561
30	0.145392559	0.004031691	0.001201405
31	0.145392559	0.004211111	0.001230634
32	0.145392559	0.004382351	0.001259265
33	0.145392559	0.004545224	0.001287323
34	0.145392559	0.004699546	0.001314842
35	0.145392559	0.004845139	0.001341867
36	0.145392559	0.004981826	0.001368466
37	0.145392559	0.005109429	0.001394740
38	0.145392559	0.005227756	0.001420846
39	0.145392559	0.005336588	0.001447047
40	0.145392559	0.005435620	0.001473836
41	0.145392559	0.005524428	0.001501909
42	0.145392559	0.005602662	0.001531347
43	0.145392559	0.005669953	0.001562019
44	0.145392559	0.005725831	0.001593700
45	0.145392559	0.005769725	0.001625913
46	0.145392559	0.005801119	0.001657588
47	0.145392559	0.005820217	0.001686576
48	0.145392559	0.005829135	0.001709743
49	0.145392559	0.005831941	0.001724395
50	0.145392559	0.005832401	0.001729353
51	0.145392559	0.005832616	0.001734456
52	0.145392559	0.005831709	0.001749735
53	0.145392559	0.005825376	0.001774396
54	0.145392559	0.005808651	0.001805823
55	0.145392559	0.005778868	0.001840543
56	0.145392559	0.005735808	0.001876118
57	0.145392559	0.005680115	0.001911350
58	0.145392559	0.005612444	0.001945663
59	0.145392559	0.005533284	0.001978658
60	0.145392559	0.005442948	0.002009813
61	0.145392559	0.005341874	0.002039199
62	0.145392559	0.005230513	0.002067298
63	0.145392559	0.005108978	0.002093466
64	0.145392559	0.004977425	0.002117127
65	0.145392559	0.004836056	0.002137776
66	0.145392559	0.004685106	0.002154979
67	0.145392559	0.004524835	0.002168369
68	0.145392559	0.004355521	0.002177645
69	0.145392559	0.004177459	0.002182558
70	0.145392559	0.003990949	0.002182915
71	0.145392559	0.003796299	0.002178563
72	0.145392559	0.003593820	0.002169394
73	0.145392559	0.003383823	0.002155333
74	0.145392559	0.003166622	0.002136335
75	0.145392559	0.002942528	0.002112386
76	0.145392559	0.002711852	0.002083492
77	0.145392559	0.002474905	0.002049683
78	0.145392559	0.002231993	0.002011009
79	0.145392559	0.001983426	0.001967534
80	0.145392559	0.001729507	0.001919340
81	0.145392559	0.001470540	0.001866523
82	0.145392559	0.001206829	0.001809191
83	0.145392559	0.000938674	0.001747464
84	0.145392559	0.000666374	0.001681474
85	0.145392559	0.000390228	0.001611363
86	0.145392559	0.000110531	0.001537283
87	0.145392559	-0.000172422	0.001459397
88	0.145392559	-0.000458338	0.001377877
89	0.145392559	-0.000746928	0.001292905
90	0.145392559	-0.001037016	0.001199762
91	0.145392559	-0.001329610	0.001105801
92	0.145392559	-0.001623795	0.001007718
93	0.145392559	-0.001919198	0.000905213
94	0.145392559	-0.002215422	0.000797814
95	0.145392559	-0.002512032	0.000684836
96	0.145392559	-0.002808550	0.000565317
97	0.145392559	-0.003104446	0.000437955
98	0.145392559	-0.003399124	0.000301039
99	0.145392559	-0.003669248	0.000160253
1	0.146261447	-0.003482891	0.000199650
2	0.146261447	-0.003178108	0.000213548
3	0.146261447	-0.002875174	0.000235947
4	0.146261447	-0.002574109	0.000265178
5	0.146261447	-0.002274872	0.000299243
6	0.146261447	-0.001977502	0.000336603
7	0.146261447	-0.001682105	0.000376091
8	0.146261447	-0.001388835	0.000416838
9	0.146261447	-0.001097888	0.000458205
10	0.146261447	-0.000809486	0.000499734
11	0.146261447	-0.000523289	0.000537855
12	0.146261447	-0.000240943	0.000580033
13	0.146261447	0.000038158	0.000621271
14	0.146261447	0.000313713	0.000661611
15	0.146261447	0.000585427	0.000701094
16	0.146261447	0.000853010	0.000739754
17	0.146261447	0.001116177	0.000777620
18	0.146261447	0.001374647	0.000814719
19	0.146261447	0.001628147	0.000851073
20	0.146261447	0.001876408	0.000886701
21	0.146261447	0.002119167	0.000921619
22	0.146261447	0.002356167	0.000955840
23	0.146261447	0.002587159	0.000989376
24	0.146261447	0.002811898	0.001022235
25	0.146261447	0.003030147	0.001054427
26	0.146261447	0.003241676	0.001085958
27	0.146261447	0.003446260	0.001116837
28	0.146261447	0.003643682	0.001147071
29	0.146261447	0.003833733	0.001176668
30	0.146261447	0.004016208	0.001205639
31	0.146261447	0.004190913	0.001233996
32	0.146261447	0.004357658	0.001261756
33	0.146261447	0.004516258	0.001288942
34	0.146261447	0.004666538	0.001315587
35	0.146261447	0.004808322	0.001341735
36	0.146261447	0.004941440	0.001367452
37	0.146261447	0.005065717	0.001392837
38	0.146261447	0.005180970	0.001418047
39	0.146261447	0.005286983	0.001443348
40	0.146261447	0.005383450	0.001469452
41	0.146261447	0.005469906	0.001496817
42	0.146261447	0.005546113	0.001525385
43	0.146261447	0.005611709	0.001555075
44	0.146261447	0.005666237	0.001585704
45	0.146261447	0.005709138	0.001616842
46	0.146261447	0.005739904	0.001647484
47	0.146261447	0.005758696	0.001675576
48	0.146261447	0.005767524	0.001698075
49	0.146261447	0.005770328	0.001712328
50	0.146261447	0.005770793	0.001717152
51	0.146261447	0.005771018	0.001722120
52	0.146261447	0.005770161	0.001736994
53	0.146261447	0.005763972	0.001760993
54	0.146261447	0.005747566	0.001791518
55	0.146261447	0.005718375	0.001825145
56	0.146261447	0.005676233	0.001859503
57	0.146261447	0.005621804	0.001893461
58	0.146261447	0.005555757	0.001926524
59	0.146261447	0.005478611	0.001958440
60	0.146261447	0.005390760	0.001989037
61	0.146261447	0.005292358	0.002017806
62	0.146261447	0.005183947	0.002045143
63	0.146261447	0.005065636	0.002070620
64	0.146261447	0.004937577	0.002093673
65	0.146261447	0.004799964	0.002113812
66	0.146261447	0.004653025	0.002130612
67	0.146261447	0.004497011	0.002143717
68	0.146261447	0.004332194	0.002152832
69	0.146261447	0.004158859	0.002157717
70	0.146261447	0.003977297	0.002158181
71	0.146261447	0.003787808	0.002154080
72	0.146261447	0.003590693	0.002145308
73	0.146261447	0.003386256	0.002131793
74	0.146261447	0.003174800	0.002113493
75	0.146261447	0.002956628	0.002090395
76	0.146261447	0.002732042	0.002062507
77	0.146261447	0.002501343	0.002029859
78	0.146261447	0.002264830	0.001992501
79	0.146261447	0.002022801	0.001950496
80	0.146261447	0.001775553	0.001903926
81	0.146261447	0.001523381	0.001852884
82	0.146261447	0.001266579	0.001797476
83	0.146261447	0.001005438	0.001737820
84	0.146261447	0.000740250	0.001674044
85	0.146261447	0.000471305	0.001606287
86	0.146261447	0.000198889	0.001534698
87	0.146261447	-0.000076709	0.001459433
88	0.146261447	-0.000355207	0.001380661
89	0.146261447	-0.000636321	0.001298559
90	0.146261447	-0.000918887	0.001208401
91	0.146261447	-0.001203917	0.001117533
92	0.146261447	-0.001490503	0.001022648
93	0.146261447	-0.001778283	0.000923435
94	0.146261447	-0.002066863	0.000819417
95	0.146261447	-0.002355818	0.000709898
96	0.146261447	-0.002644676	0.000593906
97	0.146261447	-0.002932912	0.000470132
98	0.146261447	-0.003219938	0.000336848
99	0.146261447	-0.003482891	0.000199650
1	0.147063572	-0.003309019	0.000235864
2	0.147063572	-0.003012145	0.000247790
3	0.147063572	-0.002717134	0.000268348
4	0.147063572	-0.002423990	0.000295826
5	0.147063572	-0.002132664	0.000328225
6	0.147063572	-0.001843186	0.000364001
7	0.147063572	-0.001555650	0.000401982
8	0.147063572	-0.001270203	0.000441294
9	0.147063572	-0.000987031	0.000481294
10	0.147063572	-0.000706347	0.000521516
11	0.147063572	-0.000427801	0.000558385
12	0.147063572	-0.000153031	0.000599363
13	0.147063572	0.000118579	0.000639445
14	0.147063572	0.000386735	0.000678670
15	0.147063572	0.000651153	0.000717074
16	0.147063572	0.000911548	0.000754686
17	0.147063572	0.001167644	0.000791534
18	0.147063572	0.001419170	0.000827640
19	0.147063572	0.001665859	0.000863023
20	0.147063572	0.001907449	0.000897699
21	0.147063572	0.002143685	0.000931682
22	0.147063572	0.002374319	0.000964981
23	0.147063572	0.002599106	0.000997607
24	0.147063572	0.002817810	0.001029567
25	0.147063572	0.003030200	0.001060867
26	0.147063572	0.003236051	0.001091512
27	0.147063572	0.003435147	0.001121509
28	0.147063572	0.003627275	0.001150863
29	0.147063572	0.003812233	0.001179579
30	0.147063572	0.003989823	0.001207668
31	0.147063572	0.004159855	0.001235137
32	0.147063572	0.004322144	0.001262003
33	0.147063572	0.004476514	0.001288284
34	0.147063572	0.004622792	0.001314008
35	0.147063572	0.004760811	0.001339213
36	0.147063572	0.004890406	0.001363959
37	0.147063572	0.005011412	0.001388331
38	0.147063572	0.005123655	0.001412467
39	0.147063572	0.005226935	0.001436600
40	0.147063572	0.005320307	0.001463666
41	0.147063572	0.005404068	0.001491448
42	0.147063572	0.005477882	0.001520157
43	0.147063572	0.005541451	0.001549631
44	0.147063572	0.005594388	0.001579664
45	0.147063572	0.005636208	0.001609875
46	0.147063572	0.005666433	0.001639410
47	0.147063572	0.005685132	0.001666469
48	0.147063572	0.005694057	0.001688229
49	0.147063572	0.005696936	0.001702067
50	0.147063572	0.005697423	0.001706758
51	0.147063572	0.005697666	0.001711590
52	0.147063572	0.005696834	0.001726061
53	0.147063572	0.005690614	0.001749355
54	0.147063572	0.005674206	0.001778808
55	0.147063572	0.005645333	0.001811114
56	0.147063572	0.005604036	0.001844185
57	0.147063572	0.005551017	0.001877131
58	0.147063572	0.005486904	0.001909601
59	0.147063572	0.005412154	0.001941398
60	0.147063572	0.005327090	0.001972328
61	0.147063572	0.005231874	0.002001861
62	0.147063572	0.005126266	0.002027942
63	0.147063572	0.005011050	0.002052242
64	0.147063572	0.004886373	0.002074220
65	0.147063572	0.004752421	0.002093398
66	0.147063572	0.004609412	0.002109368
67	0.147063572	0.004457589	0.002121783
68	0.147063572	0.004297213	0.002130355
69	0.147063572	0.004128558	0.002134852
70	0.147063572	0.003951905	0.002135089
71	0.147063572	0.003767544	0.002130925
72	0.147063572	0.003575765	0.002122255
73	0.147063572	0.003376863	0.002109011
74	0.147063572	0.003171129	0.002091152
75	0.147063572	0.002958858	0.002068664
76	0.147063572	0.002740342	0.002041557
77	0.147063572	0.002515872	0.002009858
78	0.147063572	0.002285738	0.001973615
79	0.147063572	0.002050229	0.001932893
80	0.147063572	0.001809632	0.001887767
81	0.147063572	0.001564233	0.001838330
82	0.147063572	0.001314318	0.001784685
83	0.147063572	0.001060170	0.001726945
84	0.147063572	0.000802071	0.001665235
85	0.147063572	0.000540303	0.001599690
86	0.147063572	0.000275145	0.001530453
87	0.147063572	0.000006876	0.001457677
88	0.147063572	-0.000264229	0.001381524
89	0.147063572	-0.000537894	0.001302165
90	0.147063572	-0.000812963	0.001214871
91	0.147063572	-0.001090455	0.001126979
92	0.147063572	-0.001369469	0.001035174
93	0.147063572	-0.001649650	0.000939140
94	0.147063572	-0.001930611	0.000838391
95	0.147063572	-0.002211934	0.000732221
96	0.147063572	-0.002493152	0.000619651
97	0.147063572	-0.002773747	0.000499357
98	0.147063572	-0.003053134	0.000369601
99	0.147063572	-0.003309019	0.000235864
1	0.147796581	-0.003148693	0.000268821
2	0.147796581	-0.002860084	0.000278696
3	0.147796581	-0.002573373	0.000297379
4	0.147796581	-0.002288537	0.000323087
5	0.147796581	-0.002005514	0.000353812
6	0.147796581	-0.001724323	0.000388002
7	0.147796581	-0.001445047	0.000424477
8	0.147796581	-0.001167822	0.000462354
9	0.147796581	-0.000892820	0.000500983
10	0.147796581	-0.000620247	0.000539894
11	0.147796581	-0.000349744	0.000575524
12	0.147796581	-0.000082935	0.000615283
13	0.147796581	0.000180802	0.000654190
14	0.147796581	0.000441184	0.000692279
15	0.147796581	0.000697934	0.000729580
16	0.147796581	0.000950777	0.000766119
17	0.147796581	0.001199446	0.000801920
18	0.147796581	0.001443676	0.000837001
19	0.147796581	0.001683210	0.000871378
20	0.147796581	0.001917793	0.000905065
21	0.147796581	0.002147180	0.000938072
22	0.147796581	0.002371126	0.000970407
23	0.147796581	0.002589398	0.001002077
24	0.147796581	0.002801765	0.001033087
25	0.147796581	0.003008003	0.001063441
26	0.147796581	0.003207894	0.001093141
27	0.147796581	0.003401229	0.001122191
28	0.147796581	0.003587803	0.001150594
29	0.147796581	0.003767418	0.001178352
30	0.147796581	0.003939884	0.001205470
31	0.147796581	0.004105016	0.001231953
32	0.147796581	0.004262639	0.001257811
33	0.147796581	0.004412579	0.001283055
34	0.147796581	0.004554674	0.001307705
35	0.147796581	0.004688763	0.001331784
36	0.147796581	0.004814692	0.001355334
37	0.147796581	0.004932307	0.001378411
38	0.147796581	0.005041452	0.001401106
39	0.147796581	0.005141965	0.001423564
40	0.147796581	0.005233292	0.001447376
41	0.147796581	0.005314831	0.001473700
42	0.147796581	0.005386210	0.001502301
43	0.147796581	0.005446979	0.001532875
44	0.147796581	0.005496599	0.001564949
45	0.147796581	0.005534519	0.001597659
46	0.147796581	0.005560504	0.001629402
47	0.147796581	0.005575440	0.001657637
48	0.147796581	0.005582018	0.001679519
49	0.147796581	0.005583977	0.001693108
50	0.147796581	0.005584276	0.001697679
51	0.147796581	0.005584394	0.001702374
52	0.147796581	0.005583619	0.001716431
53	0.147796581	0.005578736	0.001739344
54	0.147796581	0.005565561	0.001769327
55	0.147796581	0.005540997	0.001803468
56	0.147796581	0.005503977	0.001839049
57	0.147796581	0.005454693	0.001874282
58	0.147796581	0.005393697	0.001908121
59	0.147796581	0.005321527	0.001939879
60	0.147796581	0.005238637	0.001969006
61	0.147796581	0.005145427	0.001995027
62	0.147796581	0.005042544	0.002018847
63	0.147796581	0.004930397	0.002040989
64	0.147796581	0.004809125	0.002060941
65	0.147796581	0.004678905	0.002078253
66	0.147796581	0.004539942	0.002092533
67	0.147796581	0.004392464	0.002103450
68	0.147796581	0.004236719	0.002110727
69	0.147796581	0.004072967	0.002114137
70	0.147796581	0.003901474	0.002113502
71	0.147796581	0.003722517	0.002108680
72	0.147796581	0.003536372	0.002099571
73	0.147796581	0.003343320	0.002086104
74	0.147796581	0.003143642	0.002068237
75	0.147796581	0.002937619	0.002045955
76	0.147796581	0.002725532	0.002019262
77	0.147796581	0.002507661	0.001988184
78	0.147796581	0.002284286	0.001952766
79	0.147796581	0.002055684	0.001913065
80	0.147796581	0.001822133	0.001869156
81	0.147796581	0.001583910	0.001821123
82	0.147796581	0.001341289	0.001769066
83	0.147796581	0.001094546	0.001713092
84	0.147796581	0.000843953	0.001653321
85	0.147796581	0.000589782	0.001589881
86	0.147796581	0.000332306	0.001522909
87	0.147796581	0.000071792	0.001452552
88	0.147796581	-0.000191490	0.001378965
89	0.147796581	-0.000457274	0.001302312
90	0.147796581	-0.000724415	0.001217890
91	0.147796581	-0.000993932	0.001132973
92	0.147796581	-0.001264937	0.001044262
93	0.147796581	-0.001537079	0.000951433
94	0.147796581	-0.001809979	0.000853988
95	0.147796581	-0.002083222	0.000751211
96	0.147796581	-0.002356347	0.000642108
97	0.147796581	-0.002628839	0.000525338
98	0.147796581	-0.002900114	0.000399143
99	0.147796581	-0.003148693	0.000268821
1	0.148458324	-0.003002851	0.000298455
2	0.148458324	-0.002723083	0.000306215
3	0.148458324	-0.002445259	0.000322978
4	0.148458324	-0.002169329	0.000346873
5	0.148458324	-0.001895213	0.000375880
6	0.148458324	-0.001622916	0.000408440
7	0.148458324	-0.001352507	0.000443364
8	0.148458324	-0.001084108	0.000479761
9	0.148458324	-0.000817881	0.000516974
10	0.148458324	-0.000554018	0.000554526
11	0.148458324	-0.000292148	0.000588869
12	0.148458324	-0.000033890	0.000627360
13	0.148458324	0.000221391	0.000665039
14	0.148458324	0.000473425	0.000701937
15	0.148458324	0.000721941	0.000738079
16	0.148458324	0.000966676	0.000773487
17	0.148458324	0.001207369	0.000808180
18	0.148458324	0.001443767	0.000842174
19	0.148458324	0.001675620	0.000875482
20	0.148458324	0.001902682	0.000908113
21	0.148458324	0.002124715	0.000940075
22	0.148458324	0.002341485	0.000971374
23	0.148458324	0.002552764	0.001002013
24	0.148458324	0.002758330	0.001031995
25	0.148458324	0.002957966	0.001061320
26	0.148458324	0.003151464	0.001089990
27	0.148458324	0.003338619	0.001118002
28	0.148458324	0.003519234	0.001145357
29	0.148458324	0.003693119	0.001172053
30	0.148458324	0.003860091	0.001198090
31	0.148458324	0.004019973	0.001223467
32	0.148458324	0.004172594	0.001248185
33	0.148458324	0.004317792	0.001272247
34	0.148458324	0.004455410	0.001295659
35	0.148458324	0.004585297	0.001318428
36	0.148458324	0.004707311	0.001340570
37	0.148458324	0.004821311	0.001362105
38	0.148458324	0.004927163	0.001383070
39	0.148458324	0.005024391	0.001405054
40	0.148458324	0.005112188	0.001430291
41	0.148458324	0.005190171	0.001458509
42	0.148458324	0.005257899	0.001489365
43	0.148458324	0.005314859	0.001522385
44	0.148458324	0.005360505	0.001556829
45	0.148458324	0.005394432	0.001591442
46	0.148458324	0.005416845	0.001624223
47	0.148458324	0.005429245	0.001652557
48	0.148458324	0.005434565	0.001674034
49	0.148458324	0.005436139	0.001687232
50	0.148458324	0.005436381	0.001691659
51	0.148458324	0.005436482	0.001696204
52	0.148458324	0.005435886	0.001709819
53	0.148458324	0.005432002	0.001732168
54	0.148458324	0.005421173	0.001761970
55	0.148458324	0.005400111	0.001796809
56	0.148458324	0.005367078	0.001833929
57	0.148458324	0.005321756	0.001871117
58	0.148458324	0.005264507	0.001906880
59	0.148458324	0.005195861	0.001940196
60	0.148458324	0.005116330	0.001970267
61	0.148458324	0.005026381	0.001996364
62	0.148458324	0.004926486	0.002017898
63	0.148458324	0.004817484	0.002036847
64	0.148458324	0.004699744	0.002053770
65	0.148458324	0.004573429	0.002068249
66	0.148458324	0.004438730	0.002079920
67	0.148458324	0.004295860	0.002088471
68	0.148458324	0.004145048	0.002093640
69	0.148458324	0.003986534	0.002095207
70	0.148458324	0.003820570	0.002092999
71	0.148458324	0.003647413	0.002086878
72	0.148458324	0.003467323	0.002076740
73	0.148458324	0.003280567	0.002062515
74	0.148458324	0.003087408	0.002044155
75	0.148458324	0.002888116	0.002021641
76	0.148458324	0.002682956	0.001994973
77	0.148458324	0.002472196	0.001964169
78	0.148458324	0.002256104	0.001929268
79	0.148458324	0.002034945	0.001890321
80	0.148458324	0.001808986	0.001847394
81	0.148458324	0.001578493	0.001800567
82	0.148458324	0.001343729	0.001749929
83	0.148458324	0.001104960	0.001695582
84	0.148458324	0.000862449	0.001637637
85	0.148458324	0.000616458	0.001576214
86	0.148458324	0.000367250	0.001511443
87	0.148458324	0.000115083	0.001443462
88	0.148458324	-0.000139781	0.001372419
89	0.148458324	-0.000397086	0.001298468
90	0.148458324	-0.000655691	0.001216939
91	0.148458324	-0.000916628	0.001135029
92	0.148458324	-0.001179014	0.001049460
93	0.148458324	-0.001442503	0.000959896
94	0.148458324	-0.001706724	0.000865831
95	0.148458324	-0.001971265	0.000766534
96	0.148458324	-0.002235670	0.000660995
97	0.148458324	-0.002499422	0.000547854
98	0.148458324	-0.002761938	0.000425329
99	0.148458324	-0.003002851	0.000298455
1	0.149046860	-0.002872313	0.000324709
2	0.149046860	-0.002601995	0.000330286
3	0.149046860	-0.002333684	0.000345077
4	0.149046860	-0.002067291	0.000367108
5	0.149046860	-0.001802719	0.000394347
6	0.149046860	-0.001539955	0.000425226
7	0.149046860	-0.001279052	0.000458547
8	0.149046860	-0.001020117	0.000493411
9	0.149046860	-0.000763299	0.000529153
10	0.149046860	-0.000508778	0.000565290
11	0.149046860	-0.000256162	0.000598292
12	0.149046860	-0.000007075	0.000635453
13	0.149046860	0.000239140	0.000671843
14	0.149046860	0.000482220	0.000707486
15	0.149046860	0.000721908	0.000742403
16	0.149046860	0.000957949	0.000776613
17	0.149046860	0.001190092	0.000810130
18	0.149046860	0.001418093	0.000842967
19	0.149046860	0.001641712	0.000875133
20	0.149046860	0.001860711	0.000906636
21	0.149046860	0.002074862	0.000937479
22	0.149046860	0.002283939	0.000967665
23	0.149046860	0.002487723	0.000997196
24	0.149046860	0.002685999	0.001026070
25	0.149046860	0.002878561	0.001054287
26	0.149046860	0.003065205	0.001081842
27	0.149046860	0.003245737	0.001108731
28	0.149046860	0.003419968	0.001134951
29	0.149046860	0.003587713	0.001160495
30	0.149046860	0.003748798	0.001185357
31	0.149046860	0.003903053	0.001209531
32	0.149046860	0.004050316	0.001233010
33	0.149046860	0.004190432	0.001255787
34	0.149046860	0.004323252	0.001277855
35	0.149046860	0.004448635	0.001299208
36	0.149046860	0.004566448	0.001319838
37	0.149046860	0.004676563	0.001339738
38	0.149046860	0.004778493	0.001360763
39	0.149046860	0.004871392	0.001385500
40	0.149046860	0.004954877	0.001413658
41	0.149046860	0.005028518	0.001444875
42	0.149046860	0.005091831	0.001478692
43	0.149046860	0.005144307	0.001514443
44	0.149046860	0.005185505	0.001551106
45	0.149046860	0.005215323	0.001587110
46	0.149046860	0.005234470	0.001620291
47	0.149046860	0.005244854	0.001648268
48	0.149046860	0.005249318	0.001669143
49	0.149046860	0.005250695	0.001681890
50	0.149046860	0.005250929	0.001686160
51	0.149046860	0.005251052	0.001690543
52	0.149046860	0.005250705	0.001703686
53	0.149046860	0.005247786	0.001725379
54	0.149046860	0.005239151	0.001754732
55	0.149046860	0.005221540	0.001789838
56	0.149046860	0.005192703	0.001828122
57	0.149046860	0.005151764	0.001867123
58	0.149046860	0.005098781	0.001904957
59	0.149046860	0.005034211	0.001940270
60	0.149046860	0.004958604	0.001972038
61	0.149046860	0.004872508	0.001999392
62	0.149046860	0.004776453	0.002021520
63	0.149046860	0.004671001	0.002037783
64	0.149046860	0.004557012	0.002050901
65	0.149046860	0.004434853	0.002061793
66	0.149046860	0.004304700	0.002070127
67	0.149046860	0.004166748	0.002075617
68	0.149046860	0.004021206	0.002078017
69	0.149046860	0.003868297	0.002077121
70	0.149046860	0.003708251	0.002072761
71	0.149046860	0.003541306	0.002064803
72	0.149046860	0.003367705	0.002053142
73	0.149046860	0.003187696	0.002037704
74	0.149046860	0.003001528	0.002018438
75	0.149046860	0.002809451	0.001995318
76	0.149046860	0.002611718	0.001968338
77	0.149046860	0.002408583	0.001937509
78	0.149046860	0.002200299	0.001902859
79	0.149046860	0.001987119	0.001864433
80	0.149046860	0.001769298	0.001822288
81	0.149046860	0.001547089	0.001776493
82	0.149046860	0.001320746	0.001727129
83	0.149046860	0.001090522	0.001674289
84	0.149046860	0.000856669	0.001618075
85	0.149046860	0.000619441	0.001558596
86	0.149046860	0.000379089	0.001495974
87	0.149046860	0.000135863	0.001430337
88	0.149046860	-0.000109987	0.001361822
89	0.149046860	-0.000358211	0.001290576
90	0.149046860	-0.000607674	0.001211971
91	0.149046860	-0.000859421	0.001133105
92	0.149046860	-0.001112574	0.001050730
93	0.149046860	-0.001366795	0.000964497
94	0.149046860	-0.001621716	0.000873888
95	0.149046860	-0.001876931	0.000778158
96	0.149046860	-0.002131983	0.000676278
97	0.149046860	-0.002386356	0.000566868
98	0.149046860	-0.002639463	0.000448116
99	0.149046860	-0.002872313	0.000324709
1	0.149560462	-0.002757782	0.000347533
2	0.149560462	-0.002497434	0.000350898
3	0.149560462	-0.002239161	0.000363688
4	0.149560462	-0.001982838	0.000383819
5	0.149560462	-0.001728344	0.000409253
6	0.149560462	-0.001475647	0.000438410
7	0.149560462	-0.001224785	0.000470085
8	0.149560462	-0.000975846	0.000503371
9	0.149560462	-0.000728967	0.000537596
10	0.149560462	-0.000484311	0.000572268
11	0.149560462	-0.000241469	0.000603877
12	0.149560462	-0.000002069	0.000639656
13	0.149560462	0.000234569	0.000674701
14	0.149560462	0.000468194	0.000709033
15	0.149560462	0.000698558	0.000742669
16	0.149560462	0.000925417	0.000775623
17	0.149560462	0.001148531	0.000807905
18	0.149560462	0.001367665	0.000839525
19	0.149560462	0.001582588	0.000870490
20	0.149560462	0.001793074	0.000900802
21	0.149560462	0.001998902	0.000930465
22	0.149560462	0.002199855	0.000959478
23	0.149560462	0.002395724	0.000987839
24	0.149560462	0.002586304	0.001015545
25	0.149560462	0.002771394	0.001042591
26	0.149560462	0.002950802	0.001068972
27	0.149560462	0.003124340	0.001094681
28	0.149560462	0.003291827	0.001119708
29	0.149560462	0.003453088	0.001144044
30	0.149560462	0.003607954	0.001167679
31	0.149560462	0.003756264	0.001190602
32	0.149560462	0.003897864	0.001212800
33	0.149560462	0.004032605	0.001234257
34	0.149560462	0.004160348	0.001254960
35	0.149560462	0.004280959	0.001274890
36	0.149560462	0.004394327	0.001294028
37	0.149560462	0.004499846	0.001314779
38	0.149560462	0.004596794	0.001339380
39	0.149560462	0.004684795	0.001367547
40	0.149560462	0.004763439	0.001398944
41	0.149560462	0.004832284	0.001433146
42	0.149560462	0.004890867	0.001469577
43	0.149560462	0.004938759	0.001507402
44	0.149560462	0.004975716	0.001545401
45	0.149560462	0.005001971	0.001581871
46	0.149560462	0.005018591	0.001614737
47	0.149560462	0.005027600	0.001641975
48	0.149560462	0.005031575	0.001662107
49	0.149560462	0.005032894	0.001674361
50	0.149560462	0.005033151	0.001678463
51	0.149560462	0.005033318	0.001682676
52	0.149560462	0.005033235	0.001695319
53	0.149560462	0.005031159	0.001716265
54	0.149560462	0.005024370	0.001744898
55	0.149560462	0.005009772	0.001779734
56	0.149560462	0.004984831	0.001818487
57	0.149560462	0.004948195	0.001858651
58	0.149560462	0.004899582	0.001898079
59	0.149560462	0.004839313	0.001935149
60	0.149560462	0.004767937	0.001968652
61	0.149560462	0.004686056	0.001997628
62	0.149560462	0.004594271	0.002021245
63	0.149560462	0.004493181	0.002038739
64	0.149560462	0.004383404	0.002049474
65	0.149560462	0.004265682	0.002056391
66	0.149560462	0.004140364	0.002061001
67	0.149560462	0.004007630	0.002063047
68	0.149560462	0.003867671	0.002062304
69	0.149560462	0.003720689	0.002058582
70	0.149560462	0.003566896	0.002051723
71	0.149560462	0.003406511	0.002041596
72	0.149560462	0.003239758	0.002028099
73	0.149560462	0.003066868	0.002011157
74	0.149560462	0.002888071	0.001990715
75	0.149560462	0.002703602	0.001966740
76	0.149560462	0.002513699	0.001939220
77	0.149560462	0.002318600	0.001908157
78	0.149560462	0.002118545	0.001873574
79	0.149560462	0.001913773	0.001835502
80	0.149560462	0.001704525	0.001793991
81	0.149560462	0.001491044	0.001749101
82	0.149560462	0.001273571	0.001700902
83	0.149560462	0.001052348	0.001649476
84	0.149560462	0.000827616	0.001594915
85	0.149560462	0.000599617	0.001537319
86	0.149560462	0.000368593	0.001476799
87	0.149560462	0.000134784	0.001413471
88	0.149560462	-0.000101571	0.001347464
89	0.149560462	-0.000340231	0.001278912
90	0.149560462	-0.000580063	0.001203240
91	0.149560462	-0.000822130	0.001127433
92	0.149560462	-0.001065557	0.001048275
93	0.149560462	-0.001310012	0.000965407
94	0.149560462	-0.001555133	0.000878296
95	0.149560462	-0.001800516	0.000786182
96	0.149560462	-0.002045707	0.000688018
97	0.149560462	-0.002290186	0.000582397
98	0.149560462	-0.002533361	0.000467479
99	0.149560462	-0.002757782	0.000347533
1	0.149997625	-0.002659858	0.000366890
2	0.149997625	-0.002409692	0.000368084
3	0.149997625	-0.002161671	0.000378897
4	0.149997625	-0.001915631	0.000397145
5	0.149997625	-0.001671430	0.000420782
6	0.149997625	-0.001429016	0.000448220
7	0.149997625	-0.001188406	0.000478247
8	0.149997625	-0.000949677	0.000509949
9	0.149997625	-0.000712946	0.000542645
10	0.149997625	-0.000478366	0.000575840
11	0.149997625	-0.000245502	0.000606039
12	0.149997625	-0.000015994	0.000640419
13	0.149997625	0.000210865	0.000674102
14	0.149997625	0.000434835	0.000707104
15	0.149997625	0.000655679	0.000739438
16	0.149997625	0.000873163	0.000771113
17	0.149997625	0.001087058	0.000802139
18	0.149997625	0.001297138	0.000832520
19	0.149997625	0.001503183	0.000862260
20	0.149997625	0.001704976	0.000891361
21	0.149997625	0.001902305	0.000919822
22	0.149997625	0.002094965	0.000947641
23	0.149997625	0.002282752	0.000974814
24	0.149997625	0.002465472	0.001001335
25	0.149997625	0.002642933	0.001027197
26	0.149997625	0.002814951	0.001052393
27	0.149997625	0.002981345	0.001076913
28	0.149997625	0.003141944	0.001100745
29	0.149997625	0.003296579	0.001123878
30	0.149997625	0.003445090	0.001146297
31	0.149997625	0.003587323	0.001167989
32	0.149997625	0.003723130	0.001188936
33	0.149997625	0.003852372	0.001209120
34	0.149997625	0.003974914	0.001228522
35	0.149997625	0.004090641	0.001247177
36	0.149997625	0.004198860	0.001267999
37	0.149997625	0.004299006	0.001292505
38	0.149997625	0.004390728	0.001320472
39	0.149997625	0.004473654	0.001351625
40	0.149997625	0.004547382	0.001385609
41	0.149997625	0.004611498	0.001421951
42	0.149997625	0.004665599	0.001459995
43	0.149997625	0.004709377	0.001498813
44	0.149997625	0.004742788	0.001537110
45	0.149997625	0.004766304	0.001573214
46	0.149997625	0.004781155	0.001605256
47	0.149997625	0.004789300	0.001631533
48	0.149997625	0.004793026	0.001650853
49	0.149997625	0.004794363	0.001662593
50	0.149997625	0.004794655	0.001666523
51	0.149997625	0.004794873	0.001670562
52	0.149997625	0.004795030	0.001682690
53	0.149997625	0.004793635	0.001702838
54	0.149997625	0.004788297	0.001730564
55	0.149997625	0.004776116	0.001764696
56	0.149997625	0.004754454	0.001803239
57	0.149997625	0.004721633	0.001843766
58	0.149997625	0.004677069	0.001884006
59	0.149997625	0.004620933	0.001922160
60	0.149997625	0.004553742	0.001956895
61	0.149997625	0.004476126	0.001987201
62	0.149997625	0.004388730	0.002012263
63	0.149997625	0.004292184	0.002031388
64	0.149997625	0.004187112	0.002043957
65	0.149997625	0.004074141	0.002049415
66	0.149997625	0.003953839	0.002050337
67	0.149997625	0.003826492	0.002048951
68	0.149997625	0.003692276	0.002045057
69	0.149997625	0.003551376	0.002038483
70	0.149997625	0.003403987	0.002029082
71	0.149997625	0.003250310	0.002016733
72	0.149997625	0.003090553	0.002001337
73	0.149997625	0.002924927	0.001982819
74	0.149997625	0.002753649	0.001961124
75	0.149997625	0.002576937	0.001936214
76	0.149997625	0.002395014	0.001908072
77	0.149997625	0.002208103	0.001876694
78	0.149997625	0.002016431	0.001842093
79	0.149997625	0.001820224	0.001804295
80	0.149997625	0.001619710	0.001763339
81	0.149997625	0.001415119	0.001719275
82	0.149997625	0.001206681	0.001672164
83	0.149997625	0.000994625	0.001622079
84	0.149997625	0.000779184	0.001569101
85	0.149997625	0.000560586	0.001513320
86	0.149997625	0.000339064	0.001454836
87	0.149997625	0.000114848	0.001393756
88	0.149997625	-0.000111833	0.001330196
89	0.149997625	-0.000340750	0.001264280
90	0.149997625	-0.000570767	0.001191488
91	0.149997625	-0.000802970	0.001118687
92	0.149997625	-0.001036484	0.001042695
93	0.149997625	-0.001270985	0.000963143
94	0.149997625	-0.001506116	0.000879484
95	0.149997625	-0.001741475	0.000790942
96	0.149997625	-0.001976608	0.000696449
97	0.149997625	-0.002210995	0.000594576
98	0.149997625	-0.002444035	0.000483451
99	0.149997625	-0.002659858	0.000366890
1	0.150357065	-0.002579054	0.000382750
2	0.150357065	-0.002338798	0.000381909
3	0.150357065	-0.002100754	0.000390851
4	0.150357065	-0.001864719	0.000407309
5	0.150357065	-0.001630530	0.000429230
6	0.150357065	-0.001398118	0.000455023
7	0.150357065	-0.001167482	0.000483468
8	0.150357065	-0.000938683	0.000513644
9	0.150357065	-0.000711823	0.000544867
10	0.150357065	-0.000487041	0.000576635
11	0.150357065	-0.000263880	0.000605465
12	0.150357065	-0.000043993	0.000638490
13	0.150357065	0.000173356	0.000670854
14	0.150357065	0.000387936	0.000702566
15	0.150357065	0.000599522	0.000733635
16	0.150357065	0.000807889	0.000764069
17	0.150357065	0.001012818	0.000793874
18	0.150357065	0.001214094	0.000823052
19	0.150357065	0.001411505	0.000851604
20	0.150357065	0.001604844	0.000879530
21	0.150357065	0.001793908	0.000906828
22	0.150357065	0.001978501	0.000933492
23	0.150357065	0.002158429	0.000959518
24	0.150357065	0.002333504	0.000984899
25	0.150357065	0.002503544	0.001009626
26	0.150357065	0.002668372	0.001033688
27	0.150357065	0.002827816	0.001057075
28	0.150357065	0.002981711	0.001079775
29	0.150357065	0.003129897	0.001101773
30	0.150357065	0.003272221	0.001123055
31	0.150357065	0.003408536	0.001143604
32	0.150357065	0.003538700	0.001163401
33	0.150357065	0.003662579	0.001182428
34	0.150357065	0.003780039	0.001200888
35	0.150357065	0.003890356	0.001221822
36	0.150357065	0.003993113	0.001246117
37	0.150357065	0.004087994	0.001273615
38	0.150357065	0.004174663	0.001304109
39	0.150357065	0.004252769	0.001337323
40	0.150357065	0.004321944	0.001372895
41	0.150357065	0.004381819	0.001410330
42	0.150357065	0.004432068	0.001448941
43	0.150357065	0.004472496	0.001487781
44	0.150357065	0.004503198	0.001525581
45	0.150357065	0.004524772	0.001560786
46	0.150357065	0.004538468	0.001591732
47	0.150357065	0.004546113	0.001616960
48	0.150357065	0.004549743	0.001635461
49	0.150357065	0.004551137	0.001646697
50	0.150357065	0.004551466	0.001650458
51	0.150357065	0.004551734	0.001654327
52	0.150357065	0.004552099	0.001665952
53	0.150357065	0.004551242	0.001685300
54	0.150357065	0.004547001	0.001712042
55	0.150357065	0.004536655	0.001745220
56	0.150357065	0.004517551	0.001783067
57	0.150357065	0.004487821	0.001823273
58	0.150357065	0.004446672	0.001863535
59	0.150357065	0.004394153	0.001901968
60	0.150357065	0.004330748	0.001937176
61	0.150357065	0.004257100	0.001968143
62	0.150357065	0.004173874	0.001994097
63	0.150357065	0.004081716	0.002014422
64	0.150357065	0.003981243	0.002028607
65	0.150357065	0.003873050	0.002036218
66	0.150357065	0.003757711	0.002036902
67	0.150357065	0.003635685	0.002032456
68	0.150357065	0.003507110	0.002025724
69	0.150357065	0.003372168	0.002016570
70	0.150357065	0.003231038	0.002004862
71	0.150357065	0.003083907	0.001990488
72	0.150357065	0.002930966	0.001973357
73	0.150357065	0.002772414	0.001953395
74	0.150357065	0.002608451	0.001930549
75	0.150357065	0.002439283	0.001904780
76	0.150357065	0.002265118	0.001876066
77	0.150357065	0.002086167	0.001844401
78	0.150357065	0.001902642	0.001809790
79	0.150357065	0.001714757	0.001772253
80	0.150357065	0.001522731	0.001731822
81	0.150357065	0.001326779	0.001688538
82	0.150357065	0.001127121	0.001642455
83	0.150357065	0.000923976	0.001593636
84	0.150357065	0.000717564	0.001542154
85	0.150357065	0.000508105	0.001488088
86	0.150357065	0.000295821	0.001431529
87	0.150357065	0.000080932	0.001372575
88	0.150357065	-0.000136343	0.001311332
89	0.150357065	-0.000355783	0.001247913
90	0.150357065	-0.000576255	0.001177847
91	0.150357065	-0.000798861	0.001107894
92	0.150357065	-0.001022731	0.001034905
93	0.150357065	-0.001247547	0.000958498
94	0.150357065	-0.001472956	0.000878113
95	0.150357065	-0.001698559	0.000792960
96	0.150357065	-0.001923902	0.000701953
97	0.150357065	-0.002148464	0.000603641
98	0.150357065	-0.002371636	0.000496120
99	0.150357065	-0.002579054	0.000382750
1	0.150637729	-0.002515790	0.000395097
2	0.150637729	-0.002284504	0.000392469
3	0.150637729	-0.002055487	0.000399754
4	0.150637729	-0.001828504	0.000414620
5	0.150637729	-0.001603373	0.000435011
6	0.150637729	-0.001380008	0.000459330
7	0.150637729	-0.001158393	0.000486355
8	0.150637729	-0.000938574	0.000515161
9	0.150637729	-0.000720642	0.000545057
10	0.150637729	-0.000504721	0.000575538
11	0.150637729	-0.000290334	0.000603127
12	0.150637729	-0.000079148	0.000634930
13	0.150637729	0.000129601	0.000666101
14	0.150637729	0.000335690	0.000696646
15	0.150637729	0.000538903	0.000726573
16	0.150637729	0.000739026	0.000755885
17	0.150637729	0.000935847	0.000784587
18	0.150637729	0.001129161	0.000812677
19	0.150637729	0.001318764	0.000840157
20	0.150637729	0.001504458	0.000867024
21	0.150637729	0.001686048	0.000893274
22	0.150637729	0.001863345	0.000918902
23	0.150637729	0.002036163	0.000943900
24	0.150637729	0.002204323	0.000968260
25	0.150637729	0.002367650	0.000991974
26	0.150637729	0.002525974	0.001015030
27	0.150637729	0.002679130	0.001037416
28	0.150637729	0.002826959	0.001059118
29	0.150637729	0.002969309	0.001080124
30	0.150637729	0.003106031	0.001100416
31	0.150637729	0.003236986	0.001119978
32	0.150637729	0.003362038	0.001138791
33	0.150637729	0.003481035	0.001157206
34	0.150637729	0.003593290	0.001178040
35	0.150637729	0.003698478	0.001201856
36	0.150637729	0.003796317	0.001228560
37	0.150637729	0.003886512	0.001258013
38	0.150637729	0.003968749	0.001290023
39	0.150637729	0.004042703	0.001324326
40	0.150637729	0.004108040	0.001360561
41	0.150637729	0.004164439	0.001398235
42	0.150637729	0.004211640	0.001436667
43	0.150637729	0.004249526	0.001474933
44	0.150637729	0.004278275	0.001511833
45	0.150637729	0.004298525	0.001545934
46	0.150637729	0.004311489	0.001575744
47	0.150637729	0.004318855	0.001599970
48	0.150637729	0.004322468	0.001617715
49	0.150637729	0.004323928	0.001628492
50	0.150637729	0.004324293	0.001632100
51	0.150637729	0.004324604	0.001635815
52	0.150637729	0.004325139	0.001646982
53	0.150637729	0.004324691	0.001665592
54	0.150637729	0.004321261	0.001691392
55	0.150637729	0.004312257	0.001723563
56	0.150637729	0.004295047	0.001760502
57	0.150637729	0.004267663	0.001800000
58	0.150637729	0.004229186	0.001839765
59	0.150637729	0.004179587	0.001877881
60	0.150637729	0.004119334	0.001912935
61	0.150637729	0.004049076	0.001943932
62	0.150637729	0.003969488	0.001970154
63	0.150637729	0.003881218	0.001991057
64	0.150637729	0.003784870	0.002006214
65	0.150637729	0.003681012	0.002015290
66	0.150637729	0.003570178	0.002018027
67	0.150637729	0.003452873	0.002014240
68	0.150637729	0.003329453	0.002005302
69	0.150637729	0.003199934	0.001994059
70	0.150637729	0.003064492	0.001980482
71	0.150637729	0.002923301	0.001964468
72	0.150637729	0.002776540	0.001945934
73	0.150637729	0.002624395	0.001924811
74	0.150637729	0.002467055	0.001901047
75	0.150637729	0.002304714	0.001874605
76	0.150637729	0.002137568	0.001845462
77	0.150637729	0.001965816	0.001813608
78	0.150637729	0.001789660	0.001779045
79	0.150637729	0.001609304	0.001741789
80	0.150637729	0.001424954	0.001701865
81	0.150637729	0.001236817	0.001659309
82	0.150637729	0.001045101	0.001614170
83	0.150637729	0.000850018	0.001566501
84	0.150637729	0.000651777	0.001516368
85	0.150637729	0.000450589	0.001463845
86	0.150637729	0.000246665	0.001409012
87	0.150637729	0.000040219	0.001351960
88	0.150637729	-0.000168540	0.001292787
89	0.150637729	-0.000379399	0.001231596
90	0.150637729	-0.000591225	0.001163957
91	0.150637729	-0.000805139	0.001096540
92	0.150637729	-0.001020274	0.001026223
93	0.150637729	-0.001236315	0.000952614
94	0.150637729	-0.001452913	0.000875142
95	0.150637729	-0.001669675	0.000793003
96	0.150637729	-0.001886147	0.000705097
97	0.150637729	-0.002101803	0.000609952
98	0.150637729	-0.002316030	0.000505640
99	0.150637729	-0.002515790	0.000395097
1	0.150838794	-0.002470384	0.000403918
2	0.150838794	-0.002246343	0.000399881
3	0.150838794	-0.002024614	0.000405850
4	0.150838794	-0.001804938	0.000419447
5	0.150838794	-0.001587119	0.000438614
6	0.150838794	-0.001371055	0.000461753
7	0.150838794	-0.001156721	0.000487637
8	0.150838794	-0.000944149	0.000515339
9	0.150838794	-0.000733420	0.000544166
10	0.150838794	-0.000524650	0.000573608
11	0.150838794	-0.000317343	0.000600194
12	0.150838794	-0.000113177	0.000631011
13	0.150838794	0.000088631	0.000661218
14	0.150838794	0.000287869	0.000690822
15	0.150838794	0.000484326	0.000719825
16	0.150838794	0.000677796	0.000748232
17	0.150838794	0.000868075	0.000776042
18	0.150838794	0.001054964	0.000803257
19	0.150838794	0.001238266	0.000829873
20	0.150838794	0.001417790	0.000855887
21	0.150838794	0.001593348	0.000881295
22	0.150838794	0.001764757	0.000906091
23	0.150838794	0.001931838	0.000930266
24	0.150838794	0.002094417	0.000953811
25	0.150838794	0.002252325	0.000976718
26	0.150838794	0.002405398	0.000998974
27	0.150838794	0.002553477	0.001020567
28	0.150838794	0.002696409	0.001041484
29	0.150838794	0.002834046	0.001061710
30	0.150838794	0.002966245	0.001081229
31	0.150838794	0.003092870	0.001100025
32	0.150838794	0.003213792	0.001118352
33	0.150838794	0.003328378	0.001138707
34	0.150838794	0.003436335	0.001161713
35	0.150838794	0.003537411	0.001187328
36	0.150838794	0.003631338	0.001215470
37	0.150838794	0.003717838	0.001246008
38	0.150838794	0.003796621	0.001278758
39	0.150838794	0.003867385	0.001313462
40	0.150838794	0.003929829	0.001349771
41	0.150838794	0.003983671	0.001387202
42	0.150838794	0.004028692	0.001425101
43	0.150838794	0.004064824	0.001462585
44	0.150838794	0.004092277	0.001498525
45	0.150838794	0.004111693	0.001531592
46	0.150838794	0.004124227	0.001560414
47	0.150838794	0.004131455	0.001583804
48	0.150838794	0.004135087	0.001600932
49	0.150838794	0.004136609	0.001611335
50	0.150838794	0.004137002	0.001614819
51	0.150838794	0.004137346	0.001618409
52	0.150838794	0.004138008	0.001629204
53	0.150838794	0.004137851	0.001647212
54	0.150838794	0.004134976	0.001672225
55	0.150838794	0.004126879	0.001703511
56	0.150838794	0.004110948	0.001739571
57	0.150838794	0.004085171	0.001778263
58	0.150838794	0.004048566	0.001817315
59	0.150838794	0.004001073	0.001854809
60	0.150838794	0.003943156	0.001889346
61	0.150838794	0.003875476	0.001919969
62	0.150838794	0.003798713	0.001946016
63	0.150838794	0.003713510	0.001967011
64	0.150838794	0.003620455	0.001982597
65	0.150838794	0.003520090	0.001992505
66	0.150838794	0.003412916	0.001996534
67	0.150838794	0.003299396	0.001994547
68	0.150838794	0.003179961	0.001986466
69	0.150838794	0.003054856	0.001973740
70	0.150838794	0.002924024	0.001958831
71	0.150838794	0.002787641	0.001941653
72	0.150838794	0.002645880	0.001922129
73	0.150838794	0.002498915	0.001900195
74	0.150838794	0.002346928	0.001875802
75	0.150838794	0.002190103	0.001848914
76	0.150838794	0.002028627	0.001819509
77	0.150838794	0.001862691	0.001787574
78	0.150838794	0.001692487	0.001753113
79	0.150838794	0.001518213	0.001716135
80	0.150838794	0.001340064	0.001676664
81	0.150838794	0.001158241	0.001634732
82	0.150838794	0.000972944	0.001590381
83	0.150838794	0.000784375	0.001543662
84	0.150838794	0.000592738	0.001494634
85	0.150838794	0.000398235	0.001443365
86	0.150838794	0.000201072	0.001389930
87	0.150838794	0.000001452	0.001334414
88	0.150838794	-0.000200419	0.001276906
89	0.150838794	-0.000404338	0.001217507
90	0.150838794	-0.000609170	0.001151811
91	0.150838794	-0.000816052	0.001086427
92	0.150838794	-0.001024117	0.001018248
93	0.150838794	-0.001233057	0.000946877
94	0.150838794	-0.001442525	0.000871732
95	0.150838794	-0.001652130	0.000792001
96	0.150838794	-0.001861420	0.000706571
97	0.150838794	-0.002069866	0.000613957
98	0.150838794	-0.002276852	0.000512211
99	0.150838794	-0.002470384	0.000403918
1	0.151000000	-0.002433936	0.000410974
2	0.151000000	-0.002216299	0.000405716
3	0.151000000	-0.002001013	0.000410535
4	0.151000000	-0.001787795	0.000423020
5	0.151000000	-0.001576437	0.000441113
6	0.151000000	-0.001366826	0.000463212
7	0.151000000	-0.001158924	0.000488090
8	0.151000000	-0.000952756	0.000514818
9	0.151000000	-0.000748392	0.000542700
10	0.151000000	-0.000545941	0.000571225
11	0.151000000	-0.000344888	0.000596921
12	0.151000000	-0.000146926	0.000626865
13	0.151000000	0.000048751	0.000656221
14	0.151000000	0.000241935	0.000684991
15	0.151000000	0.000432423	0.000713178
16	0.151000000	0.000620015	0.000740784
17	0.151000000	0.000804513	0.000767807
18	0.151000000	0.000985724	0.000794247
19	0.151000000	0.001163459	0.000820101
20	0.151000000	0.001337532	0.000845364
21	0.151000000	0.001507760	0.000870030
22	0.151000000	0.001673966	0.000894094
23	0.151000000	0.001835976	0.000917546
24	0.151000000	0.001993623	0.000940378
25	0.151000000	0.002146743	0.000962579
26	0.151000000	0.002295175	0.000984137
27	0.151000000	0.002438767	0.001005041
28	0.151000000	0.002577370	0.001025276
29	0.151000000	0.002710840	0.001044829
30	0.151000000	0.002839039	0.001063683
31	0.151000000	0.002961865	0.001081969
32	0.151000000	0.003078740	0.001101816
33	0.151000000	0.003189388	0.001123994
34	0.151000000	0.003293577	0.001148506
35	0.151000000	0.003391065	0.001175319
36	0.151000000	0.003481600	0.001204357
37	0.151000000	0.003564921	0.001235497
38	0.151000000	0.003640757	0.001268562
39	0.151000000	0.003708830	0.001303305
40	0.151000000	0.003768863	0.001339386
41	0.151000000	0.003820607	0.001376343
42	0.151000000	0.003863876	0.001413547
43	0.151000000	0.003898632	0.001450164
44	0.151000000	0.003925101	0.001485131
45	0.151000000	0.003943907	0.001517208
46	0.151000000	0.003956146	0.001545120
47	0.151000000	0.003963298	0.001567757
48	0.151000000	0.003966965	0.001584333
49	0.151000000	0.003968544	0.001594405
50	0.151000000	0.003968963	0.001597779
51	0.151000000	0.003969337	0.001601258
52	0.151000000	0.003970104	0.001611722
53	0.151000000	0.003970183	0.001629193
54	0.151000000	0.003967743	0.001653498
55	0.151000000	0.003960345	0.001683964
56	0.151000000	0.003945396	0.001719165
57	0.151000000	0.003920861	0.001757011
58	0.151000000	0.003885729	0.001795247
59	0.151000000	0.003839935	0.001831971
60	0.151000000	0.003783952	0.001865817
61	0.151000000	0.003718450	0.001895870
62	0.151000000	0.003644111	0.001921525
63	0.151000000	0.003561568	0.001942360
64	0.151000000	0.003471393	0.001958073
65	0.151000000	0.003374102	0.001968443
66	0.151000000	0.003270167	0.001973310
67	0.151000000	0.003160021	0.001972560
68	0.151000000	0.003044065	0.001966148
69	0.151000000	0.002922662	0.001954093
70	0.151000000	0.002795929	0.001938128
71	0.151000000	0.002663805	0.001920050
72	0.151000000	0.002526467	0.001899768
73	0.151000000	0.002384086	0.001877221
74	0.151000000	0.002236833	0.001852366
75	0.151000000	0.002084886	0.001825168
76	0.151000000	0.001928423	0.001795604
77	0.151000000	0.001767630	0.001763664
78	0.151000000	0.001602690	0.001729347
79	0.151000000	0.001433793	0.001692664
80	0.151000000	0.001261128	0.001653635
81	0.151000000	0.001084889	0.001612289
82	0.151000000	0.000905269	0.001568664
83	0.151000000	0.000722464	0.001522807
84	0.151000000	0.000536669	0.001474775
85	0.151000000	0.000348082	0.001424628
86	0.151000000	0.000156901	0.001372440
87	0.151000000	-0.000036676	0.001318287
88	0.151000000	-0.000232450	0.001262255
89	0.151000000	-0.000430225	0.001204439
90	0.151000000	-0.000628863	0.001140455
91	0.151000000	-0.000829517	0.001076860
92	0.151000000	-0.001031322	0.001010563
93	0.151000000	-0.001233971	0.000941158
94	0.151000000	-0.001437123	0.000868057
95	0.151000000	-0.001640387	0.000790440
96	0.151000000	-0.001843313	0.000707184
97	0.151000000	-0.002045371	0.000616791
98	0.151000000	-0.002245941	0.000517298
99	0.151000000	-0.002433936	0.000410974
