Node_ID	X(mm)	Y(mm)	Z(mm)
1	0.005181465	0.009542838	0.023500000
2	0.004254716	0.008600335	0.023500000
3	0.003292886	0.007695862	0.023500000
4	0.002363235	0.006783978	0.023500000
5	0.001458526	0.005878320	0.023500000
6	0.000577877	0.004987446	0.023500000
7	-0.000276065	0.004117006	0.023500000
8	-0.001098724	0.003270915	0.023500000
9	-0.001884443	0.002451982	0.023500000
10	-0.002626941	0.001662264	0.023500000
11	-0.003319572	0.000903314	0.023500000
12	-0.003955547	0.000176477	0.023500000
13	-0.004528212	-0.000516745	0.023500000
14	-0.005031479	-0.001174188	0.023500000
15	-0.005460486	-0.001792445	0.023500000
16	-0.005812536	-0.002366319	0.023500000
17	-0.006088217	-0.002888593	0.023500000
18	-0.006292294	-0.003350399	0.023500000
19	-0.006408375	-0.003748848	0.023500000
20	-0.006340053	-0.004063471	0.023500000
21	-0.006202443	-0.004252174	0.023500000
22	-0.006097874	-0.004346651	0.023500000
23	-0.006059759	-0.004374312	0.023500000
24	-0.006018214	-0.004401216	0.023500000
25	-0.005882544	-0.004459657	0.023500000
26	-0.005638637	-0.004489216	0.023500000
27	-0.005296071	-0.004476638	0.023500000
28	-0.004861906	-0.004420042	0.023500000
29	-0.004350183	-0.004280758	0.023500000
30	-0.003772336	-0.004053965	0.023500000
31	-0.003140129	-0.003736437	0.023500000
32	-0.002466094	-0.003322918	0.023500000
33	-0.001761689	-0.002812232	0.023500000
34	-0.001037658	-0.002205116	0.023500000
35	-0.000304513	-0.001503317	0.023500000
36	0.000427010	-0.000709150	0.023500000
37	0.001145759	0.000174513	0.023500000
38	0.001840412	0.001143916	0.023500000
39	0.002500301	0.002193899	0.023500000
40	0.003116651	0.003317576	0.023500000
41	0.003683516	0.004506752	0.023500000
42	0.004197260	0.005753497	0.023500000
43	0.004653674	0.007052885	0.023500000
44	0.005042703	0.008406683	0.023500000
45	0.005181465	0.009542838	0.023500000
1	0.005954048	0.009970431	0.025885455
2	0.004932085	0.008972211	0.025885455
3	0.003911780	0.007983515	0.025885455
4	0.002913544	0.006996480	0.025885455
5	0.001934982	0.006021953	0.025885455
6	0.000977911	0.005067201	0.025885455
7	0.000046546	0.004137318	0.025885455
8	-0.000853515	0.003235997	0.025885455
9	-0.001715865	0.002365945	0.025885455
10	-0.002533604	0.001529135	0.025885455
11	-0.003299522	0.000726998	0.025885455
12	-0.004006263	-0.000039349	0.025885455
13	-0.004646491	-0.000768809	0.025885455
14	-0.005213177	-0.001459876	0.025885455
15	-0.005700062	-0.002110056	0.025885455
16	-0.006102465	-0.002715177	0.025885455
17	-0.006418543	-0.003268727	0.025885455
18	-0.006650890	-0.003761646	0.025885455
19	-0.006795649	-0.004186646	0.025885455
20	-0.006763079	-0.004532541	0.025885455
21	-0.006627990	-0.004744927	0.025885455
22	-0.006516472	-0.004848333	0.025885455
23	-0.006475819	-0.004878853	0.025885455
24	-0.006431874	-0.004907968	0.025885455
25	-0.006289170	-0.004974817	0.025885455
26	-0.006032133	-0.005023092	0.025885455
27	-0.005667230	-0.005016700	0.025885455
28	-0.005206350	-0.004947324	0.025885455
29	-0.004667733	-0.004776612	0.025885455
30	-0.004054912	-0.004528880	0.025885455
31	-0.003386350	-0.004181339	0.025885455
32	-0.002676337	-0.003728303	0.025885455
33	-0.001937017	-0.003169601	0.025885455
34	-0.001179132	-0.002507441	0.025885455
35	-0.000412480	-0.001745354	0.025885455
36	0.000353673	-0.000887662	0.025885455
37	0.001110430	0.000060660	0.025885455
38	0.001849416	0.001093875	0.025885455
39	0.002563234	0.002205279	0.025885455
40	0.003246036	0.003387132	0.025885455
41	0.003893781	0.004631007	0.025885455
42	0.004503620	0.005928752	0.025885455
43	0.005072005	0.007274153	0.025885455
44	0.005591465	0.008665290	0.025885455
45	0.005954048	0.009970431	0.025885455
1	0.006653817	0.010149518	0.028270909
2	0.005551701	0.009125435	0.028270909
3	0.004468391	0.008096400	0.028270909
4	0.003405244	0.007071097	0.028270909
5	0.002360643	0.006060649	0.028270909
6	0.001337012	0.005072500	0.028270909
7	0.000339161	0.004111763	0.028270909
8	-0.000626729	0.003182038	0.028270909
9	-0.001553714	0.002285898	0.028270909
10	-0.002434428	0.001425179	0.028270909
11	-0.003261273	0.000601190	0.028270909
12	-0.004026542	-0.000185112	0.028270909
13	-0.004722495	-0.000932904	0.028270909
14	-0.005341458	-0.001641201	0.028270909
15	-0.005876006	-0.002308406	0.028270909
16	-0.006319389	-0.002931630	0.028270909
17	-0.006666506	-0.003505707	0.028270909
18	-0.006915894	-0.004022093	0.028270909
19	-0.007066393	-0.004470272	0.028270909
20	-0.007052844	-0.004836676	0.028270909
21	-0.006924345	-0.005068002	0.028270909
22	-0.006811438	-0.005181377	0.028270909
23	-0.006769284	-0.005214323	0.028270909
24	-0.006723916	-0.005245597	0.028270909
25	-0.006577880	-0.005322015	0.028270909
26	-0.006313006	-0.005389515	0.028270909
27	-0.005931809	-0.005394102	0.028270909
28	-0.005450339	-0.005320246	0.028270909
29	-0.004885832	-0.005146564	0.028270909
30	-0.004246584	-0.004884564	0.028270909
31	-0.003550256	-0.004516545	0.028270909
32	-0.002811312	-0.004038026	0.028270909
33	-0.002042259	-0.003449137	0.028270909
34	-0.001253681	-0.002752892	0.028270909
35	-0.000454648	-0.001953973	0.028270909
36	0.000346846	-0.001058032	0.028270909
37	0.001143615	-0.000071381	0.028270909
38	0.001929214	0.000999094	0.028270909
39	0.002698035	0.002145927	0.028270909
40	0.003445439	0.003361132	0.028270909
41	0.004167675	0.004636498	0.028270909
42	0.004861308	0.005964270	0.028270909
43	0.005521878	0.007338363	0.028270909
44	0.006141642	0.008756196	0.028270909
45	0.006653817	0.010149518	0.028270909
1	0.007286138	0.009981653	0.030656364
2	0.006120784	0.008977315	0.030656364
3	0.004983368	0.007958581	0.030656364
4	0.003866009	0.006943446	0.030656364
5	0.002766772	0.005944160	0.030656364
6	0.001688424	0.004968290	0.030656364
7	0.000636418	0.004020549	0.030656364
8	-0.000382420	0.003103992	0.030656364
9	-0.001360660	0.002220743	0.030656364
10	-0.002290698	0.001372402	0.030656364
11	-0.003164952	0.000560269	0.030656364
12	-0.003975938	-0.000214537	0.030656364
13	-0.004716254	-0.000951008	0.030656364
14	-0.005378479	-0.001648177	0.030656364
15	-0.005954983	-0.002305001	0.030656364
16	-0.006437625	-0.002920102	0.030656364
17	-0.006817336	-0.003491095	0.030656364
18	-0.007084018	-0.004012891	0.030656364
19	-0.007227116	-0.004474217	0.030656364
20	-0.007222139	-0.004850629	0.030656364
21	-0.007113106	-0.005098200	0.030656364
22	-0.007007046	-0.005222482	0.030656364
23	-0.006966291	-0.005258945	0.030656364
24	-0.006921778	-0.005293126	0.030656364
25	-0.006776446	-0.005377157	0.030656364
26	-0.006510020	-0.005458141	0.030656364
27	-0.006122354	-0.005477466	0.030656364
28	-0.005629972	-0.005415090	0.030656364
29	-0.005047678	-0.005264790	0.030656364
30	-0.004393630	-0.005005184	0.030656364
31	-0.003678308	-0.004641941	0.030656364
32	-0.002916206	-0.004169365	0.030656364
33	-0.002120250	-0.003586348	0.030656364
34	-0.001301281	-0.002895376	0.030656364
35	-0.000468268	-0.002101183	0.030656364
36	0.000371261	-0.001209807	0.030656364
37	0.001210804	-0.000228034	0.030656364
38	0.002044596	0.000836894	0.030656364
39	0.002867460	0.001977405	0.030656364
40	0.003674733	0.003185702	0.030656364
41	0.004462169	0.004453964	0.030656364
42	0.005225594	0.005774828	0.030656364
43	0.005960092	0.007142319	0.030656364
44	0.006658485	0.008553390	0.030656364
45	0.007286138	0.009981653	0.030656364
1	0.007811725	0.009534942	0.033041818
2	0.006604230	0.008580395	0.033041818
3	0.005425691	0.007608196	0.033041818
4	0.004267168	0.006638823	0.033041818
5	0.003126706	0.005685303	0.033041818
6	0.002007446	0.004755080	0.033041818
7	0.000915293	0.003852358	0.033041818
8	-0.000142564	0.002979632	0.033041818
9	-0.001158494	0.002138572	0.033041818
10	-0.002124850	0.001330482	0.033041818
11	-0.003034152	0.000556512	0.033041818
12	-0.003879131	-0.000182261	0.033041818
13	-0.004652690	-0.000884817	0.033041818
14	-0.005347775	-0.001550204	0.033041818
15	-0.005957124	-0.002177539	0.033041818
16	-0.006472814	-0.002765953	0.033041818
17	-0.006885386	-0.003314291	0.033041818
18	-0.007182330	-0.003819916	0.033041818
19	-0.007346498	-0.004274373	0.033041818
20	-0.007367569	-0.004651171	0.033041818
21	-0.007286416	-0.004909553	0.033041818
22	-0.007193064	-0.005043846	0.033041818
23	-0.007155237	-0.005083391	0.033041818
24	-0.007113356	-0.005120967	0.033041818
25	-0.006973270	-0.005214160	0.033041818
26	-0.006710591	-0.005308624	0.033041818
27	-0.006323236	-0.005345767	0.033041818
28	-0.005827440	-0.005303909	0.033041818
29	-0.005238001	-0.005176488	0.033041818
30	-0.004569928	-0.004949824	0.033041818
31	-0.003837823	-0.004616736	0.033041818
32	-0.003054846	-0.004174870	0.033041818
33	-0.002232622	-0.003624898	0.033041818
34	-0.001381442	-0.002969446	0.033041818
35	-0.000510470	-0.002212517	0.033041818
36	0.000372098	-0.001359168	0.033041818
37	0.001258949	-0.000415319	0.033041818
38	0.002143588	0.000612381	0.033041818
39	0.003020294	0.001716690	0.033041818
40	0.003884015	0.002889970	0.033041818
41	0.004730175	0.004124503	0.033041818
42	0.005554274	0.005413047	0.033041818
43	0.006351198	0.006749731	0.033041818
44	0.007114175	0.008131438	0.033041818
45	0.007811725	0.009534942	0.033041818
1	0.008302819	0.009097979	0.035427273
2	0.007056763	0.008189840	0.035427273
3	0.005838736	0.007262947	0.035427273
4	0.004640696	0.006338156	0.035427273
5	0.003461181	0.005428692	0.035427273
6	0.002303596	0.004541967	0.035427273
7	0.001173989	0.003682019	0.035427273
8	0.000079637	0.002851095	0.035427273
9	-0.000971767	0.002050577	0.035427273
10	-0.001972522	0.001281468	0.035427273
11	-0.002915109	0.000544616	0.035427273
12	-0.003792233	-0.000159190	0.035427273
13	-0.004596794	-0.000829205	0.035427273
14	-0.005321776	-0.001464734	0.035427273
15	-0.005960032	-0.002065131	0.035427273
16	-0.006503884	-0.002629750	0.035427273
17	-0.006944390	-0.003157681	0.035427273
18	-0.007270076	-0.003646731	0.035427273
19	-0.007465430	-0.004089830	0.035427273
20	-0.007517206	-0.004464493	0.035427273
21	-0.007458301	-0.004729357	0.035427273
22	-0.007375835	-0.004870938	0.035427273
23	-0.007340998	-0.004913277	0.035427273
24	-0.007301747	-0.004953921	0.035427273
25	-0.007167485	-0.005056448	0.035427273
26	-0.006909354	-0.005165578	0.035427273
27	-0.006522564	-0.005220894	0.035427273
28	-0.006023345	-0.005200637	0.035427273
29	-0.005426638	-0.005097366	0.035427273
30	-0.004747042	-0.004897278	0.035427273
31	-0.003998750	-0.004593244	0.035427273
32	-0.003194632	-0.004182751	0.035427273
33	-0.002346188	-0.003666116	0.035427273
34	-0.001463759	-0.003045499	0.035427273
35	-0.000556715	-0.002324377	0.035427273
36	0.000366421	-0.001507284	0.035427273
37	0.001297912	-0.000599651	0.035427273
38	0.002230787	0.000392305	0.035427273
39	0.003158818	0.001461697	0.035427273
40	0.004076470	0.002601158	0.035427273
41	0.004978742	0.003803159	0.035427273
42	0.005860835	0.005060561	0.035427273
43	0.006717546	0.006367539	0.035427273
44	0.007542340	0.007720973	0.035427273
45	0.008302819	0.009097979	0.035427273
1	0.008763101	0.008674681	0.037812727
2	0.007480768	0.007810829	0.037812727
3	0.006225592	0.006927194	0.037812727
4	0.004990366	0.006045006	0.037812727
5	0.003774102	0.005177666	0.037812727
6	0.002580464	0.004332558	0.037812727
7	0.001415643	0.003513555	0.037812727
8	0.000287004	0.002722662	0.037812727
9	-0.000797696	0.001960984	0.037812727
10	-0.001830708	0.001229232	0.037812727
11	-0.002804469	0.000527964	0.037812727
12	-0.003711655	-0.000142314	0.037812727
13	-0.004545157	-0.000781123	0.037812727
14	-0.005297983	-0.001388014	0.037812727
15	-0.005963066	-0.001962568	0.037812727
16	-0.006532916	-0.002504352	0.037812727
17	-0.006998983	-0.003012674	0.037812727
18	-0.007350582	-0.003485683	0.037812727
19	-0.007573654	-0.003917265	0.037812727
20	-0.007654118	-0.004288126	0.037812727
21	-0.007617646	-0.004557831	0.037812727
22	-0.007546758	-0.004706069	0.037812727
23	-0.007515153	-0.004751071	0.037812727
24	-0.007478780	-0.004794685	0.037812727
25	-0.007350885	-0.004906325	0.037812727
26	-0.007097673	-0.005029559	0.037812727
27	-0.006711719	-0.005101986	0.037812727
28	-0.006209531	-0.005102438	0.037812727
29	-0.005606143	-0.005022346	0.037812727
30	-0.004915810	-0.004847710	0.037812727
31	-0.004152419	-0.004571411	0.037812727
32	-0.003328616	-0.004190795	0.037812727
33	-0.002455797	-0.003705887	0.037812727
34	-0.001544331	-0.003118451	0.037812727
35	-0.000603738	-0.002431519	0.037812727
36	0.000357202	-0.001649160	0.037812727
37	0.001330409	-0.000776360	0.037812727
38	0.002308505	0.000181069	0.037812727
39	0.003284825	0.001216589	0.037812727
40	0.004253390	0.002323114	0.037812727
41	0.005208796	0.003493315	0.037812727
42	0.006145930	0.004720187	0.037812727
43	0.007059447	0.005997971	0.037812727
44	0.007942940	0.007323578	0.037812727
45	0.008763101	0.008674681	0.037812727
1	0.009192030	0.008265298	0.040198182
2	0.007875754	0.007443703	0.040198182
3	0.006585815	0.006601371	0.040198182
4	0.005315785	0.005759886	0.040198182
5	0.004065134	0.004932812	0.040198182
6	0.002837777	0.004127496	0.040198182
7	0.001640046	0.003347650	0.040198182
8	0.000479390	0.002595049	0.040198182
9	-0.000636374	0.001870529	0.040198182
10	-0.001699448	0.001174521	0.040198182
11	-0.002702231	0.000507307	0.040198182
12	-0.003637373	-0.000130878	0.040198182
13	-0.004497750	-0.000739810	0.040198182
14	-0.005276386	-0.001319276	0.040198182
15	-0.005966273	-0.001869079	0.040198182
16	-0.006560064	-0.002388985	0.040198182
17	-0.007049502	-0.002878509	0.040198182
18	-0.007424496	-0.003336085	0.040198182
19	-0.007672147	-0.003756303	0.040198182
20	-0.007778775	-0.004122134	0.040198182
21	-0.007764112	-0.004394956	0.040198182
22	-0.007705121	-0.004548955	0.040198182
23	-0.007676910	-0.004596397	0.040198182
24	-0.007643601	-0.004642791	0.040198182
25	-0.007522525	-0.004763114	0.040198182
26	-0.007274573	-0.004899759	0.040198182
27	-0.006889722	-0.004988236	0.040198182
28	-0.006385068	-0.005008356	0.040198182
29	-0.005775682	-0.004950314	0.040198182
30	-0.005075517	-0.004799891	0.040198182
31	-0.004298230	-0.004549939	0.040198182
32	-0.003456293	-0.004197671	0.040198182
33	-0.002561018	-0.003742870	0.040198182
34	-0.001622780	-0.003186972	0.040198182
35	-0.000651207	-0.002532627	0.040198182
36	0.000344726	-0.001783505	0.040198182
37	0.001356664	-0.000944189	0.040198182
38	0.002376896	-0.000020118	0.040198182
39	0.003398376	0.000982508	0.040198182
40	0.004414732	0.002056880	0.040198182
41	0.005420178	0.003195891	0.040198182
42	0.006409288	0.004392693	0.040198182
43	0.007376524	0.005641633	0.040198182
44	0.008315504	0.006939691	0.040198182
45	0.009192030	0.008265298	0.040198182
1	0.009589113	0.007870061	0.042583636
2	0.008241286	0.007088774	0.042583636
3	0.006919024	0.006285867	0.042583636
4	0.005616629	0.005483257	0.042583636
5	0.004334015	0.004694647	0.042583636
6	0.003075337	0.003927342	0.042583636
7	0.001847064	0.003184896	0.042583636
8	0.000656724	0.002468863	0.042583636
9	-0.000487811	0.001779827	0.042583636
10	-0.001578703	0.001117953	0.042583636
11	-0.002608318	0.000483259	0.042583636
12	-0.003569282	-0.000124270	0.042583636
13	-0.004454461	-0.000704654	0.042583636
14	-0.005256887	-0.001257905	0.042583636
15	-0.005969599	-0.001784036	0.042583636
16	-0.006585357	-0.002283011	0.042583636
17	-0.007096128	-0.002754540	0.042583636
18	-0.007492253	-0.003197319	0.042583636
19	-0.007761688	-0.003606456	0.042583636
20	-0.007891794	-0.003966459	0.042583636
21	-0.007897635	-0.004240817	0.042583636
22	-0.007850405	-0.004399529	0.042583636
23	-0.007825632	-0.004449110	0.042583636
24	-0.007795474	-0.004498009	0.042583636
25	-0.007681493	-0.004626371	0.042583636
26	-0.007439057	-0.004775587	0.042583636
27	-0.007055569	-0.004879004	0.042583636
28	-0.006548993	-0.004917566	0.042583636
29	-0.005934360	-0.004880308	0.042583636
30	-0.005225361	-0.004752763	0.042583636
31	-0.004435472	-0.004527709	0.042583636
32	-0.003577031	-0.004202238	0.042583636
33	-0.002661275	-0.003775926	0.042583636
34	-0.001698579	-0.003249935	0.042583636
35	-0.000698638	-0.002626599	0.042583636
36	0.000329427	-0.001909238	0.042583636
37	0.001377052	-0.001102087	0.042583636
38	0.002436254	-0.000210242	0.042583636
39	0.003499669	0.000760413	0.042583636
40	0.004560579	0.001803346	0.042583636
41	0.005612849	0.002911681	0.042583636
42	0.006650737	0.004078755	0.042583636
43	0.007668479	0.005299062	0.042583636
44	0.008659623	0.006569711	0.042583636
45	0.009589113	0.007870061	0.042583636
1	0.009953903	0.007489184	0.044969091
2	0.008576983	0.006746323	0.044969091
3	0.007224900	0.005981032	0.044969091
4	0.005892644	0.005215527	0.044969091
5	0.004580553	0.004463627	0.044969091
6	0.003293021	0.003732584	0.044969091
7	0.002036641	0.003025801	0.044969091
8	0.000819014	0.002344621	0.044969091
9	-0.000351943	0.001689392	0.044969091
10	-0.001468360	0.001060033	0.044969091
11	-0.002522577	0.000456321	0.044969091
12	-0.003507202	-0.000121998	0.044969091
13	-0.004415097	-0.000675165	0.044969091
14	-0.005239303	-0.001203405	0.044969091
15	-0.005972895	-0.001706931	0.044969091
16	-0.006608717	-0.002185897	0.044969091
17	-0.007138903	-0.002640212	0.044969091
18	-0.007554104	-0.003068829	0.044969091
19	-0.007842863	-0.003467265	0.044969091
20	-0.007993831	-0.003820996	0.044969091
21	-0.008018420	-0.004095586	0.044969091
22	-0.007982376	-0.004257945	0.044969091
23	-0.007960943	-0.004309323	0.044969091
24	-0.007933895	-0.004360385	0.044969091
25	-0.007827002	-0.004495930	0.044969091
26	-0.007590158	-0.004656635	0.044969091
27	-0.007208253	-0.004773759	0.044969091
28	-0.006700308	-0.004829385	0.044969091
29	-0.006081223	-0.004811522	0.044969091
30	-0.005364458	-0.004705427	0.044969091
31	-0.004563336	-0.004503776	0.044969091
32	-0.003690089	-0.004203532	0.044969091
33	-0.002755888	-0.003804097	0.044969091
34	-0.001771092	-0.003306404	0.044969091
35	-0.000745440	-0.002712518	0.044969091
36	0.000311849	-0.002025470	0.044969091
37	0.001392055	-0.001249190	0.044969091
38	0.002486981	-0.000388468	0.044969091
39	0.003589007	0.000551101	0.044969091
40	0.004691116	0.001563255	0.044969091
41	0.005786860	0.002641357	0.044969091
42	0.006870190	0.003778956	0.044969091
43	0.007935087	0.004970736	0.044969091
44	0.008974950	0.006214001	0.044969091
45	0.009953903	0.007489184	0.044969091
1	0.010286007	0.007122860	0.047354545
2	0.008882564	0.006416627	0.047354545
3	0.007503272	0.005687225	0.047354545
4	0.006143769	0.004957132	0.047354545
5	0.004804806	0.004240248	0.047354545
6	0.003490996	0.003543765	0.047354545
7	0.002209052	0.002870938	0.047354545
8	0.000966638	0.002222916	0.047354545
9	-0.000228296	0.001599830	0.047354545
10	-0.001367857	0.001001379	0.047354545
11	-0.002444372	0.000427117	0.047354545
12	-0.003450441	-0.000123420	0.047354545
13	-0.004378926	-0.000650678	0.047354545
14	-0.005222882	-0.001155076	0.047354545
15	-0.005975421	-0.001637010	0.047354545
16	-0.006629457	-0.002096819	0.047354545
17	-0.007177254	-0.002534611	0.047354545
18	-0.007609687	-0.002949604	0.047354545
19	-0.007915658	-0.003337752	0.047354545
20	-0.008084714	-0.003685166	0.047354545
21	-0.008125744	-0.003959052	0.047354545
22	-0.008099875	-0.004124068	0.047354545
23	-0.008081558	-0.004176891	0.047354545
24	-0.008057460	-0.004229753	0.047354545
25	-0.007957442	-0.004371546	0.047354545
26	-0.007726198	-0.004542634	0.047354545
27	-0.007346102	-0.004672229	0.047354545
28	-0.006837301	-0.004743322	0.047354545
29	-0.006214611	-0.004743258	0.047354545
30	-0.005491235	-0.004657034	0.047354545
31	-0.004680355	-0.004477191	0.047354545
32	-0.003794104	-0.004200557	0.047354545
33	-0.002843590	-0.003826371	0.047354545
34	-0.001839148	-0.003355372	0.047354545
35	-0.000790533	-0.002789401	0.047354545
36	0.000292976	-0.002131245	0.047354545
37	0.001402548	-0.001384573	0.047354545
38	0.002529831	-0.000553910	0.047354545
39	0.003667001	0.000355411	0.047354545
40	0.004806794	0.001337386	0.047354545
41	0.005942485	0.002385623	0.047354545
42	0.007067737	0.003493901	0.047354545
43	0.008176257	0.004657143	0.047354545
44	0.009261231	0.005872917	0.047354545
45	0.010286007	0.007122860	0.047354545
1	0.010585086	0.006771263	0.049740000
2	0.009157834	0.006099942	0.049740000
3	0.007754083	0.005404786	0.049740000
4	0.006370091	0.004708484	0.049740000
5	0.005006997	0.004024981	0.049740000
6	0.003669627	0.003361400	0.049740000
7	0.002364798	0.002720854	0.049740000
8	0.001100222	0.002104316	0.049740000
9	-0.000116125	0.001511725	0.049740000
10	-0.001276344	0.000942585	0.049740000
11	-0.002372759	0.000396259	0.049740000
12	-0.003397975	-0.000127904	0.049740000
13	-0.004344864	-0.000630527	0.049740000
14	-0.005206504	-0.001112199	0.049740000
15	-0.005976049	-0.001573485	0.049740000
16	-0.006646480	-0.002014893	0.049740000
17	-0.007210175	-0.002436727	0.049740000
18	-0.007658179	-0.002838481	0.049740000
19	-0.007979548	-0.003216613	0.049740000
20	-0.008163746	-0.003558061	0.049740000
21	-0.008218261	-0.003830766	0.049740000
22	-0.008201045	-0.003997584	0.049740000
23	-0.008185476	-0.004051514	0.049740000
24	-0.008164047	-0.004105806	0.049740000
25	-0.008070526	-0.004252900	0.049740000
26	-0.007845001	-0.004433464	0.049740000
27	-0.007467035	-0.004574472	0.049740000
28	-0.006957881	-0.004659131	0.049740000
29	-0.006332470	-0.004675015	0.049740000
30	-0.005603728	-0.004606893	0.049740000
31	-0.004784676	-0.004447137	0.049740000
32	-0.003887342	-0.004192422	0.049740000
33	-0.002922768	-0.003841825	0.049740000
34	-0.001901250	-0.003395911	0.049740000
35	-0.000832537	-0.002856333	0.049740000
36	0.000274064	-0.002225670	0.049740000
37	0.001409656	-0.001507375	0.049740000
38	0.002565780	-0.000705745	0.049740000
39	0.003734460	0.000174125	0.049740000
40	0.004908239	0.001126467	0.049740000
41	0.006080155	0.002145134	0.049740000
42	0.007243601	0.003224160	0.049740000
43	0.008392008	0.004358747	0.049740000
44	0.009518294	0.005546798	0.049740000
45	0.010585086	0.006771263	0.049740000
1	0.010850850	0.006434546	0.052125455
2	0.009402582	0.005796454	0.052125455
3	0.007977199	0.005133936	0.052125455
4	0.006571548	0.004469831	0.052125455
5	0.005187141	0.003818091	0.052125455
6	0.003828998	0.003185756	0.052125455
7	0.002504030	0.002575807	0.052125455
8	0.001219985	0.001989062	0.052125455
9	-0.000015156	0.001425294	0.052125455
10	-0.001193495	0.000883843	0.052125455
11	-0.002307369	0.000363914	0.052125455
12	-0.003349400	-0.000135299	0.052125455
13	-0.004312483	-0.000614568	0.052125455
14	-0.005189730	-0.001074628	0.052125455
15	-0.005974340	-0.001516188	0.052125455
16	-0.006659370	-0.001939913	0.052125455
17	-0.007237302	-0.002346300	0.052125455
18	-0.007699314	-0.002735135	0.052125455
19	-0.008034459	-0.003103466	0.052125455
20	-0.008231150	-0.003439452	0.052125455
21	-0.008296172	-0.003710868	0.052125455
22	-0.008285793	-0.003878842	0.052125455
23	-0.008272465	-0.003933570	0.052125455
24	-0.008253271	-0.003988924	0.052125455
25	-0.008165496	-0.004140258	0.052125455
26	-0.007945590	-0.004329175	0.052125455
27	-0.007570065	-0.004480472	0.052125455
28	-0.007060988	-0.004576665	0.052125455
29	-0.006433735	-0.004606518	0.052125455
30	-0.005700902	-0.004554637	0.052125455
31	-0.004875309	-0.004413194	0.052125455
32	-0.003968865	-0.004178685	0.052125455
33	-0.002992532	-0.003850019	0.052125455
34	-0.001956557	-0.003427597	0.052125455
35	-0.000870661	-0.002912908	0.052125455
36	0.000255850	-0.002308359	0.052125455
37	0.001414051	-0.001617224	0.052125455
38	0.002595424	-0.000843608	0.052125455
39	0.003791888	0.000007599	0.052125455
40	0.004995841	0.000930848	0.052125455
41	0.006200125	0.001920231	0.052125455
42	0.007397895	0.002970053	0.052125455
43	0.008582302	0.004075835	0.052125455
44	0.009745967	0.005235882	0.052125455
45	0.010850850	0.006434546	0.052125455
1	0.011083063	0.006112835	0.054510909
2	0.009616543	0.005506267	0.054510909
3	0.008172323	0.004874763	0.054510909
4	0.006747811	0.004241238	0.054510909
5	0.005344874	0.003619611	0.054510909
6	0.003968714	0.003016825	0.054510909
7	0.002626318	0.002435738	0.054510909
8	0.001325456	0.001877034	0.054510909
9	0.000074106	0.001340353	0.054510909
10	-0.001119854	0.000824906	0.054510909
11	-0.002248786	0.000329770	0.054510909
12	-0.003305339	-0.000145982	0.054510909
13	-0.004282444	-0.000603239	0.054510909
14	-0.005173256	-0.001042855	0.054510909
15	-0.005971029	-0.001465662	0.054510909
16	-0.006668894	-0.001872472	0.054510909
17	-0.007259429	-0.002263975	0.054510909
18	-0.007733904	-0.002640286	0.054510909
19	-0.008081244	-0.002999123	0.054510909
20	-0.008288477	-0.003330005	0.054510909
21	-0.008361721	-0.003600146	0.054510909
22	-0.008356430	-0.003768838	0.054510909
23	-0.008344755	-0.003824106	0.054510909
24	-0.008327225	-0.003880173	0.054510909
25	-0.008243854	-0.004034505	0.054510909
26	-0.008028711	-0.004229926	0.054510909
27	-0.007655686	-0.004389900	0.054510909
28	-0.007147096	-0.004495655	0.054510909
29	-0.006518844	-0.004537569	0.054510909
30	-0.005783158	-0.004500132	0.054510909
31	-0.004952623	-0.004375294	0.054510909
32	-0.004039003	-0.004159343	0.054510909
33	-0.003053169	-0.003851009	0.054510909
34	-0.002005305	-0.003450537	0.054510909
35	-0.000905089	-0.002959271	0.054510909
36	0.000238200	-0.002379480	0.054510909
37	0.001415644	-0.001714292	0.054510909
38	0.002618701	-0.000967656	0.054510909
39	0.003839237	-0.000144293	0.054510909
40	0.005069546	0.000750448	0.054510909
41	0.006302318	0.001710890	0.054510909
42	0.007530499	0.002731615	0.054510909
43	0.008746973	0.003808496	0.054510909
44	0.009944042	0.004940299	0.054510909
45	0.011083063	0.006112835	0.054510909
1	0.011281704	0.005806152	0.056896364
2	0.009799647	0.005229384	0.056896364
3	0.008339329	0.004627256	0.056896364
4	0.006898697	0.004022681	0.056896364
5	0.005479955	0.003429497	0.056896364
6	0.004088471	0.002854535	0.056896364
7	0.002731296	0.002300540	0.056896364
8	0.001416209	0.001768087	0.056896364
9	0.000151168	0.001256715	0.056896364
10	-0.001055979	0.000765539	0.056896364
11	-0.002197630	0.000293547	0.056896364
12	-0.003266476	-0.000160276	0.056896364
13	-0.004255491	-0.000596905	0.056896364
14	-0.005157882	-0.001017285	0.056896364
15	-0.005966966	-0.001422353	0.056896364
16	-0.006675949	-0.001813054	0.056896364
17	-0.007277492	-0.002190289	0.056896364
18	-0.007762912	-0.002554544	0.056896364
19	-0.008120890	-0.002904300	0.056896364
20	-0.008337302	-0.003230232	0.056896364
21	-0.008417192	-0.003499082	0.056896364
22	-0.008415443	-0.003668199	0.056896364
23	-0.008404813	-0.003723800	0.056896364
24	-0.008388298	-0.003780266	0.056896364
25	-0.008307542	-0.003936275	0.056896364
26	-0.008095555	-0.004135761	0.056896364
27	-0.007724779	-0.004302323	0.056896364
28	-0.007217023	-0.004415789	0.056896364
29	-0.006588580	-0.004467964	0.056896364
30	-0.005851241	-0.004443277	0.056896364
31	-0.005017311	-0.004333436	0.056896364
32	-0.004098388	-0.004134490	0.056896364
33	-0.003105242	-0.003844979	0.056896364
34	-0.002047980	-0.003464991	0.056896364
35	-0.000936223	-0.002995744	0.056896364
36	0.000220797	-0.002439394	0.056896364
37	0.001414199	-0.001798958	0.056896364
38	0.002635452	-0.001078267	0.056896364
39	0.003876406	-0.000281899	0.056896364
40	0.005129294	0.000584970	0.056896364
41	0.006386697	0.001516878	0.056896364
42	0.007641382	0.002508692	0.056896364
43	0.008885985	0.003556656	0.056896364
44	0.010112486	0.004660043	0.056896364
45	0.011281704	0.005806152	0.056896364
1	0.011447815	0.005513954	0.059281818
2	0.009952831	0.004965300	0.059281818
3	0.008479048	0.004390942	0.059281818
4	0.007024925	0.003813719	0.059281818
5	0.005592987	0.003247341	0.059281818
6	0.004188751	0.002698522	0.059281818
7	0.002819319	0.002169903	0.059281818
8	0.001492466	0.001661971	0.059281818
9	0.000216120	0.001174194	0.059281818
10	-0.001001914	0.000705623	0.059281818
11	-0.002154078	0.000255190	0.059281818
12	-0.003233112	-0.000178176	0.059281818
13	-0.004232046	-0.000595509	0.059281818
14	-0.005144143	-0.000997821	0.059281818
15	-0.005962789	-0.001386136	0.059281818
16	-0.006681264	-0.001761526	0.059281818
17	-0.007292304	-0.002125112	0.059281818
18	-0.007787228	-0.002477805	0.059281818
19	-0.008154391	-0.002818922	0.059281818
20	-0.008379128	-0.003139819	0.059281818
21	-0.008464771	-0.003407246	0.059281818
22	-0.008465368	-0.003576580	0.059281818
23	-0.008455239	-0.003632353	0.059281818
24	-0.008439131	-0.003688957	0.059281818
25	-0.008359136	-0.003845418	0.059281818
26	-0.008148340	-0.004046374	0.059281818
27	-0.007779318	-0.004217191	0.059281818
28	-0.007272772	-0.004336752	0.059281818
29	-0.006644880	-0.004397647	0.059281818
30	-0.005906983	-0.004384259	0.059281818
31	-0.005071071	-0.004288029	0.059281818
32	-0.004148557	-0.004104748	0.059281818
33	-0.003150095	-0.003832742	0.059281818
34	-0.002085713	-0.003471945	0.059281818
35	-0.000964961	-0.003023460	0.059281818
36	0.000202990	-0.002489349	0.059281818
37	0.001409312	-0.001872546	0.059281818
38	0.002645515	-0.001176791	0.059281818
39	0.003903460	-0.000406548	0.059281818
40	0.005175357	0.000433153	0.059281818
41	0.006453708	0.001337054	0.059281818
42	0.007731139	0.002300295	0.059281818
43	0.009000067	0.003319500	0.059281818
44	0.010252170	0.004394461	0.059281818
45	0.011447815	0.005513954	0.059281818
1	0.011582784	0.005235514	0.061667273
2	0.010077354	0.004713336	0.061667273
3	0.008592609	0.004165183	0.061667273
4	0.007127492	0.003613755	0.061667273
5	0.005684827	0.003072605	0.061667273
6	0.004270264	0.002548318	0.061667273
7	0.002890943	0.002043442	0.061667273
8	0.001554626	0.001558398	0.061667273
9	0.000269201	0.001092607	0.061667273
10	-0.000957575	0.000645086	0.061667273
11	-0.002118199	0.000214733	0.061667273
12	-0.003205467	-0.000199551	0.061667273
13	-0.004212466	-0.000598835	0.061667273
14	-0.005132525	-0.000984180	0.061667273
15	-0.005959099	-0.001356680	0.061667273
16	-0.006685544	-0.001717532	0.061667273
17	-0.007304658	-0.002068087	0.061667273
18	-0.007807724	-0.002409738	0.061667273
19	-0.008182752	-0.002742653	0.061667273
20	-0.008415419	-0.003058155	0.061667273
21	-0.008506540	-0.003323868	0.061667273
22	-0.008508647	-0.003493248	0.061667273
23	-0.008498571	-0.003549065	0.061667273
24	-0.008482333	-0.003605585	0.061667273
25	-0.008401358	-0.003761377	0.061667273
26	-0.008189742	-0.003961260	0.061667273
27	-0.007821824	-0.004133929	0.061667273
28	-0.007316825	-0.004258261	0.061667273
29	-0.006690158	-0.004326630	0.061667273
30	-0.005952682	-0.004323363	0.061667273
31	-0.005116045	-0.004239614	0.061667273
32	-0.004191460	-0.004070887	0.061667273
33	-0.003189459	-0.003815281	0.061667273
34	-0.002119984	-0.003472572	0.061667273
35	-0.000992512	-0.003043751	0.061667273
36	0.000183858	-0.002530806	0.061667273
37	0.001400363	-0.001936606	0.061667273
38	0.002648568	-0.001264820	0.061667273
39	0.003920370	-0.000519825	0.061667273
40	0.005207978	0.000293479	0.061667273
41	0.006503847	0.001170016	0.061667273
42	0.007800494	0.002105184	0.061667273
43	0.009090156	0.003095972	0.061667273
44	0.010364247	0.004142685	0.061667273
45	0.011582784	0.005235514	0.061667273
1	0.011687939	0.004970137	0.064052727
2	0.010174480	0.004472866	0.064052727
3	0.008681209	0.003949411	0.064052727
4	0.007207526	0.003422285	0.064052727
5	0.005756527	0.002904858	0.064052727
6	0.004333981	0.002403584	0.064052727
7	0.002947053	0.001920925	0.064052727
8	0.001603481	0.001457257	0.064052727
9	0.000311110	0.001011972	0.064052727
10	-0.000922361	0.000584074	0.064052727
11	-0.002089488	0.000172454	0.064052727
12	-0.003183128	-0.000223997	0.064052727
13	-0.004196432	-0.000606366	0.064052727
14	-0.005122796	-0.000975742	0.064052727
15	-0.005955747	-0.001333282	0.064052727
16	-0.006688719	-0.001680299	0.064052727
17	-0.007314567	-0.002018385	0.064052727
18	-0.007824508	-0.002349457	0.064052727
19	-0.008206248	-0.002674507	0.064052727
20	-0.008446493	-0.002984199	0.064052727
21	-0.008542901	-0.003247874	0.064052727
22	-0.008545840	-0.003417142	0.064052727
23	-0.008535436	-0.003472884	0.064052727
24	-0.008518621	-0.003529123	0.064052727
25	-0.008435266	-0.003683273	0.064052727
26	-0.008221267	-0.003879966	0.064052727
27	-0.007853886	-0.004052336	0.064052727
28	-0.007350717	-0.004180236	0.064052727
29	-0.006725903	-0.004254987	0.064052727
30	-0.005989756	-0.004260816	0.064052727
31	-0.005153556	-0.004188570	0.064052727
32	-0.004228298	-0.004033437	0.064052727
33	-0.003224389	-0.003793274	0.064052727
34	-0.002151680	-0.003467688	0.064052727
35	-0.001019573	-0.003057564	0.064052727
36	0.000162909	-0.002564821	0.064052727
37	0.001387077	-0.001992277	0.064052727
38	0.002644563	-0.001343549	0.064052727
39	0.003927309	-0.000622939	0.064052727
40	0.005227547	0.000164760	0.064052727
41	0.006537707	0.001014636	0.064052727
42	0.007850230	0.001922327	0.064052727
43	0.009157213	0.002885161	0.064052727
44	0.010449857	0.003903923	0.064052727
45	0.011687939	0.004970137	0.064052727
1	0.011764554	0.004717151	0.066438182
2	0.010245536	0.004243328	0.066438182
3	0.008746233	0.003743162	0.066438182
4	0.007266464	0.003238941	0.066438182
5	0.005809570	0.002743839	0.066438182
6	0.004381423	0.002264179	0.066438182
7	0.002989200	0.001802352	0.066438182
8	0.001640609	0.001358697	0.066438182
9	0.000343440	0.000932600	0.066438182
10	-0.000894669	0.000523067	0.066438182
11	-0.002066337	0.000129000	0.066438182
12	-0.003164489	-0.000250704	0.066438182
13	-0.004182343	-0.000617130	0.066438182
14	-0.005113368	-0.000971386	0.066438182
15	-0.005951171	-0.001314671	0.066438182
16	-0.006689265	-0.001648406	0.066438182
17	-0.007320571	-0.001974415	0.066438182
18	-0.007836247	-0.002295163	0.066438182
19	-0.008223743	-0.002612438	0.066438182
20	-0.008470707	-0.002916234	0.066438182
21	-0.008571595	-0.003177760	0.066438182
22	-0.008574597	-0.003346756	0.066438182
23	-0.008563558	-0.003402306	0.066438182
24	-0.008545855	-0.003458091	0.066438182
25	-0.008459370	-0.003609904	0.066438182
26	-0.008242412	-0.003802211	0.066438182
27	-0.007875363	-0.003972798	0.066438182
28	-0.007374299	-0.004102969	0.066438182
29	-0.006751949	-0.004182948	0.066438182
30	-0.006018027	-0.004196820	0.066438182
31	-0.005183410	-0.004135099	0.066438182
32	-0.004258858	-0.003992630	0.066438182
33	-0.003254637	-0.003767004	0.066438182
34	-0.002180506	-0.003457646	0.066438182
35	-0.001045784	-0.003065330	0.066438182
36	0.000140582	-0.002591909	0.066438182
37	0.001369983	-0.002040156	0.066438182
38	0.002634122	-0.001413644	0.066438182
39	0.003925004	-0.000716613	0.066438182
40	0.005234891	0.000046242	0.066438182
41	0.006556212	0.000870154	0.066438182
42	0.007881363	0.001750976	0.066438182
43	0.009202341	0.002686347	0.066438182
44	0.010510187	0.003677488	0.066438182
45	0.011764554	0.004717151	0.066438182
1	0.011813850	0.004475912	0.068823636
2	0.010291765	0.004024159	0.068823636
3	0.008788947	0.003545939	0.068823636
4	0.007305592	0.003063299	0.068823636
5	0.005845259	0.002589212	0.068823636
6	0.004413902	0.002129874	0.068823636
7	0.003018700	0.001687611	0.068823636
8	0.001667321	0.001262743	0.068823636
9	0.000367497	0.000854659	0.068823636
10	-0.000873202	0.000462382	0.068823636
11	-0.002047464	0.000084836	0.068823636
12	-0.003148284	-0.000279061	0.068823636
13	-0.004168953	-0.000630384	0.068823636
14	-0.005103018	-0.000970240	0.068823636
15	-0.005944170	-0.001299862	0.068823636
16	-0.006686014	-0.001620756	0.068823636
17	-0.007321551	-0.001934965	0.068823636
18	-0.007841906	-0.002245489	0.068823636
19	-0.008234331	-0.002554905	0.068823636
20	-0.008486887	-0.002852947	0.068823636
21	-0.008591176	-0.003112342	0.068823636
22	-0.008593551	-0.003280897	0.068823636
23	-0.008581672	-0.003336144	0.068823636
24	-0.008562911	-0.003391333	0.068823636
25	-0.008473089	-0.003540368	0.068823636
26	-0.008253247	-0.003727734	0.068823636
27	-0.007886592	-0.003895556	0.068823636
28	-0.007387896	-0.004026725	0.068823636
29	-0.006768597	-0.004110790	0.068823636
30	-0.006037766	-0.004131667	0.068823636
31	-0.005205843	-0.004079518	0.068823636
32	-0.004283328	-0.003948820	0.068823636
33	-0.003280336	-0.003736873	0.068823636
34	-0.002206522	-0.003442908	0.068823636
35	-0.001071123	-0.003067579	0.068823636
36	0.000116997	-0.002612670	0.068823636
37	0.001349311	-0.002080908	0.068823636
38	0.002617600	-0.001475825	0.068823636
39	0.003913933	-0.000801605	0.068823636
40	0.005230620	-0.000062857	0.068823636
41	0.006560105	0.000735784	0.068823636
42	0.007894763	0.001590365	0.068823636
43	0.009226530	0.002498798	0.068823636
44	0.010546345	0.003462692	0.068823636
45	0.011813850	0.004475912	0.068823636
1	0.011836996	0.004245797	0.071209091
2	0.010314341	0.003814797	0.071209091
3	0.008810525	0.003357234	0.071209091
4	0.007326082	0.002894910	0.071209091
5	0.005864757	0.002440600	0.071209091
6	0.004432569	0.002000381	0.071209091
7	0.003036687	0.001576526	0.071209091
8	0.001684733	0.001169341	0.071209091
9	0.000384372	0.000778227	0.071209091
10	-0.000856894	0.000402234	0.071209091
11	-0.002031829	0.000040312	0.071209091
12	-0.003133501	-0.000308591	0.071209091
13	-0.004155278	-0.000645529	0.071209091
14	-0.005090790	-0.000971601	0.071209091
15	-0.005933817	-0.001288058	0.071209091
16	-0.006678066	-0.001596474	0.071209091
17	-0.007316640	-0.001899079	0.071209091
18	-0.007840675	-0.002199375	0.071209091
19	-0.008237235	-0.002500781	0.071209091
20	-0.008494163	-0.002793335	0.071209091
21	-0.008600807	-0.003050641	0.071209091
22	-0.008602100	-0.003218573	0.071209091
23	-0.008589305	-0.003273422	0.071209091
24	-0.008569467	-0.003327914	0.071209091
25	-0.008476512	-0.003473960	0.071209091
26	-0.008254237	-0.003656250	0.071209091
27	-0.007888210	-0.003820675	0.071209091
28	-0.007392165	-0.003951715	0.071209091
29	-0.006776483	-0.004038800	0.071209091
30	-0.006049568	-0.004065698	0.071209091
31	-0.005221398	-0.004022210	0.071209091
32	-0.004302190	-0.003902428	0.071209091
33	-0.003301894	-0.003703346	0.071209091
34	-0.002230054	-0.003423989	0.071209091
35	-0.001095816	-0.003064882	0.071209091
36	0.000092042	-0.002627731	0.071209091
37	0.001325074	-0.002115215	0.071209091
38	0.002595144	-0.001530822	0.071209091
39	0.003894391	-0.000878681	0.071209091
40	0.005215179	-0.000163321	0.071209091
41	0.006549982	0.000610742	0.071209091
42	0.007891179	0.001439727	0.071209091
43	0.009230680	0.002321784	0.071209091
44	0.010559374	0.003258854	0.071209091
45	0.011836996	0.004245797	0.071209091
1	0.011835121	0.004026200	0.073594545
2	0.010314537	0.003614742	0.073594545
3	0.008812386	0.003176637	0.073594545
4	0.007329493	0.002733458	0.073594545
5	0.005869759	0.002297795	0.073594545
6	0.004439248	0.001875619	0.073594545
7	0.003045108	0.001469156	0.073594545
8	0.001694904	0.001078705	0.073594545
9	0.000396232	0.000703684	0.073594545
10	-0.000843482	0.000343172	0.073594545
11	-0.002017080	-0.000003848	0.073594545
12	-0.003117708	-0.000338399	0.073594545
13	-0.004138817	-0.000661505	0.073594545
14	-0.005074123	-0.000974251	0.073594545
15	-0.005917508	-0.001277884	0.073594545
16	-0.006662794	-0.001574020	0.073594545
17	-0.007303219	-0.001865021	0.073594545
18	-0.007830023	-0.002154793	0.073594545
19	-0.008229960	-0.002447868	0.073594545
20	-0.008489535	-0.002735638	0.073594545
21	-0.008596969	-0.002991118	0.073594545
22	-0.008596821	-0.003158229	0.073594545
23	-0.008583191	-0.003212611	0.073594545
24	-0.008562459	-0.003266378	0.073594545
25	-0.008467223	-0.003409647	0.073594545
26	-0.008243655	-0.003587558	0.073594545
27	-0.007878855	-0.003748670	0.073594545
28	-0.007385808	-0.003878524	0.073594545
29	-0.006774317	-0.003967458	0.073594545
30	-0.006052164	-0.003999273	0.073594545
31	-0.005228838	-0.003963426	0.073594545
32	-0.004314250	-0.003853620	0.073594545
33	-0.003318160	-0.003666537	0.073594545
34	-0.002249989	-0.003400980	0.073594545
35	-0.001118784	-0.003057335	0.073594545
36	0.000066768	-0.002637220	0.073594545
37	0.001298310	-0.002143254	0.073594545
38	0.002567788	-0.001578874	0.073594545
39	0.003867416	-0.000948148	0.073594545
40	0.005189618	-0.000255525	0.073594545
41	0.006526913	0.000494590	0.073594545
42	0.007871701	0.001298566	0.073594545
43	0.009215903	0.002154762	0.073594545
44	0.010550402	0.003065393	0.073594545
45	0.011835121	0.004026200	0.073594545
1	0.011809312	0.003816533	0.075980000
2	0.010293481	0.003423461	0.075980000
3	0.008795696	0.003003663	0.075980000
4	0.007317026	0.002578513	0.075980000
5	0.005861498	0.002160437	0.075980000
6	0.004435199	0.001755315	0.075980000
7	0.003045244	0.001365335	0.075980000
8	0.001699134	0.000990791	0.075980000
9	0.000404392	0.000631118	0.075980000
10	-0.000831637	0.000285420	0.075980000
11	-0.002001878	-0.000047290	0.075980000
12	-0.003099558	-0.000368003	0.075980000
13	-0.004118216	-0.000677717	0.075980000
14	-0.005051661	-0.000977490	0.075980000
15	-0.005893881	-0.001268557	0.075980000
16	-0.006638832	-0.001552539	0.075980000
17	-0.007279922	-0.001831867	0.075980000
18	-0.007808604	-0.002110703	0.075980000
19	-0.008211187	-0.002395034	0.075980000
20	-0.008471707	-0.002678757	0.075980000
21	-0.008578474	-0.002932644	0.075980000
22	-0.008576842	-0.003098729	0.075980000
23	-0.008562604	-0.003152613	0.075980000
24	-0.008541308	-0.003205694	0.075980000
25	-0.008444960	-0.003346672	0.075980000
26	-0.008221456	-0.003521269	0.075980000
27	-0.007858634	-0.003679518	0.075980000
28	-0.007368997	-0.003807402	0.075980000
29	-0.006762275	-0.003897134	0.075980000
30	-0.006045705	-0.003932814	0.075980000
31	-0.005228280	-0.003903596	0.075980000
32	-0.004319583	-0.003802820	0.075980000
33	-0.003329168	-0.003626863	0.075980000
34	-0.002266312	-0.003374306	0.075980000
35	-0.001139951	-0.003045384	0.075980000
36	0.000041324	-0.002641612	0.075980000
37	0.001269249	-0.002165538	0.075980000
38	0.002535854	-0.001620531	0.075980000
39	0.003833432	-0.001010592	0.075980000
40	0.005154472	-0.000340088	0.075980000
41	0.006491547	0.000386684	0.075980000
42	0.007837100	0.001166228	0.075980000
43	0.009183085	0.001997079	0.075980000
44	0.010520426	0.002881680	0.075980000
45	0.011809312	0.003816533	0.075980000
1	0.011760614	0.003616223	0.078365455
2	0.010252044	0.003240364	0.078365455
3	0.008761147	0.002837703	0.078365455
4	0.007289192	0.002429456	0.078365455
5	0.005840300	0.002027918	0.078365455
6	0.004420563	0.001638896	0.078365455
7	0.003037054	0.001264541	0.078365455
8	0.001697206	0.000905145	0.078365455
9	0.000408462	0.000560149	0.078365455
10	-0.000821917	0.000228674	0.078365455
11	-0.001986936	-0.000090245	0.078365455
12	-0.003079911	-0.000397578	0.078365455
13	-0.004094467	-0.000694300	0.078365455
14	-0.005024509	-0.000981447	0.078365455
15	-0.005864137	-0.001260234	0.078365455
16	-0.006607444	-0.001532269	0.078365455
17	-0.007248035	-0.001799992	0.078365455
18	-0.007777652	-0.002067693	0.078365455
19	-0.008182175	-0.002342920	0.078365455
20	-0.008442763	-0.002622699	0.078365455
21	-0.008548501	-0.002874802	0.078365455
22	-0.008545883	-0.003039667	0.078365455
23	-0.008531347	-0.003093056	0.078365455
24	-0.008509835	-0.003145522	0.078365455
25	-0.008413354	-0.003284643	0.078365455
26	-0.008190891	-0.003456651	0.078365455
27	-0.007830635	-0.003612331	0.078365455
28	-0.007344865	-0.003737939	0.078365455
29	-0.006743456	-0.003827888	0.078365455
30	-0.006033179	-0.003866715	0.078365455
31	-0.005222554	-0.003843345	0.078365455
32	-0.004320833	-0.003750815	0.078365455
33	-0.003337349	-0.003585226	0.078365455
34	-0.002281224	-0.003344952	0.078365455
35	-0.001161272	-0.003030075	0.078365455
36	0.000014019	-0.002642002	0.078365455
37	0.001236479	-0.002183188	0.078365455
38	0.002498225	-0.001656928	0.078365455
39	0.003791626	-0.001067142	0.078365455
40	0.005109242	-0.000418108	0.078365455
41	0.006443705	0.000285979	0.078365455
42	0.007787515	0.001041745	0.078365455
43	0.009132687	0.001847871	0.078365455
44	0.010470219	0.002706982	0.078365455
45	0.011760614	0.003616223	0.078365455
1	0.011690035	0.003424709	0.080750909
2	0.010191028	0.003064874	0.080750909
3	0.008709331	0.002678165	0.080750909
4	0.007246369	0.002285692	0.080750909
5	0.005806330	0.001899658	0.080750909
6	0.004395295	0.001525813	0.080750909
7	0.003020286	0.001166278	0.080750909
8	0.001688664	0.000821330	0.080750909
9	0.000407790	0.000490408	0.080750909
10	-0.000815156	0.000172635	0.080750909
11	-0.001973267	-0.000132951	0.080750909
12	-0.003059943	-0.000427313	0.080750909
13	-0.004068896	-0.000711415	0.080750909
14	-0.004994126	-0.000986284	0.080750909
15	-0.005829843	-0.001253117	0.080750909
16	-0.006570281	-0.001513498	0.080750909
17	-0.007209243	-0.001769847	0.080750909
18	-0.007738806	-0.002026466	0.080750909
19	-0.008144605	-0.002292298	0.080750909
20	-0.008405206	-0.002567567	0.080750909
21	-0.008510650	-0.002817266	0.080750909
22	-0.008508022	-0.002980739	0.080750909
23	-0.008493544	-0.003033662	0.080750909
24	-0.008472152	-0.003085597	0.080750909
25	-0.008376291	-0.003223193	0.080750909
26	-0.008155473	-0.003392969	0.080750909
27	-0.007798197	-0.003546175	0.080750909
28	-0.007316768	-0.003669636	0.080750909
29	-0.006721180	-0.003759684	0.080750909
30	-0.006017796	-0.003801281	0.080750909
31	-0.005214708	-0.003783221	0.080750909
32	-0.004320854	-0.003698317	0.080750909
33	-0.003345340	-0.003542458	0.080750909
34	-0.002297124	-0.003313836	0.080750909
35	-0.001184891	-0.003012390	0.080750909
36	-0.000017018	-0.002639412	0.080750909
37	0.001198418	-0.002197257	0.080750909
38	0.002453621	-0.001689128	0.080750909
39	0.003741036	-0.001118855	0.080750909
40	0.005053292	-0.000490619	0.080750909
41	0.006383087	0.000191483	0.080750909
42	0.007722989	0.000924190	0.080750909
43	0.009065089	0.001706302	0.080750909
44	0.010400493	0.002540581	0.080750909
45	0.011690035	0.003424709	0.080750909
1	0.011598510	0.003241433	0.083136364
2	0.010111129	0.002896483	0.083136364
3	0.008640698	0.002524596	0.083136364
4	0.007188766	0.002146827	0.083136364
5	0.005759560	0.001775318	0.083136364
6	0.004359139	0.001415777	0.083136364
7	0.002994467	0.001070298	0.083136364
8	0.001672829	0.000739136	0.083136364
9	0.000401504	0.000421713	0.083136364
10	-0.000812414	0.000117136	0.083136364
11	-0.001962101	-0.000175568	0.083136364
12	-0.003041041	-0.000457373	0.083136364
13	-0.004043035	-0.000729249	0.083136364
14	-0.004962176	-0.000992223	0.083136364
15	-0.005792779	-0.001247484	0.083136364
16	-0.006529213	-0.001496597	0.083136364
17	-0.007165476	-0.001741941	0.083136364
18	-0.007693984	-0.001987767	0.083136364
19	-0.008100405	-0.002244039	0.083136364
20	-0.008361488	-0.002513799	0.083136364
21	-0.008467986	-0.002760232	0.083136364
22	-0.008466442	-0.002922151	0.083136364
23	-0.008452330	-0.002974633	0.083136364
24	-0.008431313	-0.003026095	0.083136364
25	-0.008336515	-0.003162310	0.083136364
26	-0.008117592	-0.003329821	0.083136364
27	-0.007763560	-0.003480439	0.083136364
28	-0.007286935	-0.003602077	0.083136364
29	-0.006697645	-0.003692360	0.083136364
30	-0.006001681	-0.003736554	0.083136364
31	-0.005206766	-0.003723415	0.083136364
32	-0.004321543	-0.003645628	0.083136364
33	-0.003354896	-0.003498932	0.083136364
34	-0.002315611	-0.003281381	0.083136364
35	-0.001212235	-0.002992787	0.083136364
36	-0.000053033	-0.002634327	0.083136364
37	0.001154016	-0.002208253	0.083136364
38	0.002401203	-0.001717663	0.083136364
39	0.003681049	-0.001166286	0.083136364
40	0.004986253	-0.000558204	0.083136364
41	0.006309582	0.000102590	0.083136364
42	0.007643677	0.000812934	0.083136364
43	0.008980723	0.001571734	0.083136364
44	0.010311950	0.002381857	0.083136364
45	0.011598510	0.003241433	0.083136364
1	0.011486951	0.003065834	0.085521818
2	0.010012998	0.002734716	0.085521818
3	0.008555638	0.002376618	0.085521818
4	0.007116514	0.002012572	0.085521818
5	0.005699872	0.001654686	0.085521818
6	0.004311740	0.001308638	0.085521818
7	0.002959015	0.000976493	0.085521818
8	0.001648908	0.000658476	0.085521818
9	0.000388610	0.000353981	0.085521818
10	-0.000814867	0.000062086	0.085521818
11	-0.001954786	-0.000218210	0.085521818
12	-0.003024715	-0.000487903	0.085521818
13	-0.004018542	-0.000747987	0.085521818
14	-0.004930451	-0.000999501	0.085521818
15	-0.005754858	-0.001243638	0.085521818
16	-0.006486257	-0.001481952	0.085521818
17	-0.007118828	-0.001716783	0.085521818
18	-0.007645304	-0.001952310	0.085521818
19	-0.008051662	-0.002199054	0.085521818
20	-0.008314029	-0.002462012	0.085521818
21	-0.008423278	-0.002704143	0.085521818
22	-0.008423870	-0.002864336	0.085521818
23	-0.008410349	-0.002916380	0.085521818
24	-0.008389850	-0.002967387	0.085521818
25	-0.008296206	-0.003102136	0.085521818
26	-0.008079091	-0.003266960	0.085521818
27	-0.007728437	-0.003414674	0.085521818
28	-0.007257050	-0.003534891	0.085521818
29	-0.006674503	-0.003625683	0.085521818
30	-0.005986433	-0.003672438	0.085521818
31	-0.005200246	-0.003663954	0.085521818
32	-0.004324321	-0.003592871	0.085521818
33	-0.003367324	-0.003454843	0.085521818
34	-0.002337869	-0.003247829	0.085521818
35	-0.001244358	-0.002971540	0.085521818
36	-0.000094937	-0.002627047	0.085521818
37	0.001102519	-0.002216496	0.085521818
38	0.002340384	-0.001742878	0.085521818
39	0.003611262	-0.001209815	0.085521818
40	0.004907921	-0.000621282	0.085521818
41	0.006223200	0.000018830	0.085521818
42	0.007549819	0.000707460	0.085521818
43	0.008880061	0.001443606	0.085521818
44	0.010205295	0.002230226	0.085521818
45	0.011486951	0.003065834	0.085521818
1	0.011356276	0.002897350	0.087907273
2	0.009897368	0.002579122	0.087907273
3	0.008454696	0.002233896	0.087907273
4	0.007029971	0.001882704	0.087907273
5	0.005627448	0.001537638	0.087907273
6	0.004253111	0.001204351	0.087907273
7	0.002913790	0.000884878	0.087907273
8	0.001616612	0.000579406	0.087907273
9	0.000368685	0.000287292	0.087907273
10	-0.000823068	0.000007574	0.087907273
11	-0.001951994	-0.000260789	0.087907273
12	-0.003011748	-0.000518829	0.087907273
13	-0.003996302	-0.000767572	0.087907273
14	-0.004899931	-0.001008082	0.087907273
15	-0.005717147	-0.001241568	0.087907273
16	-0.006442564	-0.001469583	0.087907273
17	-0.007070522	-0.001694442	0.087907273
18	-0.007594037	-0.001920253	0.087907273
19	-0.007999635	-0.002157642	0.087907273
20	-0.008264109	-0.002412429	0.087907273
21	-0.008377794	-0.002649141	0.087907273
22	-0.008381468	-0.002807402	0.087907273
23	-0.008368700	-0.002858997	0.087907273
24	-0.008348790	-0.002909537	0.087907273
25	-0.008256209	-0.003042618	0.087907273
26	-0.008040699	-0.003204206	0.087907273
27	-0.007693540	-0.003348699	0.087907273
28	-0.007227801	-0.003467897	0.087907273
29	-0.006652425	-0.003559507	0.087907273
30	-0.005972695	-0.003608849	0.087907273
31	-0.005195754	-0.003604822	0.087907273
32	-0.004329740	-0.003540088	0.087907273
33	-0.003383116	-0.003410281	0.087907273
34	-0.002364317	-0.003213306	0.087907273
35	-0.001281601	-0.002948800	0.087907273
36	-0.000142986	-0.002617746	0.087907273
37	0.001043759	-0.002222186	0.087907273
38	0.002271102	-0.001765005	0.087907273
39	0.003531724	-0.001249712	0.087907273
40	0.004818471	-0.000680174	0.087907273
41	0.006124254	-0.000060175	0.087907273
42	0.007441876	0.000607325	0.087907273
43	0.008763723	0.001321414	0.087907273
44	0.010081302	0.002085137	0.087907273
45	0.011356276	0.002897350	0.087907273
1	0.011207409	0.002735417	0.090292727
2	0.009765138	0.002429295	0.090292727
3	0.008338742	0.002096186	0.090292727
4	0.006929987	0.001757131	0.090292727
5	0.005543119	0.001424214	0.090292727
6	0.004184072	0.001103067	0.090292727
7	0.002859602	0.000795692	0.090292727
8	0.001576751	0.000502237	0.090292727
9	0.000342539	0.000222011	0.090292727
10	-0.000836201	-0.000045995	0.090292727
11	-0.001952905	-0.000302867	0.090292727
12	-0.003001315	-0.000549683	0.090292727
13	-0.003975491	-0.000787507	0.090292727
14	-0.004869795	-0.001017437	0.090292727
15	-0.005678838	-0.001240704	0.090292727
16	-0.006397343	-0.001458865	0.090292727
17	-0.007019807	-0.001674213	0.090292727
18	-0.007539502	-0.001890780	0.090292727
19	-0.007943676	-0.002118926	0.090292727
20	-0.008210622	-0.002364491	0.090292727
21	-0.008329749	-0.002594843	0.090292727
22	-0.008337175	-0.002750927	0.090292727
23	-0.008325293	-0.002802047	0.090292727
24	-0.008306049	-0.002852105	0.090292727
25	-0.008214579	-0.002983410	0.090292727
26	-0.008000774	-0.003141575	0.090292727
27	-0.007657410	-0.003282890	0.090292727
28	-0.007197735	-0.003401353	0.090292727
29	-0.006629967	-0.003493928	0.090292727
30	-0.005959058	-0.003545776	0.090292727
31	-0.005191922	-0.003545939	0.090292727
32	-0.004336481	-0.003487159	0.090292727
33	-0.003400999	-0.003365098	0.090292727
34	-0.002393738	-0.003177650	0.090292727
35	-0.001322799	-0.002924404	0.090292727
36	-0.000196068	-0.002606268	0.090292727
37	0.000978801	-0.002225192	0.090292727
38	0.002194373	-0.001783954	0.090292727
39	0.003443417	-0.001285951	0.090292727
40	0.004718857	-0.000734933	0.090292727
41	0.006013681	-0.000134573	0.090292727
42	0.007320778	0.000512272	0.090292727
43	0.008632636	0.001204787	0.090292727
44	0.009940899	0.001946109	0.090292727
45	0.011207409	0.002735417	0.090292727
1	0.011041280	0.002579467	0.092678182
2	0.009617238	0.002284834	0.092678182
3	0.008208709	0.001963251	0.092678182
4	0.006817495	0.001635769	0.092678182
5	0.005447827	0.001314465	0.092678182
6	0.004105578	0.001004951	0.092678182
7	0.002797425	0.000709193	0.092678182
8	0.001530321	0.000427297	0.092678182
9	0.000311191	0.000158521	0.092678182
10	-0.000853223	-0.000098194	0.092678182
11	-0.001956452	-0.000343985	0.092678182
12	-0.002992327	-0.000579976	0.092678182
13	-0.003955000	-0.000807275	0.092678182
14	-0.004838924	-0.001027014	0.092678182
15	-0.005638805	-0.001240446	0.092678182
16	-0.006349479	-0.001449133	0.092678182
17	-0.006965591	-0.001655338	0.092678182
18	-0.007480668	-0.001862996	0.092678182
19	-0.007882799	-0.002081910	0.092678182
20	-0.008152126	-0.002317557	0.092678182
21	-0.008276985	-0.002540851	0.092678182
22	-0.008288517	-0.002694484	0.092678182
23	-0.008277626	-0.002745090	0.092678182
24	-0.008259135	-0.002794652	0.092678182
25	-0.008169000	-0.002924183	0.092678182
26	-0.007957318	-0.003079139	0.092678182
27	-0.007618240	-0.003217696	0.092678182
28	-0.007165058	-0.003335601	0.092678182
29	-0.006605351	-0.003429106	0.092678182
30	-0.005943781	-0.003483254	0.092678182
31	-0.005187060	-0.003487263	0.092678182
32	-0.004342912	-0.003433993	0.092678182
33	-0.003419407	-0.003319177	0.092678182
34	-0.002424630	-0.003140730	0.092678182
35	-0.001366519	-0.002898218	0.092678182
36	-0.000252819	-0.002592493	0.092678182
37	0.000908939	-0.002225420	0.092678182
38	0.002111429	-0.001799672	0.092678182
39	0.003347510	-0.001318533	0.092678182
40	0.004610193	-0.000785634	0.092678182
41	0.005892548	-0.000204531	0.092678182
42	0.007187549	0.000422033	0.092678182
43	0.008487789	0.001093349	0.092678182
44	0.009785045	0.001812660	0.092678182
45	0.011041280	0.002579467	0.092678182
1	0.010858824	0.002428931	0.095063636
2	0.009454612	0.002145334	0.095063636
3	0.008065547	0.001834852	0.095063636
4	0.006693460	0.001518532	0.095063636
5	0.005342551	0.001208441	0.095063636
6	0.004018629	0.000910163	0.095063636
7	0.002728285	0.000625631	0.095063636
8	0.001478376	0.000354903	0.095063636
9	0.000275727	0.000097190	0.095063636
10	-0.000873019	-0.000148618	0.095063636
11	-0.001961489	-0.000383708	0.095063636
12	-0.002983613	-0.000609249	0.095063636
13	-0.003933635	-0.000826389	0.095063636
14	-0.004806104	-0.001036291	0.095063636
15	-0.005595826	-0.001240228	0.095063636
16	-0.006297750	-0.001439756	0.095063636
17	-0.006906674	-0.001637093	0.095063636
18	-0.007416385	-0.001836035	0.095063636
19	-0.007815885	-0.002045630	0.095063636
20	-0.008087121	-0.002271005	0.095063636
21	-0.008217353	-0.002486837	0.095063636
22	-0.008233001	-0.002637750	0.095063636
23	-0.008223165	-0.002687788	0.095063636
24	-0.008205518	-0.002736831	0.095063636
25	-0.008117103	-0.002864699	0.095063636
26	-0.007908250	-0.003017025	0.095063636
27	-0.007574122	-0.003153593	0.095063636
28	-0.007127881	-0.003271030	0.095063636
29	-0.006576699	-0.003365246	0.095063636
30	-0.005925023	-0.003421360	0.095063636
31	-0.005179381	-0.003428787	0.095063636
32	-0.004347305	-0.003380539	0.095063636
33	-0.003436677	-0.003272447	0.095063636
34	-0.002455396	-0.003102470	0.095063636
35	-0.001411233	-0.002870176	0.095063636
36	-0.000311782	-0.002576372	0.095063636
37	0.000835561	-0.002222847	0.095063636
38	0.002023584	-0.001812177	0.095063636
39	0.003245252	-0.001347529	0.095063636
40	0.004493663	-0.000832414	0.095063636
41	0.005761977	-0.000270261	0.095063636
42	0.007043259	0.000336307	0.095063636
43	0.008330204	0.000986705	0.095063636
44	0.009614713	0.001684303	0.095063636
45	0.010858824	0.002428931	0.095063636
1	0.010660979	0.002283239	0.097449091
2	0.009278158	0.002010376	0.097449091
3	0.007910117	0.001710723	0.097449091
4	0.006558703	0.001405296	0.097449091
5	0.005228083	0.001106137	0.097449091
6	0.003923992	0.000818799	0.097449091
7	0.002652928	0.000545176	0.097449091
8	0.001421645	0.000285282	0.097449091
9	0.000236863	0.000038283	0.097449091
10	-0.000894882	-0.000196978	0.097449091
11	-0.001967321	-0.000421731	0.097449091
12	-0.002974483	-0.000637186	0.097449091
13	-0.003910716	-0.000844524	0.097449091
14	-0.004770666	-0.001044931	0.097449091
15	-0.005549245	-0.001239688	0.097449091
16	-0.006241522	-0.001430336	0.097449091
17	-0.006842449	-0.001619023	0.097449091
18	-0.007346086	-0.001809363	0.097449091
19	-0.007742372	-0.002009535	0.097449091
20	-0.008014809	-0.002224561	0.097449091
21	-0.008149641	-0.002432784	0.097449091
22	-0.008169146	-0.002580739	0.097449091
23	-0.008160391	-0.002630144	0.097449091
24	-0.008143671	-0.002678641	0.097449091
25	-0.008057449	-0.002805007	0.097449091
26	-0.007852261	-0.002955451	0.097449091
27	-0.007523819	-0.003090929	0.097449091
28	-0.007084970	-0.003207914	0.097449091
29	-0.006542777	-0.003302497	0.097449091
30	-0.005901565	-0.003360164	0.097449091
31	-0.005167690	-0.003370548	0.097449091
32	-0.004348492	-0.003326829	0.097449091
33	-0.003451663	-0.003224952	0.097449091
34	-0.002484915	-0.003062942	0.097449091
35	-0.001455845	-0.002840379	0.097449091
36	-0.000371883	-0.002558039	0.097449091
37	0.000759715	-0.002217644	0.097449091
38	0.001931866	-0.001821675	0.097449091
39	0.003137645	-0.001373188	0.097449091
40	0.004370251	-0.000875567	0.097449091
41	0.005622938	-0.000332111	0.097449091
42	0.006888862	0.000254692	0.097449091
43	0.008160823	0.000884393	0.097449091
44	0.009430839	0.001560517	0.097449091
45	0.010660979	0.002283239	0.097449091
1	0.010448687	0.002141817	0.099834545
2	0.009088657	0.001879507	0.099834545
3	0.007743034	0.001590532	0.099834545
4	0.006413683	0.001295843	0.099834545
5	0.005104728	0.001007435	0.099834545
6	0.003821827	0.000730817	0.099834545
7	0.002571377	0.000467840	0.099834545
8	0.001360023	0.000218479	0.099834545
9	0.000194372	-0.000018141	0.099834545
10	-0.000919153	-0.000243214	0.099834545
11	-0.001974392	-0.000458005	0.099834545
12	-0.002965484	-0.000663755	0.099834545
13	-0.003886880	-0.000861668	0.099834545
14	-0.004733334	-0.001052944	0.099834545
15	-0.005499865	-0.001238862	0.099834545
16	-0.006181664	-0.001420931	0.099834545
17	-0.006773846	-0.001601216	0.099834545
18	-0.007270743	-0.001783116	0.099834545
19	-0.007663203	-0.001973913	0.099834545
20	-0.007936066	-0.002178684	0.099834545
21	-0.008074708	-0.002379247	0.099834545
22	-0.008097799	-0.002524035	0.099834545
23	-0.008090141	-0.002572746	0.099834545
24	-0.008074419	-0.002620664	0.099834545
25	-0.007990791	-0.002745636	0.099834545
26	-0.007789940	-0.002894730	0.099834545
27	-0.007467780	-0.003029707	0.099834545
28	-0.007036726	-0.003146175	0.099834545
29	-0.006503959	-0.003240809	0.099834545
30	-0.005873751	-0.003299671	0.099834545
31	-0.005152286	-0.003312623	0.099834545
32	-0.004346720	-0.003273024	0.099834545
33	-0.003464550	-0.003176944	0.099834545
34	-0.002513300	-0.003022480	0.099834545
35	-0.001500383	-0.002809234	0.099834545
36	-0.000433066	-0.002537961	0.099834545
37	0.000681550	-0.002210324	0.099834545
38	0.001836515	-0.001828715	0.099834545
39	0.003025025	-0.001396080	0.099834545
40	0.004240388	-0.000915677	0.099834545
41	0.005475956	-0.000390671	0.099834545
42	0.006724984	0.000176595	0.099834545
43	0.007980372	0.000785824	0.099834545
44	0.009234250	0.001440720	0.099834545
45	0.010448687	0.002141817	0.099834545
1	0.010222893	0.002004093	0.102220000
2	0.008886874	0.001752267	0.102220000
3	0.007564887	0.001473942	0.102220000
4	0.006258812	0.001189950	0.102220000
5	0.004972731	0.000912206	0.102220000
6	0.003712219	0.000646161	0.102220000
7	0.002483565	0.000393621	0.102220000
8	0.001293298	0.000154524	0.102220000
9	0.000147907	-0.000072037	0.102220000
10	-0.000946306	-0.000287282	0.102220000
11	-0.001983298	-0.000492498	0.102220000
12	-0.002957322	-0.000688945	0.102220000
13	-0.003862939	-0.000877834	0.102220000
14	-0.004695014	-0.001060368	0.102220000
15	-0.005448680	-0.001237811	0.102220000
16	-0.006119252	-0.001411630	0.102220000
17	-0.006702005	-0.001583793	0.102220000
18	-0.007191545	-0.001757473	0.102220000
19	-0.007579546	-0.001939107	0.102220000
20	-0.007852007	-0.002133909	0.102220000
21	-0.007993677	-0.002326846	0.102220000
22	-0.008020100	-0.002468286	0.102220000
23	-0.008013553	-0.002516242	0.102220000
24	-0.007998889	-0.002563544	0.102220000
25	-0.007918157	-0.002687164	0.102220000
26	-0.007722116	-0.002835172	0.102220000
27	-0.007406665	-0.002969878	0.102220000
28	-0.006983753	-0.003085678	0.102220000
29	-0.006460820	-0.003180094	0.102220000
30	-0.005842117	-0.003239862	0.102220000
31	-0.005133659	-0.003255081	0.102220000
32	-0.004342415	-0.003219291	0.102220000
33	-0.003475689	-0.003128690	0.102220000
34	-0.002540812	-0.002981447	0.102220000
35	-0.001545016	-0.002777191	0.102220000
36	-0.000495394	-0.002516659	0.102220000
37	0.000601107	-0.002201462	0.102220000
38	0.001737682	-0.001833909	0.102220000
39	0.002907653	-0.001416840	0.102220000
40	0.004104443	-0.000953389	0.102220000
41	0.005321512	-0.000446583	0.102220000
42	0.006552215	0.000101384	0.102220000
43	0.007789553	0.000690384	0.102220000
44	0.009025763	0.001324318	0.102220000
45	0.010222893	0.002004093	0.102220000
1	0.009984544	0.001869490	0.104605455
2	0.008673581	0.001628201	0.104605455
3	0.007376270	0.001360619	0.104605455
4	0.006094514	0.001087396	0.104605455
5	0.004832350	0.000820327	0.104605455
6	0.003595266	0.000564786	0.104605455
7	0.002389441	0.000322527	0.104605455
8	0.001221280	0.000093458	0.104605455
9	0.000097142	-0.000123349	0.104605455
10	-0.000976794	-0.000329125	0.104605455
11	-0.001994611	-0.000525164	0.104605455
12	-0.002950680	-0.000712725	0.104605455
13	-0.003839680	-0.000893013	0.104605455
14	-0.004656591	-0.001067218	0.104605455
15	-0.005396661	-0.001236572	0.104605455
16	-0.006055334	-0.001402489	0.104605455
17	-0.006628046	-0.001566834	0.104605455
18	-0.007109661	-0.001732558	0.104605455
19	-0.007492569	-0.001905391	0.104605455
20	-0.007763742	-0.002090730	0.104605455
21	-0.007907645	-0.002276180	0.104605455
22	-0.007937165	-0.002414115	0.104605455
23	-0.007931743	-0.002461260	0.104605455
24	-0.007918183	-0.002507906	0.104605455
25	-0.007840546	-0.002630142	0.104605455
26	-0.007649575	-0.002777059	0.104605455
27	-0.007341092	-0.002911376	0.104605455
28	-0.006926613	-0.003026288	0.104605455
29	-0.006413893	-0.003120268	0.104605455
30	-0.005807159	-0.003180717	0.104605455
31	-0.005112256	-0.003197986	0.104605455
32	-0.004335964	-0.003165790	0.104605455
33	-0.003485393	-0.003080451	0.104605455
34	-0.002567682	-0.002940205	0.104605455
35	-0.001589879	-0.002744702	0.104605455
36	-0.000558904	-0.002494663	0.104605455
37	0.000518456	-0.002191650	0.104605455
38	0.001635543	-0.001837891	0.104605455
39	0.002785813	-0.001436127	0.104605455
40	0.003962810	-0.000989370	0.104605455
41	0.005160106	-0.000500508	0.104605455
42	0.006371159	0.000028417	0.104605455
43	0.007589077	0.000597454	0.104605455
44	0.008806199	0.001210718	0.104605455
45	0.009984544	0.001869490	0.104605455
1	0.009734222	0.001737532	0.106990909
2	0.008449235	0.001506915	0.106990909
3	0.007177521	0.001250253	0.106990909
4	0.005921006	0.000987948	0.106990909
5	0.004683688	0.000731631	0.106990909
6	0.003470964	0.000486574	0.106990909
7	0.002288895	0.000254478	0.106990909
8	0.001143754	0.000035225	0.106990909
9	0.000041769	-0.000172118	0.106990909
10	-0.001011018	-0.000368779	0.106990909
11	-0.002008817	-0.000556038	0.106990909
12	-0.002946127	-0.000735135	0.106990909
13	-0.003817748	-0.000907252	0.106990909
14	-0.004618779	-0.001073544	0.106990909
15	-0.005344589	-0.001235203	0.106990909
16	-0.005990752	-0.001393576	0.106990909
17	-0.006552862	-0.001550418	0.106990909
18	-0.007026029	-0.001708476	0.106990909
19	-0.007403221	-0.001872965	0.106990909
20	-0.007672209	-0.002049499	0.106990909
21	-0.007817571	-0.002227673	0.106990909
22	-0.007849979	-0.002361961	0.106990909
23	-0.007845691	-0.002408241	0.106990909
24	-0.007833267	-0.002454186	0.106990909
25	-0.007758817	-0.002574937	0.106990909
26	-0.007572987	-0.002720525	0.106990909
27	-0.007271586	-0.002854062	0.106990909
28	-0.006865803	-0.002967839	0.106990909
29	-0.006363659	-0.003061213	0.106990909
30	-0.005769334	-0.003122185	0.106990909
31	-0.005088502	-0.003141357	0.106990909
32	-0.004327751	-0.003112625	0.106990909
33	-0.003493995	-0.003032417	0.106990909
34	-0.002594182	-0.002899028	0.106990909
35	-0.001635176	-0.002712123	0.106990909
36	-0.000623725	-0.002472400	0.106990909
37	0.000433546	-0.002181369	0.106990909
38	0.001530127	-0.001841184	0.106990909
39	0.002659611	-0.001454486	0.106990909
40	0.003815671	-0.001024171	0.106990909
41	0.004991993	-0.000552992	0.106990909
42	0.006182149	-0.000042834	0.106990909
43	0.007379348	0.000506531	0.106990909
44	0.008576039	0.001099438	0.106990909
45	0.009734222	0.001737532	0.106990909
1	0.009471561	0.001608002	0.109376364
2	0.008213480	0.001388186	0.109376364
3	0.006968292	0.001142599	0.109376364
4	0.005737953	0.000891334	0.109376364
5	0.004526418	0.000645821	0.109376364
6	0.003338991	0.000411213	0.109376364
7	0.002181607	0.000189153	0.109376364
8	0.001060404	-0.000020494	0.109376364
9	-0.000018533	-0.000218656	0.109376364
10	-0.001049302	-0.000406539	0.109376364
11	-0.002026248	-0.000585394	0.109376364
12	-0.002944003	-0.000756423	0.109376364
13	-0.003797493	-0.000920771	0.109376364
14	-0.004581939	-0.001079544	0.109376364
15	-0.005292836	-0.001233879	0.109376364
16	-0.005925886	-0.001385049	0.109376364
17	-0.006476840	-0.001534701	0.109376364
18	-0.006941040	-0.001685392	0.109376364
19	-0.007311924	-0.001841979	0.109376364
20	-0.007577949	-0.002010279	0.109376364
21	-0.007724124	-0.002181334	0.109376364
22	-0.007759239	-0.002311829	0.109376364
23	-0.007756084	-0.002357187	0.109376364
24	-0.007744805	-0.002402378	0.109376364
25	-0.007673541	-0.002521483	0.109376364
26	-0.007492813	-0.002665371	0.109376364
27	-0.007198564	-0.002797643	0.109376364
28	-0.006801752	-0.002910082	0.109376364
29	-0.006310559	-0.003002736	0.109376364
30	-0.005729092	-0.003064120	0.109376364
31	-0.005062852	-0.003085100	0.109376364
32	-0.004318232	-0.003059743	0.109376364
33	-0.003501951	-0.002984580	0.109376364
34	-0.002620764	-0.002857951	0.109376364
35	-0.001681355	-0.002679526	0.109376364
36	-0.000690299	-0.002449976	0.109376364
37	0.000345939	-0.002170757	0.109376364
38	0.001421002	-0.001843948	0.109376364
39	0.002528623	-0.001472094	0.109376364
40	0.003662606	-0.001057978	0.109376364
41	0.004816760	-0.000604221	0.109376364
42	0.005984771	-0.000112554	0.109376364
43	0.007159961	0.000417430	0.109376364
44	0.008334891	0.000990284	0.109376364
45	0.009471561	0.001608002	0.109376364
1	0.009196041	0.001480722	0.111761818
2	0.007965820	0.001271817	0.111761818
3	0.006748116	0.001037421	0.111761818
4	0.005544915	0.000797276	0.111761818
5	0.004360128	0.000562579	0.111761818
6	0.003198956	0.000338356	0.111761818
7	0.002067206	0.000126191	0.111761818
8	0.000970870	-0.000074064	0.111761818
9	-0.000084114	-0.000263317	0.111761818
10	-0.001091989	-0.000442741	0.111761818
11	-0.002047244	-0.000613541	0.111761818
12	-0.002944646	-0.000776871	0.111761818
13	-0.003779252	-0.000933819	0.111761818
14	-0.004546410	-0.001085436	0.111761818
15	-0.005241740	-0.001232792	0.111761818
16	-0.005861078	-0.001377081	0.111761818
17	-0.006400324	-0.001519846	0.111761818
18	-0.006855036	-0.001663478	0.111761818
19	-0.007219047	-0.001812581	0.111761818
20	-0.007481455	-0.001973086	0.111761818
21	-0.007627936	-0.002137095	0.111761818
22	-0.007665620	-0.002263639	0.111761818
23	-0.007663589	-0.002308015	0.111761818
24	-0.007653447	-0.002352393	0.111761818
25	-0.007585283	-0.002469639	0.111761818
26	-0.007409521	-0.002611344	0.111761818
27	-0.007122454	-0.002741796	0.111761818
28	-0.006734908	-0.002852741	0.111761818
29	-0.006255059	-0.002944615	0.111761818
30	-0.005686913	-0.003006353	0.111761818
31	-0.005035795	-0.003029088	0.111761818
32	-0.004307906	-0.003007057	0.111761818
33	-0.003509766	-0.002936884	0.111761818
34	-0.002647942	-0.002816946	0.111761818
35	-0.001728936	-0.002646910	0.111761818
36	-0.000759152	-0.002427413	0.111761818
37	0.000255108	-0.002159857	0.111761818
38	0.001307636	-0.001846246	0.111761818
39	0.002392313	-0.001489030	0.111761818
40	0.003503075	-0.001090883	0.111761818
41	0.004633862	-0.000654297	0.111761818
42	0.005778480	-0.000180854	0.111761818
43	0.006930369	0.000330028	0.111761818
44	0.008082211	0.000883113	0.111761818
45	0.009196041	0.001480722	0.111761818
1	0.008907134	0.001355518	0.114147273
2	0.007705748	0.001157611	0.114147273
3	0.006516512	0.000934484	0.114147273
4	0.005341437	0.000705494	0.114147273
5	0.004184384	0.000481591	0.114147273
6	0.003050445	0.000267661	0.114147273
7	0.001945292	0.000065233	0.114147273
8	0.000874765	-0.000125846	0.114147273
9	-0.000155351	-0.000306455	0.114147273
10	-0.001139453	-0.000477719	0.114147273
11	-0.002072175	-0.000640789	0.114147273
12	-0.002948425	-0.000796756	0.114147273
13	-0.003763394	-0.000946644	0.114147273
14	-0.004512562	-0.001091436	0.114147273
15	-0.005191676	-0.001232131	0.114147273
16	-0.005796702	-0.001369844	0.114147273
17	-0.006323689	-0.001506018	0.114147273
18	-0.006768394	-0.001642908	0.114147273
19	-0.007124990	-0.001784921	0.114147273
20	-0.007383233	-0.001937942	0.114147273
21	-0.007529638	-0.002094886	0.114147273
22	-0.007569809	-0.002217298	0.114147273
23	-0.007568895	-0.002260631	0.114147273
24	-0.007559870	-0.002304134	0.114147273
25	-0.007494644	-0.002419267	0.114147273
26	-0.007323618	-0.002558200	0.114147273
27	-0.007043722	-0.002686193	0.114147273
28	-0.006665750	-0.002795527	0.114147273
29	-0.006197656	-0.002886614	0.114147273
30	-0.005643305	-0.002948697	0.114147273
31	-0.005007850	-0.002973177	0.114147273
32	-0.004297300	-0.002954457	0.114147273
33	-0.003517976	-0.002889247	0.114147273
34	-0.002676258	-0.002775954	0.114147273
35	-0.001778466	-0.002614235	0.114147273
36	-0.000830836	-0.002404693	0.114147273
37	0.000160492	-0.002148668	0.114147273
38	0.001189467	-0.001848092	0.114147273
39	0.002250113	-0.001505325	0.114147273
40	0.003336511	-0.001122934	0.114147273
41	0.004442731	-0.000703286	0.114147273
42	0.005562708	-0.000247820	0.114147273
43	0.006690010	0.000244215	0.114147273
44	0.007817447	0.000777785	0.114147273
45	0.008907134	0.001355518	0.114147273
1	0.008604304	0.001232212	0.116532727
2	0.007432785	0.001045380	0.116532727
3	0.006273062	0.000833568	0.116532727
4	0.005127161	0.000615735	0.116532727
5	0.003998884	0.000402569	0.116532727
6	0.002893211	0.000198818	0.116532727
7	0.001815666	0.000005958	0.116532727
8	0.000771935	-0.000176158	0.116532727
9	-0.000232361	-0.000348373	0.116532727
10	-0.001191772	-0.000511755	0.116532727
11	-0.002101087	-0.000667387	0.116532727
12	-0.002955357	-0.000816290	0.116532727
13	-0.003749913	-0.000959417	0.116532727
14	-0.004480366	-0.001097676	0.116532727
15	-0.005142596	-0.001231990	0.116532727
16	-0.005732698	-0.001363396	0.116532727
17	-0.006246866	-0.001493246	0.116532727
18	-0.006681038	-0.001623688	0.116532727
19	-0.007029694	-0.001758964	0.116532727
20	-0.007283280	-0.001904726	0.116532727
21	-0.007429253	-0.002054556	0.116532727
22	-0.007471816	-0.002172647	0.116532727
23	-0.007472011	-0.002214872	0.116532727
24	-0.007464077	-0.002257436	0.116532727
25	-0.007401613	-0.002370197	0.116532727
26	-0.007235088	-0.002505760	0.116532727
27	-0.006962361	-0.002630651	0.116532727
28	-0.006594286	-0.002738254	0.116532727
29	-0.006138380	-0.002828555	0.116532727
30	-0.005598326	-0.002890982	0.116532727
31	-0.004979105	-0.002917204	0.116532727
32	-0.004286531	-0.002901785	0.116532727
33	-0.003526733	-0.002841514	0.116532727
34	-0.002705899	-0.002734824	0.116532727
35	-0.001830172	-0.002581357	0.116532727
36	-0.000905617	-0.002381675	0.116532727
37	0.000061790	-0.002137064	0.116532727
38	0.001066152	-0.001849380	0.116532727
39	0.002101648	-0.001520896	0.116532727
40	0.003162500	-0.001154076	0.116532727
41	0.004242921	-0.000751168	0.116532727
42	0.005336981	-0.000313472	0.116532727
43	0.006438381	0.000159926	0.116532727
44	0.007540073	0.000674184	0.116532727
45	0.008604304	0.001232212	0.116532727
1	0.008287004	0.001110630	0.118918182
2	0.007146551	0.000934963	0.118918182
3	0.006017553	0.000734503	0.118918182
4	0.004902043	0.000527808	0.118918182
5	0.003803750	0.000325307	0.118918182
6	0.002727531	0.000131613	0.118918182
7	0.001678758	-0.000051843	0.118918182
8	0.000662951	-0.000225195	0.118918182
9	-0.000314435	-0.000389238	0.118918182
10	-0.001248113	-0.000544975	0.118918182
11	-0.002133028	-0.000693414	0.118918182
12	-0.002964382	-0.000835499	0.118918182
13	-0.003737648	-0.000972102	0.118918182
14	-0.004448575	-0.001104055	0.118918182
15	-0.005093174	-0.001232200	0.118918182
16	-0.005667674	-0.001357493	0.118918182
17	-0.006168413	-0.001481200	0.118918182
18	-0.006591501	-0.001605374	0.118918182
19	-0.006931693	-0.001734147	0.118918182
20	-0.007180090	-0.001872882	0.118918182
21	-0.007325087	-0.002015696	0.118918182
22	-0.007369724	-0.002129343	0.118918182
23	-0.007370967	-0.002170391	0.118918182
24	-0.007364087	-0.002211945	0.118918182
25	-0.007304321	-0.002322127	0.118918182
26	-0.007142311	-0.002453985	0.118918182
27	-0.006876923	-0.002575400	0.118918182
28	-0.006519106	-0.002681080	0.118918182
29	-0.006075863	-0.002770476	0.118918182
30	-0.005550671	-0.002833140	0.118918182
31	-0.004948336	-0.002861007	0.118918182
32	-0.004274474	-0.002848799	0.118918182
33	-0.003535018	-0.002793382	0.118918182
34	-0.002735966	-0.002693205	0.118918182
35	-0.001883282	-0.002547893	0.118918182
36	-0.000982855	-0.002357969	0.118918182
37	-0.000040498	-0.002124658	0.118918182
38	0.000938057	-0.001849744	0.118918182
39	0.001947142	-0.001535416	0.118918182
40	0.002981133	-0.001184037	0.118918182
41	0.004034387	-0.000797739	0.118918182
42	0.005101120	-0.000377687	0.118918182
43	0.006175175	0.000077191	0.118918182
44	0.007249654	0.000572235	0.118918182
45	0.008287004	0.001110630	0.118918182
1	0.007954680	0.000990595	0.121303636
2	0.006846676	0.000826199	0.121303636
3	0.005749807	0.000637121	0.121303636
4	0.004666091	0.000441530	0.121303636
5	0.003599174	0.000249607	0.121303636
6	0.002553776	0.000065840	0.121303636
7	0.001535109	-0.000108372	0.121303636
8	0.000548518	-0.000273139	0.121303636
9	-0.000400714	-0.000429202	0.121303636
10	-0.001307470	-0.000577491	0.121303636
11	-0.002166858	-0.000718932	0.121303636
12	-0.002974234	-0.000854386	0.121303636
13	-0.003725220	-0.000984641	0.121303636
14	-0.004415705	-0.001110445	0.121303636
15	-0.005041836	-0.001232560	0.121303636
16	-0.005599981	-0.001351856	0.121303636
17	-0.006086619	-0.001469512	0.121303636
18	-0.006498039	-0.001587481	0.121303636
19	-0.006829245	-0.001709830	0.121303636
20	-0.007071892	-0.001841749	0.121303636
21	-0.007215192	-0.001977802	0.121303636
22	-0.007261316	-0.002086986	0.121303636
23	-0.007263473	-0.002126788	0.121303636
24	-0.007257570	-0.002167250	0.121303636
25	-0.007200532	-0.002274692	0.121303636
26	-0.007043338	-0.002402808	0.121303636
27	-0.006785681	-0.002520733	0.121303636
28	-0.006438534	-0.002624249	0.121303636
29	-0.006008473	-0.002712469	0.121303636
30	-0.005498776	-0.002775125	0.121303636
31	-0.004914067	-0.002804424	0.121303636
32	-0.004259763	-0.002795240	0.121303636
33	-0.003541590	-0.002744509	0.121303636
34	-0.002765356	-0.002650695	0.121303636
35	-0.001936835	-0.002513402	0.121303636
36	-0.001061742	-0.002333111	0.121303636
37	-0.000145716	-0.002110990	0.121303636
38	0.000805678	-0.001848750	0.121303636
39	0.001786935	-0.001548494	0.121303636
40	0.002792590	-0.001212488	0.121303636
41	0.003817156	-0.000842749	0.121303636
42	0.004854999	-0.000440308	0.121303636
43	0.005900116	-0.000003939	0.121303636
44	0.006945769	0.000471876	0.121303636
45	0.007954680	0.000990595	0.121303636
1	0.007606764	0.000871930	0.123689091
2	0.006532743	0.000718920	0.123689091
3	0.005469558	0.000541234	0.123689091
4	0.004419192	0.000356687	0.123689091
5	0.003385190	0.000175231	0.123689091
6	0.002372123	0.000001250	0.123689091
7	0.001385031	-0.000163877	0.123689091
8	0.000429077	-0.000320229	0.123689091
9	-0.000490635	-0.000468480	0.123689091
10	-0.001369167	-0.000609481	0.123689091
11	-0.002201793	-0.000744075	0.123689091
12	-0.002984030	-0.000873034	0.123689091
13	-0.003711654	-0.000997060	0.123689091
14	-0.004380700	-0.001116818	0.123689091
15	-0.004987455	-0.001232982	0.123689091
16	-0.005528427	-0.001346338	0.123689091
17	-0.006000245	-0.001457969	0.123689091
18	-0.006399376	-0.001569720	0.123689091
19	-0.006721075	-0.001685597	0.123689091
20	-0.006957419	-0.001810842	0.123689091
21	-0.007098240	-0.001940456	0.123689091
22	-0.007145099	-0.002045250	0.123689091
23	-0.007147964	-0.002083743	0.123689091
24	-0.007142910	-0.002123025	0.123689091
25	-0.007088660	-0.002227573	0.123689091
26	-0.006936771	-0.002352103	0.123689091
27	-0.006687404	-0.002466793	0.123689091
28	-0.006351389	-0.002567892	0.123689091
29	-0.005935063	-0.002654555	0.123689091
30	-0.005441549	-0.002716860	0.123689091
31	-0.004875281	-0.002747284	0.123689091
32	-0.004241463	-0.002740856	0.123689091
33	-0.003545615	-0.002694577	0.123689091
34	-0.002793339	-0.002606924	0.123689091
35	-0.001990220	-0.002477480	0.123689091
36	-0.001141786	-0.002306683	0.123689091
37	-0.000253496	-0.002095644	0.123689091
38	0.000669259	-0.001846004	0.123689091
39	0.001621147	-0.001559781	0.123689091
40	0.002596871	-0.001239139	0.123689091
41	0.003591105	-0.000885983	0.123689091
42	0.004598379	-0.000501210	0.123689091
43	0.005612851	-0.000083437	0.123689091
44	0.006627950	0.000373030	0.123689091
45	0.007606764	0.000871930	0.123689091
1	0.007242676	0.000754461	0.126074545
2	0.006204203	0.000612926	0.126074545
3	0.005176294	0.000446603	0.126074545
4	0.004160869	0.000272994	0.126074545
5	0.003161353	0.000101856	0.126074545
6	0.002182157	-0.000062511	0.126074545
7	0.001228136	-0.000218731	0.126074545
8	0.000304264	-0.000366836	0.126074545
9	-0.000584543	-0.000507433	0.126074545
10	-0.001433529	-0.000641289	0.126074545
11	-0.002238142	-0.000769159	0.126074545
12	-0.002994067	-0.000891728	0.126074545
13	-0.003697235	-0.001009615	0.126074545
14	-0.004343833	-0.001123396	0.126074545
15	-0.004930292	-0.001233666	0.126074545
16	-0.005453265	-0.001341122	0.126074545
17	-0.005909530	-0.001446753	0.126074545
18	-0.006295738	-0.001552292	0.126074545
19	-0.006607400	-0.001661657	0.126074545
20	-0.006836932	-0.001780292	0.126074545
21	-0.006974648	-0.001903663	0.126074545
22	-0.007021615	-0.002004116	0.126074545
23	-0.007024990	-0.002041246	0.126074545
24	-0.007020647	-0.002079263	0.126074545
25	-0.006969162	-0.002180715	0.126074545
26	-0.006822979	-0.002301697	0.126074545
27	-0.006582433	-0.002413318	0.126074545
28	-0.006258025	-0.002511759	0.126074545
29	-0.005856002	-0.002596505	0.126074545
30	-0.005379373	-0.002658126	0.126074545
31	-0.004832374	-0.002689372	0.126074545
32	-0.004219991	-0.002685424	0.126074545
33	-0.003547525	-0.002643352	0.126074545
34	-0.002820371	-0.002561648	0.126074545
35	-0.002043912	-0.002439879	0.126074545
36	-0.001223484	-0.002278443	0.126074545
37	-0.000364356	-0.002078394	0.126074545
38	0.000528265	-0.001841304	0.126074545
39	0.001449227	-0.001569106	0.126074545
40	0.002393409	-0.001263867	0.126074545
41	0.003355662	-0.000927371	0.126074545
42	0.004330681	-0.000560381	0.126074545
43	0.005312795	-0.000161357	0.126074545
44	0.006295611	0.000275578	0.126074545
45	0.007242676	0.000754461	0.126074545
1	0.006861820	0.000638008	0.128460000
2	0.005860478	0.000508015	0.128460000
3	0.004869451	0.000352980	0.128460000
4	0.003890572	0.000190156	0.128460000
5	0.002927127	0.000029142	0.128460000
6	0.001983351	-0.000125813	0.128460000
7	0.001063905	-0.000273320	0.128460000
8	0.000173567	-0.000413355	0.128460000
9	-0.000682945	-0.000546448	0.128460000
10	-0.001501060	-0.000673283	0.128460000
11	-0.002276409	-0.000794528	0.128460000
12	-0.003004846	-0.000910784	0.128460000
13	-0.003682465	-0.001022588	0.128460000
14	-0.004305607	-0.001130438	0.128460000
15	-0.004870852	-0.001234848	0.128460000
16	-0.005374997	-0.001336437	0.128460000
17	-0.005814975	-0.001436101	0.128460000
18	-0.006187612	-0.001535465	0.128460000
19	-0.006488678	-0.001638352	0.128460000
20	-0.006710925	-0.001750396	0.128460000
21	-0.006845087	-0.001867552	0.128460000
22	-0.006891730	-0.001963645	0.128460000
23	-0.006895459	-0.001999363	0.128460000
24	-0.006891695	-0.002036033	0.128460000
25	-0.006842863	-0.002134142	0.128460000
26	-0.006702647	-0.002251434	0.128460000
27	-0.006471376	-0.002359984	0.128460000
28	-0.006159050	-0.002455519	0.128460000
29	-0.005771912	-0.002538027	0.128460000
30	-0.005312879	-0.002598653	0.128460000
31	-0.004785984	-0.002630426	0.128460000
32	-0.004195988	-0.002628683	0.128460000
33	-0.003547971	-0.002590569	0.128460000
34	-0.002847108	-0.002514600	0.128460000
35	-0.002098577	-0.002400332	0.128460000
36	-0.001307508	-0.002248130	0.128460000
37	-0.000478972	-0.002058997	0.128460000
38	0.000382017	-0.001834437	0.128460000
39	0.001270498	-0.001576299	0.128460000
40	0.002181537	-0.001286546	0.128460000
41	0.003110165	-0.000966844	0.128460000
42	0.004051256	-0.000617816	0.128460000
43	0.004999317	-0.000237758	0.128460000
44	0.005948134	0.000179396	0.128460000
45	0.006861820	0.000638008	0.128460000
1	0.006561734	0.000550349	0.130267698
2	0.005589588	0.000429134	0.130267698
3	0.004627585	0.000282581	0.130267698
4	0.003677474	0.000127803	0.130267698
5	0.002742423	-0.000025688	0.130267698
6	0.001826524	-0.000173663	0.130267698
7	0.000934283	-0.000314706	0.130267698
8	0.000070322	-0.000448744	0.130267698
9	-0.000760790	-0.000576248	0.130267698
10	-0.001554631	-0.000697836	0.130267698
11	-0.002306970	-0.000814115	0.130267698
12	-0.003013796	-0.000925625	0.130267698
13	-0.003671327	-0.001032845	0.130267698
14	-0.004276024	-0.001136217	0.130267698
15	-0.004824583	-0.001236201	0.130267698
16	-0.005313910	-0.001333358	0.130267698
17	-0.005741054	-0.001428526	0.130267698
18	-0.006102974	-0.001523253	0.130267698
19	-0.006395620	-0.001621313	0.130267698
20	-0.006612038	-0.001728365	0.130267698
21	-0.006743299	-0.001840736	0.130267698
22	-0.006789528	-0.001933464	0.130267698
23	-0.006793450	-0.001968078	0.130267698
24	-0.006790048	-0.002003678	0.130267698
25	-0.006743105	-0.002099061	0.130267698
26	-0.006607494	-0.002213358	0.130267698
27	-0.006383510	-0.002319479	0.130267698
28	-0.006080656	-0.002412649	0.130267698
29	-0.005705191	-0.002493264	0.130267698
30	-0.005259968	-0.002552940	0.130267698
31	-0.004748865	-0.002584917	0.130267698
32	-0.004176471	-0.002584659	0.130267698
33	-0.003547692	-0.002549375	0.130267698
34	-0.002867536	-0.002477605	0.130267698
35	-0.002141014	-0.002368907	0.130267698
36	-0.001373095	-0.002223625	0.130267698
37	-0.000568695	-0.002042727	0.130267698
38	0.000267328	-0.001827666	0.130267698
39	0.001130164	-0.001580226	0.130267698
40	0.002015025	-0.001302292	0.130267698
41	0.002917085	-0.000995437	0.130267698
42	0.003831360	-0.000660173	0.130267698
43	0.004752493	-0.000294668	0.130267698
44	0.005674414	0.000107297	0.130267698
45	0.006561734	0.000550349	0.130267698
1	0.006253690	0.000463743	0.132064250
2	0.005311448	0.000351274	0.132064250
3	0.004379195	0.000213089	0.132064250
4	0.003458576	0.000066198	0.132064250
5	0.002552633	-0.000079946	0.132064250
6	0.001665307	-0.000221114	0.132064250
7	0.000800946	-0.000355854	0.132064250
8	-0.000035986	-0.000484037	0.132064250
9	-0.000841077	-0.000606071	0.132064250
10	-0.001610052	-0.000722513	0.132064250
11	-0.002338824	-0.000833906	0.132064250
12	-0.003023513	-0.000940736	0.132064250
13	-0.003660470	-0.001043425	0.132064250
14	-0.004246273	-0.001142366	0.132064250
15	-0.004777733	-0.001237968	0.132064250
16	-0.005251870	-0.001330744	0.132064250
17	-0.005665845	-0.001421472	0.132064250
18	-0.006016747	-0.001511636	0.132064250
19	-0.006300693	-0.001604987	0.132064250
20	-0.006511055	-0.001707094	0.132064250
21	-0.006639274	-0.001814633	0.132064250
22	-0.006684991	-0.001903945	0.132064250
23	-0.006689057	-0.001937434	0.132064250
24	-0.006685961	-0.001971929	0.132064250
25	-0.006640781	-0.002064438	0.132064250
26	-0.006509770	-0.002175533	0.132064250
27	-0.006293216	-0.002279097	0.132064250
28	-0.006000043	-0.002369779	0.132064250
29	-0.005636511	-0.002448357	0.132064250
30	-0.005205415	-0.002506929	0.132064250
31	-0.004710476	-0.002538950	0.132064250
32	-0.004156112	-0.002540012	0.132064250
33	-0.003547051	-0.002507397	0.132064250
34	-0.002888131	-0.002439680	0.132064250
35	-0.002184193	-0.002336423	0.132064250
36	-0.001440041	-0.002197955	0.132064250
37	-0.000660429	-0.002025211	0.132064250
38	0.000149945	-0.001819596	0.132064250
39	0.000986425	-0.001582828	0.132064250
40	0.001844375	-0.001316714	0.132064250
41	0.002719117	-0.001022729	0.132064250
42	0.003605810	-0.000701274	0.132064250
43	0.004499240	-0.000350383	0.132064250
44	0.005393476	0.000036318	0.132064250
45	0.006253690	0.000463743	0.132064250
1	0.005939912	0.000378735	0.133838581
2	0.005028057	0.000274926	0.133838581
3	0.004126048	0.000144946	0.133838581
4	0.003235420	0.000005741	0.133838581
5	0.002359077	-0.000133272	0.133838581
6	0.001500802	-0.000267844	0.133838581
7	0.000664784	-0.000396477	0.133838581
8	-0.000144676	-0.000518982	0.133838581
9	-0.000923322	-0.000635701	0.133838581
10	-0.001667029	-0.000747130	0.133838581
11	-0.002371852	-0.000853755	0.133838581
12	-0.003034050	-0.000956004	0.133838581
13	-0.003650099	-0.001054252	0.133838581
14	-0.004216700	-0.001148844	0.133838581
15	-0.004730779	-0.001240145	0.133838581
16	-0.005189468	-0.001328621	0.133838581
17	-0.005590039	-0.001415001	0.133838581
18	-0.005929706	-0.001500715	0.133838581
19	-0.006204742	-0.001589501	0.133838581
20	-0.006408865	-0.001686755	0.133838581
21	-0.006533922	-0.001789453	0.133838581
22	-0.006579060	-0.001875314	0.133838581
23	-0.006583237	-0.001907663	0.133838581
24	-0.006580400	-0.001941031	0.133838581
25	-0.006536851	-0.002030540	0.133838581
26	-0.006410374	-0.002138221	0.133838581
27	-0.006201310	-0.002239062	0.133838581
28	-0.005917953	-0.002327156	0.133838581
29	-0.005566527	-0.002403583	0.133838581
30	-0.005149770	-0.002460918	0.133838581
31	-0.004671247	-0.002492833	0.133838581
32	-0.004135202	-0.002495055	0.133838581
33	-0.003546190	-0.002464945	0.133838581
34	-0.002908874	-0.002401117	0.133838581
35	-0.002227921	-0.002303144	0.133838581
36	-0.001507970	-0.002171346	0.133838581
37	-0.000753607	-0.002006628	0.133838581
38	0.000030632	-0.001810345	0.133838581
39	0.000840249	-0.001584153	0.133838581
40	0.001670764	-0.001329778	0.133838581
41	0.002517646	-0.001048599	0.133838581
42	0.003376204	-0.000740900	0.133838581
43	0.004241364	-0.000404582	0.133838581
44	0.005107340	-0.000033109	0.133838581
45	0.005939912	0.000378735	0.133838581
1	0.005622837	0.000295849	0.135579752
2	0.004741602	0.000200560	0.135579752
3	0.003870088	0.000078577	0.135579752
4	0.003009704	-0.000053183	0.135579752
5	0.002163208	-0.000185315	0.135579752
6	0.001334227	-0.000313536	0.135579752
7	0.000526783	-0.000436291	0.135579752
8	-0.000254983	-0.000553326	0.135579752
9	-0.001006972	-0.000664919	0.135579752
10	-0.001725212	-0.000771503	0.135579752
11	-0.002405900	-0.000873508	0.135579752
12	-0.003045430	-0.000971311	0.135579752
13	-0.003640407	-0.001065241	0.135579752
14	-0.004187653	-0.001155601	0.135579752
15	-0.004684209	-0.001242713	0.135579752
16	-0.005127316	-0.001327005	0.135579752
17	-0.005514356	-0.001409163	0.135579752
18	-0.005842663	-0.001490571	0.135579752
19	-0.006108657	-0.001574958	0.135579752
20	-0.006306406	-0.001667493	0.135579752
21	-0.006428201	-0.001765390	0.135579752
22	-0.006472721	-0.001847783	0.135579752
23	-0.006476987	-0.001878985	0.135579752
24	-0.006474377	-0.001911212	0.135579752
25	-0.006432333	-0.001997629	0.135579752
26	-0.006310264	-0.002101683	0.135579752
27	-0.006108662	-0.002199603	0.135579752
28	-0.005835181	-0.002285030	0.135579752
29	-0.005495941	-0.002359223	0.135579752
30	-0.005093621	-0.002415215	0.135579752
31	-0.004631632	-0.002446893	0.135579752
32	-0.004114050	-0.002450124	0.135579752
33	-0.003545254	-0.002422351	0.135579752
34	-0.002929732	-0.002362235	0.135579752
35	-0.002271980	-0.002269367	0.135579752
36	-0.001576464	-0.002144059	0.135579752
37	-0.000847604	-0.001987188	0.135579752
38	-0.000089771	-0.001800065	0.135579752
39	0.000692697	-0.001584282	0.135579752
40	0.001495475	-0.001341484	0.135579752
41	0.002314188	-0.001072954	0.135579752
42	0.003144286	-0.000778861	0.135579752
43	0.003980844	-0.000456967	0.135579752
44	0.004818214	-0.000100572	0.135579752
45	0.005622837	0.000295849	0.135579752
1	0.005305077	0.000215584	0.137277026
2	0.004454440	0.000128620	0.137277026
3	0.003613413	0.000014384	0.137277026
4	0.002783269	-0.000110209	0.137277026
5	0.001966619	-0.000235742	0.137277026
6	0.001166926	-0.000357885	0.137277026
7	0.000388049	-0.000475020	0.137277026
8	-0.000366034	-0.000586823	0.137277026
9	-0.001091381	-0.000693505	0.137277026
10	-0.001784167	-0.000795441	0.137277026
11	-0.002440733	-0.000893005	0.137277026
12	-0.003057608	-0.000986528	0.137277026
13	-0.003631524	-0.001076293	0.137277026
14	-0.004159423	-0.001162566	0.137277026
15	-0.004638459	-0.001245635	0.137277026
16	-0.005065981	-0.001325888	0.137277026
17	-0.005439479	-0.001403978	0.137277026
18	-0.005756398	-0.001481252	0.137277026
19	-0.006013298	-0.001561426	0.137277026
20	-0.006204595	-0.001649416	0.137277026
21	-0.006323042	-0.001742608	0.137277026
22	-0.006366916	-0.001821540	0.137277026
23	-0.006371265	-0.001851596	0.137277026
24	-0.006368864	-0.001882681	0.137277026
25	-0.006328215	-0.001965952	0.137277026
26	-0.006210386	-0.002066190	0.137277026
27	-0.006016130	-0.002160967	0.137277026
28	-0.005752502	-0.002243666	0.137277026
29	-0.005425430	-0.002315573	0.137277026
30	-0.005037526	-0.002370142	0.137277026
31	-0.004592055	-0.002401471	0.137277026
32	-0.004092924	-0.002405567	0.137277026
33	-0.003544342	-0.002379964	0.137277026
34	-0.002950621	-0.002323373	0.137277026
35	-0.002316087	-0.002235405	0.137277026
36	-0.001645033	-0.002116371	0.137277026
37	-0.000941712	-0.001967124	0.137277026
38	-0.000210332	-0.001788929	0.137277026
39	0.000544933	-0.001583318	0.137277026
40	0.001319913	-0.001351856	0.137277026
41	0.002110383	-0.001095729	0.137277026
42	0.002911943	-0.000814989	0.137277026
43	0.003719809	-0.000507264	0.137277026
44	0.004528475	-0.000165688	0.137277026
45	0.005305077	0.000215584	0.137277026
1	0.004989389	0.000138411	0.138919941
2	0.004169074	0.000059527	0.138919941
3	0.003358268	-0.000047253	0.138919941
4	0.002558106	-0.000164987	0.138919941
5	0.001771047	-0.000284230	0.138919941
6	0.001000390	-0.000400595	0.138919941
7	0.000249832	-0.000512390	0.138919941
8	-0.000476810	-0.000619221	0.138919941
9	-0.001175748	-0.000721234	0.138919941
10	-0.001843307	-0.000818742	0.138919941
11	-0.002475966	-0.000912070	0.138919941
12	-0.003070388	-0.001001502	0.138919941
13	-0.003623429	-0.001087283	0.138919941
14	-0.004132150	-0.001169643	0.138919941
15	-0.004593816	-0.001248835	0.138919941
16	-0.005005881	-0.001325220	0.138919941
17	-0.005365939	-0.001399416	0.138919941
18	-0.005671542	-0.001472748	0.138919941
19	-0.005919377	-0.001548919	0.138919941
20	-0.006104198	-0.001632579	0.138919941
21	-0.006219227	-0.001721220	0.138919941
22	-0.006262424	-0.001796736	0.138919941
23	-0.006266850	-0.001825655	0.138919941
24	-0.006264646	-0.001855608	0.138919941
25	-0.006225302	-0.001935719	0.138919941
26	-0.006111534	-0.002032006	0.138919941
27	-0.005924446	-0.002123443	0.138919941
28	-0.005670563	-0.002203371	0.138919941
29	-0.005355537	-0.002272962	0.138919941
30	-0.004981911	-0.002326041	0.138919941
31	-0.004552802	-0.002356917	0.138919941
32	-0.004071958	-0.002361740	0.138919941
33	-0.003543417	-0.002338135	0.138919941
34	-0.002971321	-0.002284867	0.138919941
35	-0.002359824	-0.002201573	0.138919941
36	-0.001713052	-0.002088563	0.138919941
37	-0.001035089	-0.001946668	0.138919941
38	-0.000329981	-0.001777113	0.138919941
39	0.000398258	-0.001581369	0.138919941
40	0.001145614	-0.001360923	0.138919941
41	0.001908012	-0.001116864	0.138919941
42	0.002681200	-0.000849133	0.138919941
43	0.003460531	-0.000555219	0.138919941
44	0.004240639	-0.000228093	0.138919941
45	0.004989389	0.000138411	0.138919941
1	0.004678637	0.000064769	0.140498367
2	0.003888104	-0.000006329	0.140498367
3	0.003106994	-0.000105980	0.140498367
4	0.002336296	-0.000217192	0.140498367
5	0.001578316	-0.000330479	0.140498367
6	0.000836194	-0.000441384	0.140498367
7	0.000113462	-0.000548141	0.140498367
8	-0.000586218	-0.000650282	0.140498367
9	-0.001259211	-0.000747886	0.140498367
10	-0.001901984	-0.000841210	0.140498367
11	-0.002511156	-0.000930528	0.140498367
12	-0.003083518	-0.001016082	0.140498367
13	-0.003616050	-0.001098082	0.140498367
14	-0.004105927	-0.001176722	0.140498367
15	-0.004550522	-0.001252230	0.140498367
16	-0.004947392	-0.001324936	0.140498367
17	-0.005294230	-0.001395433	0.140498367
18	-0.005588690	-0.001465025	0.140498367
19	-0.005827578	-0.001537423	0.140498367
20	-0.006005957	-0.001616999	0.140498367
21	-0.006117516	-0.001701301	0.140498367
22	-0.006159988	-0.001773487	0.140498367
23	-0.006164485	-0.001801289	0.140498367
24	-0.006162469	-0.001830128	0.140498367
25	-0.006124361	-0.001907109	0.140498367
26	-0.006014476	-0.001999383	0.140498367
27	-0.005834326	-0.002087331	0.140498367
28	-0.005589989	-0.002164461	0.140498367
29	-0.005286785	-0.002231721	0.140498367
30	-0.004927173	-0.002283259	0.140498367
31	-0.004514132	-0.002313592	0.140498367
32	-0.004051252	-0.002319007	0.140498367
33	-0.003542407	-0.002297224	0.140498367
34	-0.002991571	-0.002247064	0.140498367
35	-0.002402731	-0.002168194	0.140498367
36	-0.001779847	-0.002060924	0.140498367
37	-0.001126840	-0.001926067	0.140498367
38	-0.000447593	-0.001764808	0.140498367
39	0.000254037	-0.001578560	0.140498367
40	0.000974188	-0.001368734	0.140498367
41	0.001708934	-0.001136327	0.140498367
42	0.002454164	-0.000881165	0.140498367
43	0.003205373	-0.000600605	0.140498367
44	0.003957325	-0.000287456	0.140498367
45	0.004678637	0.000064769	0.140498367
1	0.004375749	-0.000004936	0.142002572
2	0.003614192	-0.000068590	0.142002572
3	0.002861985	-0.000161474	0.142002572
4	0.002119969	-0.000266529	0.142002572
5	0.001390297	-0.000374215	0.142002572
6	0.000675950	-0.000479999	0.142002572
7	-0.000019695	-0.000582036	0.142002572
8	-0.000693133	-0.000679784	0.142002572
9	-0.001340873	-0.000773257	0.142002572
10	-0.001959524	-0.000862657	0.142002572
11	-0.002545837	-0.000948210	0.142002572
12	-0.003096730	-0.001030120	0.142002572
13	-0.003609300	-0.001108559	0.142002572
14	-0.004080834	-0.001183696	0.142002572
15	-0.004508810	-0.001255730	0.142002572
16	-0.004890883	-0.001324966	0.142002572
17	-0.005224842	-0.001391973	0.142002572
18	-0.005508438	-0.001458041	0.142002572
19	-0.005738580	-0.001526906	0.142002572
20	-0.005910619	-0.001602670	0.142002572
21	-0.006018680	-0.001682894	0.142002572
22	-0.006060366	-0.001751878	0.142002572
23	-0.006064921	-0.001778595	0.142002572
24	-0.006063084	-0.001806349	0.142002572
25	-0.006026159	-0.001880270	0.142002572
26	-0.005919982	-0.001968549	0.142002572
27	-0.005746496	-0.002052920	0.142002572
28	-0.005511417	-0.002127242	0.142002572
29	-0.005219706	-0.002192176	0.142002572
30	-0.004873722	-0.002242140	0.142002572
31	-0.004476312	-0.002271849	0.142002572
32	-0.004030913	-0.002277729	0.142002572
33	-0.003541242	-0.002257591	0.142002572
34	-0.003011110	-0.002210316	0.142002572
35	-0.002444342	-0.002135598	0.142002572
36	-0.001844736	-0.002033754	0.142002572
37	-0.001216053	-0.001905579	0.142002572
38	-0.000562019	-0.001752220	0.142002572
39	0.000113661	-0.001575034	0.142002572
40	0.000807276	-0.001375360	0.142002572
41	0.001515042	-0.001154102	0.142002572
42	0.002232989	-0.000910980	0.142002572
43	0.002956745	-0.000643221	0.142002572
44	0.003681204	-0.000343474	0.142002572
45	0.004375749	-0.000004936	0.142002572
1	0.004083669	-0.000070334	0.143423283
2	0.003350019	-0.000126932	0.143423283
3	0.002625655	-0.000213444	0.143423283
4	0.001911272	-0.000312732	0.143423283
5	0.001208874	-0.000415190	0.143423283
6	0.000521288	-0.000516208	0.143423283
7	-0.000148263	-0.000613857	0.143423283
8	-0.000796419	-0.000707524	0.143423283
9	-0.001419832	-0.000797160	0.143423283
10	-0.002015246	-0.000882911	0.143423283
11	-0.002579538	-0.000964961	0.143423283
12	-0.003109749	-0.001043474	0.143423283
13	-0.003603088	-0.001118594	0.143423283
14	-0.004056950	-0.001190460	0.143423283
15	-0.004468912	-0.001259247	0.143423283
16	-0.004836724	-0.001325238	0.143423283
17	-0.005158265	-0.001388979	0.143423283
18	-0.005431378	-0.001451750	0.143423283
19	-0.005653068	-0.001517326	0.143423283
20	-0.005818934	-0.001589565	0.143423283
21	-0.005923507	-0.001666011	0.143423283
22	-0.005964334	-0.001731966	0.143423283
23	-0.005968927	-0.001757639	0.143423283
24	-0.005967255	-0.001784348	0.143423283
25	-0.005931468	-0.001855320	0.143423283
26	-0.005828829	-0.001939701	0.143423283
27	-0.005661692	-0.002020479	0.143423283
28	-0.005435499	-0.002092006	0.143423283
29	-0.005154845	-0.002154642	0.143423283
30	-0.004821978	-0.002203018	0.143423283
31	-0.004439617	-0.002232038	0.143423283
32	-0.004011057	-0.002238262	0.143423283
33	-0.003539860	-0.002219594	0.143423283
34	-0.003029684	-0.002174971	0.143423283
35	-0.002484197	-0.002104118	0.143423283
36	-0.001907040	-0.002007357	0.143423283
37	-0.001301820	-0.001885468	0.143423283
38	-0.000672114	-0.001739563	0.143423283
39	-0.000021477	-0.001570946	0.143423283
40	0.000646522	-0.001380884	0.143423283
41	0.001328239	-0.001170196	0.143423283
42	0.002019838	-0.000938498	0.143423283
43	0.002717076	-0.000682892	0.143423283
44	0.003414968	-0.000395874	0.143423283
45	0.004083669	-0.000070334	0.143423283
1	0.003805317	-0.000131087	0.144751740
2	0.003098238	-0.000181065	0.144751740
3	0.002400392	-0.000261633	0.144751740
4	0.001712331	-0.000355566	0.144751740
5	0.001035912	-0.000453189	0.144751740
6	0.000373816	-0.000549807	0.144751740
7	-0.000270880	-0.000643415	0.144751740
8	-0.000894956	-0.000733324	0.144751740
9	-0.001495198	-0.000819426	0.144751740
10	-0.002068479	-0.000901817	0.144751740
11	-0.002611799	-0.000980637	0.144751740
12	-0.003122310	-0.001056017	0.144751740
13	-0.003597332	-0.001128070	0.144751740
14	-0.004034360	-0.001196913	0.144751740
15	-0.004431065	-0.001262696	0.144751740
16	-0.004785289	-0.001325682	0.144751740
17	-0.005094995	-0.001386395	0.144751740
18	-0.005358110	-0.001446105	0.144751740
19	-0.005571728	-0.001508639	0.144751740
20	-0.005731660	-0.001577649	0.144751740
21	-0.005832799	-0.001650642	0.144751740
22	-0.005872693	-0.001713779	0.144751740
23	-0.005877295	-0.001738462	0.144751740
24	-0.005875768	-0.001764174	0.144751740
25	-0.005841074	-0.001832342	0.144751740
26	-0.005741802	-0.001912998	0.144751740
27	-0.005580664	-0.001990253	0.144751740
28	-0.005362902	-0.002059028	0.144751740
29	-0.005092765	-0.002119416	0.144751740
30	-0.004772379	-0.002166209	0.144751740
31	-0.004404345	-0.002194492	0.144751740
32	-0.003991819	-0.002200953	0.144751740
33	-0.003538222	-0.002183582	0.144751740
34	-0.003047061	-0.002141373	0.144751740
35	-0.002521857	-0.002074081	0.144751740
36	-0.001966103	-0.001982035	0.144751740
37	-0.001383259	-0.001866001	0.144751740
38	-0.000776756	-0.001727058	0.144751740
39	-0.000150011	-0.001566458	0.144751740
40	0.000493545	-0.001385405	0.144751740
41	0.001150401	-0.001184634	0.144751740
42	0.001816847	-0.000963661	0.144751740
43	0.002488762	-0.000719471	0.144751740
44	0.003161280	-0.000444416	0.144751740
45	0.003805317	-0.000131087	0.144751740
1	0.003543542	-0.000186896	0.145979753
2	0.002861438	-0.000230730	0.145979753
3	0.002188524	-0.000305814	0.145979753
4	0.001525214	-0.000394827	0.145979753
5	0.000873225	-0.000488022	0.145979753
6	0.000235098	-0.000580622	0.145979753
7	-0.000386226	-0.000670542	0.145979753
8	-0.000987660	-0.000757028	0.145979753
9	-0.001566116	-0.000839910	0.145979753
10	-0.002118587	-0.000919237	0.145979753
11	-0.002642186	-0.000995112	0.145979753
12	-0.003134174	-0.001067633	0.145979753
13	-0.003591972	-0.001136887	0.145979753
14	-0.004013169	-0.001202965	0.145979753
15	-0.004395526	-0.001266001	0.145979753
16	-0.004736968	-0.001326233	0.145979753
17	-0.005035538	-0.001384168	0.145979753
18	-0.005289244	-0.001441063	0.145979753
19	-0.005495256	-0.001500806	0.145979753
20	-0.005649564	-0.001566886	0.145979753
21	-0.005747371	-0.001636768	0.145979753
22	-0.005786268	-0.001697327	0.145979753
23	-0.005790846	-0.001721085	0.145979753
24	-0.005789438	-0.001745860	0.145979753
25	-0.005755783	-0.001811398	0.145979753
26	-0.005659696	-0.001888567	0.145979753
27	-0.005504174	-0.001962448	0.145979753
28	-0.005294309	-0.002028553	0.145979753
29	-0.005034047	-0.002086770	0.145979753
30	-0.004725387	-0.002132011	0.145979753
31	-0.004370816	-0.002159528	0.145979753
32	-0.003973365	-0.002166129	0.145979753
33	-0.003536318	-0.002149888	0.145979753
34	-0.003063044	-0.002109852	0.145979753
35	-0.002556924	-0.002045806	0.145979753
36	-0.002021312	-0.001958085	0.145979753
37	-0.001459530	-0.001847441	0.145979753
38	-0.000874873	-0.001714925	0.145979753
39	-0.000270626	-0.001561741	0.145979753
40	0.000349908	-0.001389030	0.145979753
41	0.000983343	-0.001197451	0.145979753
42	0.001626088	-0.000986428	0.145979753
43	0.002274139	-0.000752835	0.145979753
44	0.002922736	-0.000488888	0.145979753
45	0.003543542	-0.000186896	0.145979753
1	0.003301137	-0.000237494	0.147099752
2	0.002643312	-0.000275492	0.147099752
3	0.001994658	-0.000345397	0.147099752
4	0.001355439	-0.000429780	0.147099752
5	0.000727233	-0.000518814	0.147099752
6	0.000112441	-0.000607640	0.147099752
7	-0.000486130	-0.000694094	0.147099752
8	-0.001065523	-0.000777354	0.147099752
9	-0.001622773	-0.000857194	0.147099752
10	-0.002154989	-0.000933618	0.147099752
11	-0.002659396	-0.001006688	0.147099752
12	-0.003133358	-0.001076471	0.147099752
13	-0.003574397	-0.001143025	0.147099752
14	-0.003980194	-0.001206413	0.147099752
15	-0.004348601	-0.001266735	0.147099752
16	-0.004677625	-0.001324186	0.147099752
17	-0.004965404	-0.001379198	0.147099752
18	-0.005210066	-0.001432855	0.147099752
19	-0.005407731	-0.001493098	0.147099752
20	-0.005555775	-0.001558192	0.147099752
21	-0.005650055	-0.001625490	0.147099752
22	-0.005688185	-0.001683416	0.147099752
23	-0.005692796	-0.001706260	0.147099752
24	-0.005691458	-0.001730117	0.147099752
25	-0.005658397	-0.001792872	0.147099752
26	-0.005565318	-0.001866573	0.147099752
27	-0.005415849	-0.001938450	0.147099752
28	-0.005214656	-0.002004944	0.147099752
29	-0.004963726	-0.002059798	0.147099752
30	-0.004666308	-0.002102370	0.147099752
31	-0.004324761	-0.002128108	0.147099752
32	-0.003941966	-0.002133944	0.147099752
33	-0.003521055	-0.002118024	0.147099752
34	-0.003065247	-0.002079433	0.147099752
35	-0.002577774	-0.002017966	0.147099752
36	-0.002061848	-0.001933950	0.147099752
37	-0.001520653	-0.001828110	0.147099752
38	-0.000957351	-0.001701453	0.147099752
39	-0.000375094	-0.001555130	0.147099752
40	0.000222938	-0.001390212	0.147099752
41	0.000833481	-0.001207278	0.147099752
42	0.001453059	-0.001005657	0.147099752
43	0.002077775	-0.000782113	0.147099752
44	0.002702969	-0.000528723	0.147099752
45	0.003301137	-0.000237494	0.147099752
1	0.003080884	-0.000282640	0.148104829
2	0.002449430	-0.000314506	0.148104829
3	0.001827218	-0.000379090	0.148104829
4	0.001214296	-0.000458737	0.148104829
5	0.000612062	-0.000543502	0.148104829
6	0.000022754	-0.000628426	0.148104829
7	-0.000550974	-0.000711263	0.148104829
8	-0.001106305	-0.000791122	0.148104829
9	-0.001640409	-0.000867723	0.148104829
10	-0.002150522	-0.000941019	0.148104829
11	-0.002633991	-0.001011033	0.148104829
12	-0.003088295	-0.001077790	0.148104829
13	-0.003511064	-0.001141308	0.148104829
14	-0.003900086	-0.001201599	0.148104829
15	-0.004253315	-0.001258693	0.148104829
16	-0.004568868	-0.001312671	0.148104829
17	-0.004845013	-0.001363737	0.148104829
18	-0.005080091	-0.001412521	0.148104829
19	-0.005269731	-0.001469354	0.148104829
20	-0.005408451	-0.001538206	0.148104829
21	-0.005490789	-0.001612391	0.148104829
22	-0.005519296	-0.001672550	0.148104829
23	-0.005522182	-0.001694727	0.148104829
24	-0.005521032	-0.001717628	0.148104829
25	-0.005496033	-0.001781100	0.148104829
26	-0.005415597	-0.001861301	0.148104829
27	-0.005275989	-0.001936867	0.148104829
28	-0.005082541	-0.001998198	0.148104829
29	-0.004840981	-0.002045389	0.148104829
30	-0.004555333	-0.002081341	0.148104829
31	-0.004227764	-0.002101839	0.148104829
32	-0.003860924	-0.002103981	0.148104829
33	-0.003457711	-0.002085971	0.148104829
34	-0.003021130	-0.002046888	0.148104829
35	-0.002554218	-0.001986486	0.148104829
36	-0.002060006	-0.001905026	0.148104829
37	-0.001541513	-0.001803156	0.148104829
38	-0.001001747	-0.001681797	0.148104829
39	-0.000443716	-0.001542006	0.148104829
40	0.000129540	-0.001384753	0.148104829
41	0.000714884	-0.001210512	0.148104829
42	0.001308963	-0.001018493	0.148104829
43	0.001907983	-0.000805318	0.148104829
44	0.002507363	-0.000562877	0.148104829
45	0.003080884	-0.000282640	0.148104829
1	0.002885226	-0.000322123	0.148988790
2	0.002283620	-0.000347428	0.148988790
3	0.001691415	-0.000406330	0.148988790
4	0.001108368	-0.000480891	0.148988790
5	0.000535653	-0.000561039	0.148988790
6	-0.000024692	-0.000641707	0.148988790
7	-0.000570186	-0.000720562	0.148988790
8	-0.001098176	-0.000796643	0.148988790
9	-0.001605984	-0.000869610	0.148988790
10	-0.002090990	-0.000939368	0.148988790
11	-0.002550678	-0.001005894	0.148988790
12	-0.002982660	-0.001069169	0.148988790
13	-0.003384690	-0.001129157	0.148988790
14	-0.003754676	-0.001185810	0.148988790
15	-0.004090692	-0.001239064	0.148988790
16	-0.004390978	-0.001288854	0.148988790
17	-0.004653952	-0.001335118	0.148988790
18	-0.004876845	-0.001383949	0.148988790
19	-0.005053359	-0.001449128	0.148988790
20	-0.005178384	-0.001526730	0.148988790
21	-0.005247635	-0.001606130	0.148988790
22	-0.005269668	-0.001665627	0.148988790
23	-0.005271951	-0.001686780	0.148988790
24	-0.005271344	-0.001708587	0.148988790
25	-0.005252963	-0.001770955	0.148988790
26	-0.005185700	-0.001855386	0.148988790
27	-0.005059127	-0.001937369	0.148988790
28	-0.004877615	-0.002002524	0.148988790
29	-0.004647208	-0.002042700	0.148988790
30	-0.004374606	-0.002067850	0.148988790
31	-0.004062736	-0.002079375	0.148988790
32	-0.003713949	-0.002074624	0.148988790
33	-0.003330846	-0.002051875	0.148988790
34	-0.002916155	-0.002010181	0.148988790
35	-0.002472666	-0.001949209	0.148988790
36	-0.002003193	-0.001869107	0.148988790
37	-0.001510557	-0.001770393	0.148988790
38	-0.000997585	-0.001653852	0.148988790
39	-0.000467122	-0.001520404	0.148988790
40	0.000077950	-0.001370880	0.148988790
41	0.000634636	-0.001205614	0.148988790
42	0.001199712	-0.001023668	0.148988790
43	0.001769488	-0.000821493	0.148988790
44	0.002339445	-0.000590747	0.148988790
45	0.002885226	-0.000322123	0.148988790
1	0.002716229	-0.000355765	0.149746184
2	0.002148374	-0.000374063	0.149746184
3	0.001590139	-0.000426849	0.149746184
4	0.001040929	-0.000495889	0.149746184
5	0.000501648	-0.000570982	0.149746184
6	-0.000025891	-0.000646951	0.149746184
7	-0.000539409	-0.000721376	0.149746184
8	-0.001036436	-0.000793226	0.149746184
9	-0.001514468	-0.000862104	0.149746184
10	-0.001971047	-0.000927867	0.149746184
11	-0.002403812	-0.000990447	0.149746184
12	-0.002810520	-0.001049783	0.149746184
13	-0.003189066	-0.001105791	0.149746184
14	-0.003537492	-0.001158365	0.149746184
15	-0.003853999	-0.001207369	0.149746184
16	-0.004136957	-0.001252629	0.149746184
17	-0.004384388	-0.001296819	0.149746184
18	-0.004590621	-0.001356675	0.149746184
19	-0.004750928	-0.001431939	0.149746184
20	-0.004860645	-0.001516456	0.149746184
21	-0.004918348	-0.001597222	0.149746184
22	-0.004936384	-0.001654270	0.149746184
23	-0.004938556	-0.001674186	0.149746184
24	-0.004938594	-0.001694743	0.149746184
25	-0.004925757	-0.001754733	0.149746184
26	-0.004871156	-0.001840527	0.149746184
27	-0.004759041	-0.001927591	0.149746184
28	-0.004591739	-0.001998182	0.149746184
29	-0.004375913	-0.002041934	0.149746184
30	-0.004118467	-0.002056000	0.149746184
31	-0.003824464	-0.002056163	0.149746184
32	-0.003496146	-0.002042368	0.149746184
33	-0.003135799	-0.002013034	0.149746184
34	-0.002745855	-0.001967217	0.149746184
35	-0.002328829	-0.001904500	0.149746184
36	-0.001887292	-0.001824904	0.149746184
37	-0.001423846	-0.001728796	0.149746184
38	-0.000941117	-0.001616798	0.149746184
39	-0.000441761	-0.001489664	0.149746184
40	0.000071508	-0.001348061	0.149746184
41	0.000595856	-0.001192154	0.149746184
42	0.001128196	-0.001020834	0.149746184
43	0.001664948	-0.000830354	0.149746184
44	0.002201645	-0.000612104	0.149746184
45	0.002716229	-0.000355765	0.149746184
1	0.002575614	-0.000383423	0.150372342
2	0.002044525	-0.000394489	0.150372342
3	0.001523285	-0.000440855	0.150372342
4	0.001010919	-0.000504038	0.150372342
5	0.000508040	-0.000573723	0.150372342
6	0.000016216	-0.000644635	0.150372342
7	-0.000462494	-0.000714270	0.150372342
8	-0.000925819	-0.000781533	0.150372342
9	-0.001371440	-0.000845975	0.150372342
10	-0.001797075	-0.000907409	0.150372342
11	-0.002200528	-0.000965733	0.150372342
12	-0.002579717	-0.001020850	0.150372342
13	-0.002932684	-0.001072647	0.150372342
14	-0.003257611	-0.001120983	0.150372342
15	-0.003552830	-0.001165684	0.150372342
16	-0.003816641	-0.001207859	0.150372342
17	-0.004044441	-0.001262391	0.150372342
18	-0.004232148	-0.001331978	0.150372342
19	-0.004375867	-0.001413225	0.150372342
20	-0.004472052	-0.001499390	0.150372342
21	-0.004521686	-0.001577586	0.150372342
22	-0.004537708	-0.001631066	0.150372342
23	-0.004540009	-0.001649604	0.150372342
24	-0.004540635	-0.001668784	0.150372342
25	-0.004531879	-0.001725421	0.150372342
26	-0.004487392	-0.001809292	0.150372342
27	-0.004388609	-0.001897486	0.150372342
28	-0.004235909	-0.001970913	0.150372342
29	-0.004036161	-0.002019322	0.150372342
30	-0.003796264	-0.002036682	0.150372342
31	-0.003522062	-0.002026175	0.150372342
32	-0.003216203	-0.002003078	0.150372342
33	-0.002880690	-0.001966828	0.150372342
34	-0.002517672	-0.001916549	0.150372342
35	-0.002129402	-0.001851795	0.150372342
36	-0.001718203	-0.001772491	0.150372342
37	-0.001286449	-0.001678873	0.150372342
38	-0.000836556	-0.001571408	0.150372342
39	-0.000370985	-0.001450684	0.150372342
40	0.000107736	-0.001317198	0.150372342
41	0.000596942	-0.001170941	0.150372342
42	0.001093697	-0.001010623	0.150372342
43	0.001594534	-0.000832288	0.150372342
44	0.002095036	-0.000627042	0.150372342
45	0.002575614	-0.000383423	0.150372342
1	0.002464823	-0.000404996	0.150863403
2	0.001971058	-0.000409043	0.150863403
3	0.001487350	-0.000449056	0.150863403
4	0.001012351	-0.000506380	0.150863403
5	0.000546385	-0.000570616	0.150863403
6	0.000090773	-0.000636409	0.150863403
7	-0.000352646	-0.000701188	0.150863403
8	-0.000781801	-0.000763799	0.150863403
9	-0.001194560	-0.000823752	0.150863403
10	-0.001588817	-0.000880825	0.150863403
11	-0.001962546	-0.000934892	0.150863403
12	-0.002313818	-0.000985835	0.150863403
13	-0.002640826	-0.001033527	0.150863403
14	-0.002941890	-0.001077816	0.150863403
15	-0.003215380	-0.001119367	0.150863403
16	-0.003457554	-0.001169960	0.150863403
17	-0.003665167	-0.001233055	0.150863403
18	-0.003835167	-0.001307167	0.150863403
19	-0.003964320	-0.001389102	0.150863403
20	-0.004050162	-0.001472466	0.150863403
21	-0.004094747	-0.001545829	0.150863403
22	-0.004109926	-0.001595292	0.150863403
23	-0.004112449	-0.001612412	0.150863403
24	-0.004113574	-0.001630178	0.150863403
25	-0.004107721	-0.001683034	0.150863403
26	-0.004070483	-0.001762834	0.150863403
27	-0.003982316	-0.001848292	0.150863403
28	-0.003842703	-0.001920415	0.150863403
29	-0.003658584	-0.001969894	0.150863403
30	-0.003436591	-0.001992369	0.150863403
31	-0.003182243	-0.001985638	0.150863403
32	-0.002899373	-0.001955145	0.150863403
33	-0.002589165	-0.001913153	0.150863403
34	-0.002253510	-0.001859267	0.150863403
35	-0.001894424	-0.001793073	0.150863403
36	-0.001514002	-0.001714458	0.150863403
37	-0.001114405	-0.001623570	0.150863403
38	-0.000697842	-0.001520760	0.150863403
39	-0.000266579	-0.001406478	0.150863403
40	0.000177037	-0.001281068	0.150863403
41	0.000630516	-0.001144365	0.150863403
42	0.001091070	-0.000994907	0.150863403
43	0.001555353	-0.000828540	0.150863403
44	0.002019002	-0.000636110	0.150863403
45	0.002464823	-0.000404996	0.150863403
1	0.002320750	-0.000432741	0.151500000
2	0.001893715	-0.000424821	0.151500000
3	0.001477053	-0.000453718	0.151500000
4	0.001068782	-0.000500644	0.151500000
5	0.000668722	-0.000555133	0.151500000
6	0.000277759	-0.000611735	0.151500000
7	-0.000102653	-0.000667785	0.151500000
8	-0.000470798	-0.000722055	0.151500000
9	-0.000824876	-0.000773995	0.151500000
10	-0.001163096	-0.000823345	0.151500000
11	-0.001483725	-0.000869951	0.151500000
12	-0.001785115	-0.000913687	0.151500000
13	-0.002065605	-0.000955827	0.151500000
14	-0.002322402	-0.001002905	0.151500000
15	-0.002553583	-0.001056394	0.151500000
16	-0.002757164	-0.001116560	0.151500000
17	-0.002931074	-0.001183071	0.151500000
18	-0.003073147	-0.001254784	0.151500000
19	-0.003181243	-0.001329263	0.151500000
20	-0.003254003	-0.001401777	0.151500000
21	-0.003293356	-0.001464096	0.151500000
22	-0.003308124	-0.001505975	0.151500000
23	-0.003311037	-0.001520534	0.151500000
24	-0.003312828	-0.001535726	0.151500000
25	-0.003310257	-0.001581343	0.151500000
26	-0.003280796	-0.001650961	0.151500000
27	-0.003205603	-0.001724866	0.151500000
28	-0.003085371	-0.001786312	0.151500000
29	-0.002927220	-0.001829146	0.151500000
30	-0.002736777	-0.001851603	0.151500000
31	-0.002518120	-0.001853213	0.151500000
32	-0.002274430	-0.001834161	0.151500000
33	-0.002008321	-0.001795179	0.151500000
34	-0.001721679	-0.001739041	0.151500000
35	-0.001414963	-0.001672969	0.151500000
36	-0.001089783	-0.001597629	0.151500000
37	-0.000747942	-0.001513116	0.151500000
38	-0.000391302	-0.001419663	0.151500000
39	-0.000021789	-0.001317549	0.151500000
40	0.000358577	-0.001206916	0.151500000
41	0.000747609	-0.001087362	0.151500000
42	0.001142799	-0.000957169	0.151500000
43	0.001541018	-0.000811885	0.151500000
44	0.001938020	-0.000641972	0.151500000
45	0.002320750	-0.000432741	0.151500000
