######## Panel parameters ########
type=propeller
n_blades=4

rotation_center=[0, 0, 0]
rotation_axis=[0, 0, 1]
n_span_all= 66
n_points=59
######## End of parameters ########
1	0.032000000	0.016182734	-0.018204261
2	0.032000000	0.014386101	-0.017268830
3	0.032000000	0.012523827	-0.016481124
4	0.032000000	0.010648462	-0.015763222
5	0.032000000	0.008784315	-0.015072546
6	0.032000000	0.006940700	-0.014398608
7	0.032000000	0.005124353	-0.013735652
8	0.032000000	0.003347805	-0.013070717
9	0.032000000	0.001615538	-0.012403312
10	0.032000000	-0.000064262	-0.011728093
11	0.032000000	-0.001683247	-0.011040026
12	0.032000000	-0.003229790	-0.010327787
13	0.032000000	-0.004693339	-0.009585085
14	0.032000000	-0.006065032	-0.008811169
15	0.032000000	-0.007338860	-0.008011370
16	0.032000000	-0.008512089	-0.007195802
17	0.032000000	-0.009580901	-0.006372163
18	0.032000000	-0.010538648	-0.005544351
19	0.032000000	-0.011382467	-0.004721262
20	0.032000000	-0.012108983	-0.003911177
21	0.032000000	-0.012716384	-0.003123899
22	0.032000000	-0.013202705	-0.002369519
23	0.032000000	-0.013556809	-0.001654382
24	0.032000000	-0.013770793	-0.000992014
25	0.032000000	-0.013848105	-0.000404835
26	0.032000000	-0.013816622	0.000081103
27	0.032000000	-0.013727165	0.000450882
28	0.032000000	-0.013623925	0.000703164
29	0.032000000	-0.013544669	0.000846694
30	0.032000000	-0.013515483	0.000892984
31	0.032000000	-0.013484471	0.000939443
32	0.032000000	-0.013383127	0.001072628
33	0.032000000	-0.013190005	0.001272975
34	0.032000000	-0.012884993	0.001513533
35	0.032000000	-0.012459200	0.001770844
36	0.032000000	-0.011904140	0.002011447
37	0.032000000	-0.011217352	0.002194314
38	0.032000000	-0.010408839	0.002293844
39	0.032000000	-0.009492728	0.002302054
40	0.032000000	-0.008481688	0.002213585
41	0.032000000	-0.007388055	0.002019842
42	0.032000000	-0.006223739	0.001716593
43	0.032000000	-0.005001708	0.001296887
44	0.032000000	-0.003735323	0.000755492
45	0.032000000	-0.002435653	0.000093779
46	0.032000000	-0.001112382	-0.000684681
47	0.032000000	0.000224871	-0.001576975
48	0.032000000	0.001567355	-0.002579062
49	0.032000000	0.002906762	-0.003686528
50	0.032000000	0.004236005	-0.004893674
51	0.032000000	0.005553779	-0.006189229
52	0.032000000	0.006869015	-0.007553379
53	0.032000000	0.008188600	-0.008970405
54	0.032000000	0.009513208	-0.010433863
55	0.032000000	0.010851320	-0.011925642
56	0.032000000	0.012202306	-0.013440737
57	0.032000000	0.013560629	-0.014978102
58	0.032000000	0.014911329	-0.016546331
59	0.032000000	0.016182734	-0.018204261
1	0.034279122	0.018540443	-0.019193365
2	0.034279122	0.016584832	-0.018232734
3	0.034279122	0.014583380	-0.017385925
4	0.034279122	0.012578210	-0.016587589
5	0.034279122	0.010588200	-0.015808127
6	0.034279122	0.008625617	-0.015031611
7	0.034279122	0.006696606	-0.014256195
8	0.034279122	0.004814475	-0.013469045
9	0.034279122	0.002980654	-0.012679585
10	0.034279122	0.001203219	-0.011884651
11	0.034279122	-0.000513238	-0.011088869
12	0.034279122	-0.002152307	-0.010272274
13	0.034279122	-0.003707524	-0.009437334
14	0.034279122	-0.005174583	-0.008590482
15	0.034279122	-0.006550386	-0.007739453
16	0.034279122	-0.007833180	-0.006893179
17	0.034279122	-0.009018739	-0.006056054
18	0.034279122	-0.010102344	-0.005231584
19	0.034279122	-0.011079632	-0.004423869
20	0.034279122	-0.011945713	-0.003636615
21	0.034279122	-0.012694643	-0.002873112
22	0.034279122	-0.013320661	-0.002138149
23	0.034279122	-0.013816096	-0.001437081
24	0.034279122	-0.014171931	-0.000778120
25	0.034279122	-0.014381073	-0.000176361
26	0.034279122	-0.014452292	0.000342325
27	0.034279122	-0.014423335	0.000750179
28	0.034279122	-0.014343338	0.001031910
29	0.034279122	-0.014266063	0.001190331
30	0.034279122	-0.014235746	0.001240774
31	0.034279122	-0.014202319	0.001291148
32	0.034279122	-0.014089008	0.001432382
33	0.034279122	-0.013864436	0.001632751
34	0.034279122	-0.013506812	0.001853604
35	0.034279122	-0.013012881	0.002067910
36	0.034279122	-0.012383391	0.002248723
37	0.034279122	-0.011624051	0.002373918
38	0.034279122	-0.010744007	0.002432104
39	0.034279122	-0.009752489	0.002410524
40	0.034279122	-0.008659489	0.002299738
41	0.034279122	-0.007475520	0.002091025
42	0.034279122	-0.006211936	0.001775777
43	0.034279122	-0.004881008	0.001346107
44	0.034279122	-0.003496324	0.000793932
45	0.034279122	-0.002070360	0.000116843
46	0.034279122	-0.000612937	-0.000681428
47	0.034279122	0.000864021	-0.001601319
48	0.034279122	0.002347477	-0.002643887
49	0.034279122	0.003823680	-0.003809676
50	0.034279122	0.005281711	-0.005094566
51	0.034279122	0.006720506	-0.006483931
52	0.034279122	0.008153800	-0.007950985
53	0.034279122	0.009601466	-0.009466416
54	0.034279122	0.011062225	-0.011025150
55	0.034279122	0.012546706	-0.012606133
56	0.034279122	0.014055047	-0.014202678
57	0.034279122	0.015576357	-0.015818025
58	0.034279122	0.017094905	-0.017461115
59	0.034279122	0.018540443	-0.019193365
1	0.036558244	0.020794158	-0.020220016
2	0.036558244	0.018694154	-0.019190349
3	0.036558244	0.016558550	-0.018252996
4	0.036558244	0.014424650	-0.017351685
5	0.036558244	0.012310007	-0.016462032
6	0.036558244	0.010226278	-0.015572045
7	0.036558244	0.008178754	-0.014683692
8	0.036558244	0.006177804	-0.013792559
9	0.036558244	0.004226506	-0.012905096
10	0.036558244	0.002333847	-0.012017252
11	0.036558244	0.000511044	-0.011120757
12	0.036558244	-0.001236075	-0.010218836
13	0.036558244	-0.002901313	-0.009313870
14	0.036558244	-0.004479068	-0.008409099
15	0.036558244	-0.005965918	-0.007511161
16	0.036558244	-0.007359820	-0.006628162
17	0.036558244	-0.008658339	-0.005766685
18	0.036558244	-0.009859804	-0.004933717
19	0.036558244	-0.010958677	-0.004130145
20	0.036558244	-0.011948473	-0.003355793
21	0.036558244	-0.012821399	-0.002609635
22	0.036558244	-0.013569212	-0.001891723
23	0.036558244	-0.014182617	-0.001203641
24	0.036558244	-0.014650999	-0.000549904
25	0.036558244	-0.014964061	0.000058375
26	0.036558244	-0.015119481	0.000598486
27	0.036558244	-0.015134880	0.001036679
28	0.036558244	-0.015067499	0.001343707
29	0.036558244	-0.014991326	0.001516874
30	0.036558244	-0.014959646	0.001571541
31	0.036558244	-0.014923908	0.001625861
32	0.036558244	-0.014799867	0.001775938
33	0.036558244	-0.014552212	0.001984368
34	0.036558244	-0.014159715	0.002208612
35	0.036558244	-0.013619073	0.002416050
36	0.036558244	-0.012933896	0.002579718
37	0.036558244	-0.012112154	0.002679596
38	0.036558244	-0.011163834	0.002704366
39	0.036558244	-0.010099003	0.002640751
40	0.036558244	-0.008928360	0.002479761
41	0.036558244	-0.007662641	0.002214908
42	0.036558244	-0.006312627	0.001841110
43	0.036558244	-0.004888886	0.001355240
44	0.036558244	-0.003402189	0.000754450
45	0.036558244	-0.001863996	0.000035513
46	0.036558244	-0.000287627	-0.000806924
47	0.036558244	0.001314461	-0.001774399
48	0.036558244	0.002928478	-0.002869114
49	0.036558244	0.004539526	-0.004093016
50	0.036558244	0.006135899	-0.005442453
51	0.036558244	0.007716152	-0.006902220
52	0.036558244	0.009290105	-0.008447895
53	0.036558244	0.010873119	-0.010052711
54	0.036558244	0.012483477	-0.011691547
55	0.036558244	0.014130759	-0.013342853
56	0.036558244	0.015807033	-0.015007030
57	0.036558244	0.017497129	-0.016691363
58	0.036558244	0.019182729	-0.018407471
59	0.036558244	0.020794158	-0.020220016
1	0.038837366	0.022319638	-0.020817135
2	0.038837366	0.020114295	-0.019743043
3	0.038837366	0.017883132	-0.018741600
4	0.038837366	0.015658936	-0.017765010
5	0.038837366	0.013457415	-0.016794358
6	0.038837366	0.011289169	-0.015821616
7	0.038837366	0.009158557	-0.014851905
8	0.038837366	0.007074552	-0.013884608
9	0.038837366	0.005040399	-0.012926546
10	0.038837366	0.003064527	-0.011975565
11	0.038837366	0.001165493	-0.011009497
12	0.038837366	-0.000659520	-0.010048914
13	0.038837366	-0.002405076	-0.009097575
14	0.038837366	-0.004063857	-0.008155278
15	0.038837366	-0.005632012	-0.007227753
16	0.038837366	-0.007106930	-0.006322130
17	0.038837366	-0.008487067	-0.005446388
18	0.038837366	-0.009773268	-0.004611345
19	0.038837366	-0.010958677	-0.003815198
20	0.038837366	-0.012035976	-0.003055524
21	0.038837366	-0.012996657	-0.002328814
22	0.038837366	-0.013831618	-0.001632199
23	0.038837366	-0.014530838	-0.000964281
24	0.038837366	-0.015082887	-0.000326329
25	0.038837366	-0.015476427	0.000273859
26	0.038837366	-0.015703417	0.000817965
27	0.038837366	-0.015761480	0.001273614
28	0.038837366	-0.015709677	0.001599130
29	0.038837366	-0.015636286	0.001783398
30	0.038837366	-0.015603873	0.001841199
31	0.038837366	-0.015566679	0.001898317
32	0.038837366	-0.015435224	0.002054397
33	0.038837366	-0.015171522	0.002267920
34	0.038837366	-0.014754562	0.002493000
35	0.038837366	-0.014181684	0.002693709
36	0.038837366	-0.013458363	0.002842547
37	0.038837366	-0.012593987	0.002919212
38	0.038837366	-0.011599552	0.002911552
39	0.038837366	-0.010486225	0.002806631
40	0.038837366	-0.009265403	0.002596610
41	0.038837366	-0.007947882	0.002277456
42	0.038837366	-0.006543580	0.001847929
43	0.038837366	-0.005061006	0.001310142
44	0.038837366	-0.003507870	0.000666971
45	0.038837366	-0.001894755	-0.000085463
46	0.038837366	-0.000238211	-0.000961088
47	0.038837366	0.001449792	-0.001961122
48	0.038837366	0.003156281	-0.003087115
49	0.038837366	0.004867277	-0.004340562
50	0.038837366	0.006571481	-0.005718093
51	0.038837366	0.008267367	-0.007204754
52	0.038837366	0.009957222	-0.008783407
53	0.038837366	0.011642859	-0.010439541
54	0.038837366	0.013369833	-0.012118411
55	0.038837366	0.015144768	-0.013799991
56	0.038837366	0.016950637	-0.015493855
57	0.038837366	0.018769350	-0.017210558
58	0.038837366	0.020581224	-0.018963489
59	0.038837366	0.022319638	-0.020817135
1	0.041116488	0.023303778	-0.021083727
2	0.041116488	0.021025911	-0.019992650
3	0.041116488	0.018731937	-0.018955530
4	0.041116488	0.016449767	-0.017933331
5	0.041116488	0.014193013	-0.016912374
6	0.041116488	0.011971118	-0.015888051
7	0.041116488	0.009787721	-0.014867689
8	0.041116488	0.007651890	-0.013850796
9	0.041116488	0.005565892	-0.012846809
10	0.041116488	0.003536577	-0.011857264
11	0.041116488	0.001588270	-0.010849197
12	0.041116488	-0.000287747	-0.009854464
13	0.041116488	-0.002086095	-0.008877019
14	0.041116488	-0.003798297	-0.007914468
15	0.041116488	-0.005420148	-0.006971896
16	0.041116488	-0.006948525	-0.006055612
17	0.041116488	-0.008382451	-0.005174664
18	0.041116488	-0.009723833	-0.004341842
19	0.041116488	-0.010965046	-0.003553832
20	0.041116488	-0.012098719	-0.002807578
21	0.041116488	-0.013116469	-0.002098748
22	0.041116488	-0.014009329	-0.001423203
23	0.041116488	-0.014767476	-0.000777806
24	0.041116488	-0.015379616	-0.000161412
25	0.041116488	-0.015834503	0.000421110
26	0.041116488	-0.016121488	0.000956132
27	0.041116488	-0.016222476	0.001417714
28	0.041116488	-0.016191264	0.001755508
29	0.041116488	-0.016122566	0.001947698
30	0.041116488	-0.016090082	0.002007697
31	0.041116488	-0.016052216	0.002066636
32	0.041116488	-0.015916124	0.002226172
33	0.041116488	-0.015641459	0.002441019
34	0.041116488	-0.015207516	0.002662034
35	0.041116488	-0.014613310	0.002852251
36	0.041116488	-0.013865832	0.002984162
37	0.041116488	-0.012975496	0.003037331
38	0.041116488	-0.011954065	0.002999089
39	0.041116488	-0.010813493	0.002856967
40	0.041116488	-0.009565598	0.002604128
41	0.041116488	-0.008221057	0.002238433
42	0.041116488	-0.006788921	0.001761592
43	0.041116488	-0.005275838	0.001179892
44	0.041116488	-0.003686861	0.000501101
45	0.041116488	-0.002031405	-0.000277849
46	0.041116488	-0.000328109	-0.001176719
47	0.041116488	0.001412017	-0.002195959
48	0.041116488	0.003177542	-0.003335722
49	0.041116488	0.004956338	-0.004596167
50	0.041116488	0.006738286	-0.005973794
51	0.041116488	0.008522108	-0.007454154
52	0.041116488	0.010303149	-0.009028109
53	0.041116488	0.012067254	-0.010697630
54	0.041116488	0.013882809	-0.012380433
55	0.041116488	0.015753346	-0.014058558
56	0.041116488	0.017654509	-0.015749977
57	0.041116488	0.019566800	-0.017467290
58	0.041116488	0.021470233	-0.019224683
59	0.041116488	0.023303778	-0.021083727
1	0.043395610	0.023958741	-0.021145956
2	0.043395610	0.021631883	-0.020060099
3	0.043395610	0.019298527	-0.019009936
4	0.043395610	0.016981369	-0.017965685
5	0.043395610	0.014691800	-0.016918696
6	0.043395610	0.012438102	-0.015867330
7	0.043395610	0.010223420	-0.014820366
8	0.043395610	0.008057606	-0.013775813
9	0.043395610	0.005941669	-0.012746089
10	0.043395610	0.003880910	-0.011736127
11	0.043395610	0.001902335	-0.010707960
12	0.043395610	-0.000004824	-0.009697240
13	0.043395610	-0.001835502	-0.008708636
14	0.043395610	-0.003580511	-0.007738407
15	0.043395610	-0.005235309	-0.006791065
16	0.043395610	-0.006796324	-0.005872207
17	0.043395610	-0.008262507	-0.004990921
18	0.043395610	-0.009636074	-0.004160815
19	0.043395610	-0.010909578	-0.003378756
20	0.043395610	-0.012076343	-0.002642530
21	0.043395610	-0.013128690	-0.001948267
22	0.043395610	-0.014058295	-0.001291655
23	0.043395610	-0.014856024	-0.000668743
24	0.043395610	-0.015511237	-0.000076636
25	0.043395610	-0.016013295	0.000482433
26	0.043395610	-0.016350561	0.000999463
27	0.043395610	-0.016495168	0.001457279
28	0.043395610	-0.016488893	0.001801831
29	0.043395610	-0.016426401	0.001999502
30	0.043395610	-0.016394301	0.002060973
31	0.043395610	-0.016356272	0.002120993
32	0.043395610	-0.016217287	0.002281930
33	0.043395610	-0.015934906	0.002494823
34	0.043395610	-0.015489304	0.002707884
35	0.043395610	-0.014881659	0.002884652
36	0.043395610	-0.014120202	0.002998276
37	0.043395610	-0.013216030	0.003028540
38	0.043395610	-0.012181378	0.002962349
39	0.043395610	-0.011028704	0.002787681
40	0.043395610	-0.009770059	0.002498367
41	0.043395610	-0.008415929	0.002093613
42	0.043395610	-0.006974559	0.001577333
43	0.043395610	-0.005450974	0.000959044
44	0.043395610	-0.003848006	0.000250372
45	0.043395610	-0.002174149	-0.000550904
46	0.043395610	-0.000448470	-0.001466442
47	0.043395610	0.001319287	-0.002495636
48	0.043395610	0.003119389	-0.003637206
49	0.043395610	0.004941725	-0.004889832
50	0.043395610	0.006777657	-0.006249577
51	0.043395610	0.008626137	-0.007702698
52	0.043395610	0.010477236	-0.009247198
53	0.043395610	0.012305570	-0.010898410
54	0.043395610	0.014190687	-0.012556835
55	0.043395610	0.016132832	-0.014207409
56	0.043395610	0.018103669	-0.015873711
57	0.043395610	0.020083630	-0.017569072
58	0.043395610	0.022053235	-0.019307631
59	0.043395610	0.023958741	-0.021145956
1	0.045674732	0.024403296	-0.021074020
2	0.045674732	0.022043791	-0.020010642
3	0.045674732	0.019687104	-0.018964996
4	0.045674732	0.017350610	-0.017916877
5	0.045674732	0.015043475	-0.016862433
6	0.045674732	0.012772864	-0.015802646
7	0.045674732	0.010541579	-0.014747268
8	0.045674732	0.008360310	-0.013692582
9	0.045674732	0.006229208	-0.012653040
10	0.045674732	0.004152686	-0.011635503
11	0.045674732	0.002156854	-0.010603722
12	0.045674732	0.000232769	-0.009589828
13	0.045674732	-0.001615552	-0.008600551
14	0.045674732	-0.003378533	-0.007631380
15	0.045674732	-0.005051318	-0.006686269
16	0.045674732	-0.006629931	-0.005770164
17	0.045674732	-0.008112608	-0.004891077
18	0.045674732	-0.009501474	-0.004062692
19	0.045674732	-0.010790117	-0.003283587
20	0.045674732	-0.011973188	-0.002553620
21	0.045674732	-0.013044128	-0.001870338
22	0.045674732	-0.013995512	-0.001229984
23	0.045674732	-0.014819082	-0.000628403
24	0.045674732	-0.015505034	-0.000061451
25	0.045674732	-0.016043415	0.000471084
26	0.045674732	-0.016422247	0.000964637
27	0.045674732	-0.016609604	0.001410750
28	0.045674732	-0.016630871	0.001757023
29	0.045674732	-0.016575582	0.001958276
30	0.045674732	-0.016544171	0.002020691
31	0.045674732	-0.016506279	0.002081243
32	0.045674732	-0.016365438	0.002242005
33	0.045674732	-0.016077427	0.002450368
34	0.045674732	-0.015624029	0.002652845
35	0.045674732	-0.015008631	0.002814393
36	0.045674732	-0.014240443	0.002909395
37	0.045674732	-0.013330935	0.002918201
38	0.045674732	-0.012292561	0.002827276
39	0.045674732	-0.011138054	0.002624931
40	0.045674732	-0.009879580	0.002305344
41	0.045674732	-0.008527414	0.001868640
42	0.045674732	-0.007089051	0.001320433
43	0.045674732	-0.005568053	0.000672833
44	0.045674732	-0.003965467	-0.000059720
45	0.045674732	-0.002289379	-0.000879360
46	0.045674732	-0.000557637	-0.001805933
47	0.045674732	0.001221395	-0.002837689
48	0.045674732	0.003039498	-0.003972243
49	0.045674732	0.004888281	-0.005207113
50	0.045674732	0.006760430	-0.006537930
51	0.045674732	0.008654817	-0.007951955
52	0.045674732	0.010558065	-0.009452748
53	0.045674732	0.012441317	-0.011061520
54	0.045674732	0.014382015	-0.012675554
55	0.045674732	0.016377195	-0.014283351
56	0.045674732	0.018398185	-0.015910347
57	0.045674732	0.020426386	-0.017569384
58	0.045674732	0.022443331	-0.019273930
59	0.045674732	0.024403296	-0.021074020
1	0.047953854	0.024711648	-0.020911691
2	0.047953854	0.022329926	-0.019882691
3	0.047953854	0.019959689	-0.018854074
4	0.047953854	0.017613230	-0.017815142
5	0.047953854	0.015297608	-0.016766531
6	0.047953854	0.013018960	-0.015711542
7	0.047953854	0.010779832	-0.014660641
8	0.047953854	0.008591477	-0.013608851
9	0.047953854	0.006453834	-0.012571288
10	0.047953854	0.004371241	-0.011555028
11	0.047953854	0.002366277	-0.010530562
12	0.047953854	0.000434066	-0.009522256
13	0.047953854	-0.001422582	-0.008539182
14	0.047953854	-0.003194082	-0.007576722
15	0.047953854	-0.004875293	-0.006638312
16	0.047953854	-0.006461865	-0.005728276
17	0.047953854	-0.007951058	-0.004853057
18	0.047953854	-0.009344372	-0.004025458
19	0.047953854	-0.010636959	-0.003246720
20	0.047953854	-0.011825302	-0.002519710
21	0.047953854	-0.012904271	-0.001844079
22	0.047953854	-0.013867461	-0.001217128
23	0.047953854	-0.014707491	-0.000634888
24	0.047953854	-0.015415363	-0.000092347
25	0.047953854	-0.015981623	0.000413007
26	0.047953854	-0.016394044	0.000880810
27	0.047953854	-0.016620701	0.001309768
28	0.047953854	-0.016669734	0.001653559
29	0.047953854	-0.016621992	0.001856974
30	0.047953854	-0.016591370	0.001919935
31	0.047953854	-0.016553753	0.001980653
32	0.047953854	-0.016411617	0.002140188
33	0.047953854	-0.016119343	0.002342414
34	0.047953854	-0.015660910	0.002533193
35	0.047953854	-0.015041650	0.002679311
36	0.047953854	-0.014271479	0.002756785
37	0.047953854	-0.013361974	0.002746727
38	0.047953854	-0.012325614	0.002635112
39	0.047953854	-0.011175251	0.002410390
40	0.047953854	-0.009923111	0.002066808
41	0.047953854	-0.008579283	0.001605068
42	0.047953854	-0.007150582	0.001032125
43	0.047953854	-0.005639255	0.000362234
44	0.047953854	-0.004045030	-0.000388366
45	0.047953854	-0.002375883	-0.001222097
46	0.047953854	-0.000647213	-0.002154447
47	0.047953854	0.001133805	-0.003182827
48	0.047953854	0.002960118	-0.004304170
49	0.047953854	0.004824573	-0.005515301
50	0.047953854	0.006720807	-0.006811612
51	0.047953854	0.008647184	-0.008181760
52	0.047953854	0.010588987	-0.009632369
53	0.047953854	0.012520363	-0.011183047
54	0.047953854	0.014505683	-0.012741665
55	0.047953854	0.016539873	-0.014299612
56	0.047953854	0.018596706	-0.015880729
57	0.047953854	0.020659169	-0.017496464
58	0.047953854	0.022710042	-0.019159231
59	0.047953854	0.024711648	-0.020911691
1	0.050232976	0.024933271	-0.020688461
2	0.050232976	0.022535256	-0.019700347
3	0.050232976	0.020156328	-0.018696511
4	0.050232976	0.017804270	-0.017675188
5	0.050232976	0.015484283	-0.016641069
6	0.050232976	0.013201601	-0.015599473
7	0.050232976	0.010958580	-0.014561425
8	0.050232976	0.008766720	-0.013521267
9	0.050232976	0.006626254	-0.012493716
10	0.050232976	0.004542060	-0.011484788
11	0.050232976	0.002532165	-0.010473733
12	0.050232976	0.000595913	-0.009476829
13	0.050232976	-0.001264387	-0.008504130
14	0.050232976	-0.003039579	-0.007551741
15	0.050232976	-0.004724283	-0.006622651
16	0.050232976	-0.006313809	-0.005720605
17	0.050232976	-0.007804531	-0.004850606
18	0.050232976	-0.009196749	-0.004023584
19	0.050232976	-0.010487303	-0.003243701
20	0.050232976	-0.011674818	-0.002517366
21	0.050232976	-0.012755774	-0.001846746
22	0.050232976	-0.013724832	-0.001230507
23	0.050232976	-0.014575379	-0.000665096
24	0.050232976	-0.015299059	-0.000144908
25	0.050232976	-0.015886644	0.000334696
26	0.050232976	-0.016325553	0.000777234
27	0.050232976	-0.016585933	0.001186570
28	0.050232976	-0.016660721	0.001524988
29	0.050232976	-0.016620333	0.001729604
30	0.050232976	-0.016590538	0.001792893
31	0.050232976	-0.016553265	0.001853599
32	0.050232976	-0.016410247	0.002011508
33	0.050232976	-0.016114798	0.002207297
34	0.050232976	-0.015653309	0.002387027
35	0.050232976	-0.015032630	0.002519362
36	0.050232976	-0.014263116	0.002582085
37	0.050232976	-0.013356255	0.002557095
38	0.050232976	-0.012324425	0.002429826
39	0.050232976	-0.011180514	0.002188653
40	0.050232976	-0.009936799	0.001827659
41	0.050232976	-0.008603248	0.001347829
42	0.050232976	-0.007186125	0.000757134
43	0.050232976	-0.005686564	0.000071564
44	0.050232976	-0.004103475	-0.000691760
45	0.050232976	-0.002444564	-0.001535064
46	0.050232976	-0.000722300	-0.002468565
47	0.050232976	0.001056967	-0.003489301
48	0.050232976	0.002886976	-0.004593889
49	0.050232976	0.004761363	-0.005778836
50	0.050232976	0.006674334	-0.007039520
51	0.050232976	0.008623388	-0.008366326
52	0.050232976	0.010594691	-0.009765803
53	0.050232976	0.012568432	-0.011251506
54	0.050232976	0.014589629	-0.012752107
55	0.050232976	0.016652863	-0.014259925
56	0.050232976	0.018735776	-0.015794883
57	0.050232976	0.020823164	-0.017366528
58	0.050232976	0.022899097	-0.018986035
59	0.050232976	0.024933271	-0.020688461
1	0.052512098	0.025101792	-0.020425188
2	0.052512098	0.022690615	-0.019479655
3	0.052512098	0.020304691	-0.018504325
4	0.052512098	0.017948127	-0.017505285
5	0.052512098	0.015624601	-0.016490690
6	0.052512098	0.013338622	-0.015467542
7	0.052512098	0.011092422	-0.014447287
8	0.052512098	0.008897562	-0.013423934
9	0.052512098	0.006754791	-0.012411324
10	0.052512098	0.004669788	-0.011413847
11	0.052512098	0.002656296	-0.010419121
12	0.052512098	0.000716803	-0.009437329
13	0.052512098	-0.001145831	-0.008477462
14	0.052512098	-0.002923242	-0.007537076
15	0.052512098	-0.004609865	-0.006618814
16	0.052512098	-0.006200713	-0.005725915
17	0.052512098	-0.007691508	-0.004862333
18	0.052512098	-0.009081016	-0.004036556
19	0.052512098	-0.010367561	-0.003255380
20	0.052512098	-0.011551964	-0.002528838
21	0.052512098	-0.012632337	-0.001861690
22	0.052512098	-0.013604346	-0.001254059
23	0.052512098	-0.014461996	-0.000702897
24	0.052512098	-0.015197349	-0.000202176
25	0.052512098	-0.015801156	0.000254634
26	0.052512098	-0.016260415	0.000674450
27	0.052512098	-0.016547919	0.001064503
28	0.052512098	-0.016644871	0.001396181
29	0.052512098	-0.016611329	0.001601436
30	0.052512098	-0.016582447	0.001665003
31	0.052512098	-0.016545618	0.001725702
32	0.052512098	-0.016402254	0.001882275
33	0.052512098	-0.016104762	0.002072727
34	0.052512098	-0.015641704	0.002243770
35	0.052512098	-0.015020995	0.002365740
36	0.052512098	-0.014253206	0.002418055
37	0.052512098	-0.013349618	0.002383279
38	0.052512098	-0.012322446	0.002246303
39	0.052512098	-0.011184566	0.001995252
40	0.052512098	-0.009948322	0.001623876
41	0.052512098	-0.008623661	0.001133176
42	0.052512098	-0.007216487	0.000531779
43	0.052512098	-0.005727134	-0.000163081
44	0.052512098	-0.004154161	-0.000934103
45	0.052512098	-0.002504582	-0.001782362
46	0.052512098	-0.000788163	-0.002713269
47	0.052512098	0.000989252	-0.003723786
48	0.052512098	0.002821887	-0.004810427
49	0.052512098	0.004703855	-0.005969587
50	0.052512098	0.006629646	-0.007196766
51	0.052512098	0.008595762	-0.008484177
52	0.052512098	0.010590854	-0.009835603
53	0.052512098	0.012601135	-0.011257574
54	0.052512098	0.014651219	-0.012704063
55	0.052512098	0.016736729	-0.014166286
56	0.052512098	0.018839431	-0.015659257
57	0.052512098	0.020945865	-0.017190470
58	0.052512098	0.023041315	-0.018769826
59	0.052512098	0.025101792	-0.020425188
1	0.054791220	0.025237371	-0.020136209
2	0.054791220	0.022815297	-0.019231212
3	0.054791220	0.020422957	-0.018285169
4	0.054791220	0.018061752	-0.017310470
5	0.054791220	0.015734245	-0.016317994
6	0.054791220	0.013444421	-0.015316026
7	0.054791220	0.011194467	-0.014316284
8	0.054791220	0.008995989	-0.013312449
9	0.054791220	0.006850214	-0.012317552
10	0.054791220	0.004763540	-0.011334485
11	0.054791220	0.002746310	-0.010357647
12	0.054791220	0.000802989	-0.009393297
13	0.054791220	-0.001062328	-0.008447983
14	0.054791220	-0.002842194	-0.007521014
15	0.054791220	-0.004530916	-0.006614798
16	0.054791220	-0.006123272	-0.005732171
17	0.054791220	-0.007614549	-0.004876402
18	0.054791220	-0.009002011	-0.004053585
19	0.054791220	-0.010285102	-0.003272581
20	0.054791220	-0.011466588	-0.002546652
21	0.054791220	-0.012546031	-0.001882885
22	0.054791220	-0.013519965	-0.001282741
23	0.054791220	-0.014382838	-0.000743652
24	0.054791220	-0.015126925	-0.000259254
25	0.054791220	-0.015742812	0.000178562
26	0.054791220	-0.016217132	0.000579429
27	0.054791220	-0.016525007	0.000952651
28	0.054791220	-0.016639480	0.001277624
29	0.054791220	-0.016611807	0.001483155
30	0.054791220	-0.016583785	0.001546943
31	0.054791220	-0.016547451	0.001607688
32	0.054791220	-0.016404242	0.001763477
33	0.054791220	-0.016105795	0.001950377
34	0.054791220	-0.015642302	0.002115910
35	0.054791220	-0.015022350	0.002231864
36	0.054791220	-0.014256516	0.002278997
37	0.054791220	-0.013355785	0.002240357
38	0.054791220	-0.012332152	0.002100323
39	0.054791220	-0.011198436	0.001846625
40	0.054791220	-0.009967064	0.001472501
41	0.054791220	-0.008648077	0.000978692
42	0.054791220	-0.007247280	0.000374062
43	0.054791220	-0.005764607	-0.000323457
44	0.054791220	-0.004198630	-0.001096813
45	0.054791220	-0.002555388	-0.001945264
46	0.054791220	-0.000842493	-0.002870417
47	0.054791220	0.000934515	-0.003869226
48	0.054791220	0.002770166	-0.004938157
49	0.054791220	0.004658868	-0.006073529
50	0.054791220	0.006595250	-0.007270984
51	0.054791220	0.008574922	-0.008524344
52	0.054791220	0.010589402	-0.009833560
53	0.054791220	0.012629414	-0.011199329
54	0.054791220	0.014702253	-0.012599457
55	0.054791220	0.016805027	-0.014023059
56	0.054791220	0.018923081	-0.015480428
57	0.054791220	0.021044475	-0.016977115
58	0.054791220	0.023155563	-0.018521824
59	0.054791220	0.025237371	-0.020136209
1	0.057070341	0.025344579	-0.019829161
2	0.057070341	0.022914728	-0.018960223
3	0.057070341	0.020517304	-0.018042475
4	0.057070341	0.018152014	-0.017092677
5	0.057070341	0.015820732	-0.016123562
6	0.057070341	0.013527136	-0.015144252
7	0.057070341	0.011273441	-0.014166579
8	0.057070341	0.009071386	-0.013183669
9	0.057070341	0.006922482	-0.012208152
10	0.057070341	0.004833533	-0.011242036
11	0.057070341	0.002812556	-0.010284462
12	0.057070341	0.000865236	-0.009339167
13	0.057070341	-0.001003077	-0.008410141
14	0.057070341	-0.002785712	-0.007498224
15	0.057070341	-0.004476899	-0.006605672
16	0.057070341	-0.006071256	-0.005735049
17	0.057070341	-0.007563809	-0.004889208
18	0.057070341	-0.008950656	-0.004072379
19	0.057070341	-0.010231935	-0.003294799
20	0.057070341	-0.011411820	-0.002572131
21	0.057070341	-0.012490956	-0.001913231
22	0.057070341	-0.013466514	-0.001320593
23	0.057070341	-0.014333243	-0.000792033
24	0.057070341	-0.015083506	-0.000320923
25	0.057070341	-0.015707725	0.000101993
26	0.057070341	-0.016192356	0.000488189
27	0.057070341	-0.016514159	0.000848235
28	0.057070341	-0.016641193	0.001167458
29	0.057070341	-0.016618106	0.001372964
30	0.057070341	-0.016590871	0.001436915
31	0.057070341	-0.016555046	0.001497734
32	0.057070341	-0.016412483	0.001653286
33	0.057070341	-0.016114207	0.001838592
34	0.057070341	-0.015651360	0.002001936
35	0.057070341	-0.015032866	0.002116356
36	0.057070341	-0.014269129	0.002163551
37	0.057070341	-0.013370783	0.002126870
38	0.057070341	-0.012349542	0.001990250
39	0.057070341	-0.011218114	0.001740947
40	0.057070341	-0.009988997	0.001371578
41	0.057070341	-0.008672415	0.000882389
42	0.057070341	-0.007274309	0.000282099
43	0.057070341	-0.005794605	-0.000411167
44	0.057070341	-0.004232130	-0.001180788
45	0.057070341	-0.002592009	-0.002024234
46	0.057070341	-0.000880312	-0.002940349
47	0.057070341	0.000897625	-0.003926035
48	0.057070341	0.002736540	-0.004977661
49	0.057070341	0.004631068	-0.006091411
50	0.057070341	0.006575930	-0.007262992
51	0.057070341	0.008566116	-0.008487370
52	0.057070341	0.010595266	-0.009761411
53	0.057070341	0.012656725	-0.011082146
54	0.057070341	0.014746039	-0.012444923
55	0.057070341	0.016861425	-0.013837018
56	0.057070341	0.018990791	-0.015265102
57	0.057070341	0.021123387	-0.016733144
58	0.057070341	0.023246442	-0.018248837
59	0.057070341	0.025344579	-0.019829161
1	0.059349463	0.025405983	-0.019502752
2	0.059349463	0.022973707	-0.018664571
3	0.059349463	0.020574843	-0.017773590
4	0.059349463	0.018208357	-0.016848810
5	0.059349463	0.015875837	-0.015903893
6	0.059349463	0.013580852	-0.014948332
7	0.059349463	0.011325697	-0.013993946
8	0.059349463	0.009122275	-0.013033187
9	0.059349463	0.006972185	-0.012078686
10	0.059349463	0.004882292	-0.011132270
11	0.059349463	0.002859400	-0.010195582
12	0.059349463	0.000909901	-0.009270786
13	0.059349463	-0.000960082	-0.008360223
14	0.059349463	-0.002744328	-0.007465620
15	0.059349463	-0.004437041	-0.006589150
16	0.059349463	-0.006032762	-0.005733219
17	0.059349463	-0.007526394	-0.004900465
18	0.059349463	-0.008913385	-0.004094053
19	0.059349463	-0.010194141	-0.003324854
20	0.059349463	-0.011373523	-0.002609838
21	0.059349463	-0.012452745	-0.001958853
22	0.059349463	-0.013429340	-0.001374988
23	0.059349463	-0.014298240	-0.000856291
24	0.059349463	-0.015051870	-0.000395974
25	0.059349463	-0.015680609	0.000015839
26	0.059349463	-0.016170978	0.000391517
27	0.059349463	-0.016500623	0.000742389
28	0.059349463	-0.016635329	0.001057142
29	0.059349463	-0.016615517	0.001262251
30	0.059349463	-0.016588966	0.001326252
31	0.059349463	-0.016553707	0.001387125
32	0.059349463	-0.016412401	0.001542846
33	0.059349463	-0.016115630	0.001728318
34	0.059349463	-0.015654789	0.001892409
35	0.059349463	-0.015038854	0.002009078
36	0.059349463	-0.014277956	0.002060519
37	0.059349463	-0.013382388	0.002030215
38	0.059349463	-0.012363566	0.001901812
39	0.059349463	-0.011234029	0.001662177
40	0.059349463	-0.010006278	0.001303380
41	0.059349463	-0.008690699	0.000825149
42	0.059349463	-0.007293468	0.000235862
43	0.059349463	-0.005814747	-0.000446495
44	0.059349463	-0.004253698	-0.001205716
45	0.059349463	-0.002614902	-0.002038151
46	0.059349463	-0.000903529	-0.002940983
47	0.059349463	0.000875210	-0.003911045
48	0.059349463	0.002716204	-0.004944572
49	0.059349463	0.004614263	-0.006037582
50	0.059349463	0.006564183	-0.007185771
51	0.059349463	0.008560665	-0.008384683
52	0.059349463	0.010598266	-0.009629810
53	0.059349463	0.012671245	-0.010916864
54	0.059349463	0.014769676	-0.012249940
55	0.059349463	0.016892193	-0.013615453
56	0.059349463	0.019028062	-0.015018149
57	0.059349463	0.021167273	-0.016461021
58	0.059349463	0.023297657	-0.017951110
59	0.059349463	0.025405983	-0.019502752
1	0.061628585	0.025374498	-0.019143264
2	0.061628585	0.022948396	-0.018331870
3	0.061628585	0.020555274	-0.017467126
4	0.061628585	0.018194172	-0.016568197
5	0.061628585	0.015866729	-0.015648805
6	0.061628585	0.013576509	-0.014718525
7	0.061628585	0.011325914	-0.013789040
8	0.061628585	0.009126763	-0.012852635
9	0.061628585	0.006980760	-0.011921843
10	0.061628585	0.004894717	-0.010998496
11	0.061628585	0.002875192	-0.010084661
12	0.061628585	0.000928723	-0.009182067
13	0.061628585	-0.000938430	-0.008292669
14	0.061628585	-0.002720166	-0.007418342
15	0.061628585	-0.004410693	-0.006561184
16	0.061628585	-0.006004557	-0.005723538
17	0.061628585	-0.007496612	-0.004907886
18	0.061628585	-0.008882230	-0.004117221
19	0.061628585	-0.010161805	-0.003362517
20	0.061628585	-0.011340083	-0.002660768
21	0.061628585	-0.012418338	-0.002022022
22	0.061628585	-0.013394169	-0.001449462
23	0.061628585	-0.014262637	-0.000941252
24	0.061628585	-0.015016204	-0.000490459
25	0.061628585	-0.015645369	-0.000087094
26	0.061628585	-0.016136867	0.000281331
27	0.061628585	-0.016468644	0.000626447
28	0.061628585	-0.016606257	0.000937807
29	0.061628585	-0.016588550	0.001141919
30	0.061628585	-0.016562698	0.001205785
31	0.061628585	-0.016528135	0.001266599
32	0.061628585	-0.016388855	0.001422542
33	0.061628585	-0.016095166	0.001609192
34	0.061628585	-0.015638188	0.001775855
35	0.061628585	-0.015026683	0.001896791
36	0.061628585	-0.014270539	0.001954293
37	0.061628585	-0.013379802	0.001931881
38	0.061628585	-0.012365649	0.001813138
39	0.061628585	-0.011240420	0.001584858
40	0.061628585	-0.010016500	0.001238895
41	0.061628585	-0.008704263	0.000774780
42	0.061628585	-0.007309989	0.000200675
43	0.061628585	-0.005834023	-0.000465552
44	0.061628585	-0.004275775	-0.001207977
45	0.061628585	-0.002639644	-0.002022592
46	0.061628585	-0.000930700	-0.002906463
47	0.061628585	0.000845900	-0.003856393
48	0.061628585	0.002685087	-0.004868617
49	0.061628585	0.004581736	-0.005939114
50	0.061628585	0.006530639	-0.007063659
51	0.061628585	0.008526451	-0.008237944
52	0.061628585	0.010563840	-0.009457351
53	0.061628585	0.012637120	-0.010717575
54	0.061628585	0.014735628	-0.012024134
55	0.061628585	0.016857987	-0.013363355
56	0.061628585	0.018993789	-0.014739678
57	0.061628585	0.021133222	-0.016155983
58	0.061628585	0.023264340	-0.017619229
59	0.061628585	0.025374498	-0.019143264
1	0.063907707	0.025213486	-0.018738803
2	0.063907707	0.022803066	-0.017955211
3	0.063907707	0.020424878	-0.017118482
4	0.063907707	0.018078130	-0.016247612
5	0.063907707	0.015764561	-0.015356183
6	0.063907707	0.013487781	-0.014453651
7	0.063907707	0.011250267	-0.013551575
8	0.063907707	0.009063663	-0.012642210
9	0.063907707	0.006929763	-0.011737958
10	0.063907707	0.004855329	-0.010840589
11	0.063907707	0.002846876	-0.009952083
12	0.063907707	0.000910899	-0.009074102
13	0.063907707	-0.000946387	-0.008208530
14	0.063907707	-0.002718919	-0.007357175
15	0.063907707	-0.004400943	-0.006522067
16	0.063907707	-0.005987037	-0.005705483
17	0.063907707	-0.007472081	-0.004909840
18	0.063907707	-0.008851466	-0.004138065
19	0.063907707	-0.010125493	-0.003401038
20	0.063907707	-0.011298720	-0.002715632
21	0.063907707	-0.012372326	-0.002091813
22	0.063907707	-0.013343904	-0.001532711
23	0.063907707	-0.014208575	-0.001036463
24	0.063907707	-0.014958928	-0.000596142
25	0.063907707	-0.015585631	-0.000201762
26	0.063907707	-0.016075655	0.000159146
27	0.063907707	-0.016407248	0.000498287
28	0.063907707	-0.016546198	0.000805611
29	0.063907707	-0.016530377	0.001007982
30	0.063907707	-0.016505308	0.001071476
31	0.063907707	-0.016471579	0.001132018
32	0.063907707	-0.016334906	0.001287689
33	0.063907707	-0.016045513	0.001475081
34	0.063907707	-0.015594174	0.001644038
35	0.063907707	-0.014989357	0.001768981
36	0.063907707	-0.014240709	0.001832285
37	0.063907707	-0.013358046	0.001817535
38	0.063907707	-0.012352309	0.001708370
39	0.063907707	-0.011235610	0.001491606
40	0.063907707	-0.010020155	0.001159069
41	0.063907707	-0.008716218	0.000710209
42	0.063907707	-0.007330085	0.000153065
43	0.063907707	-0.005862249	-0.000494661
44	0.063907707	-0.004312256	-0.001217188
45	0.063907707	-0.002684499	-0.002010586
46	0.063907707	-0.000984027	-0.002871989
47	0.063907707	0.000784026	-0.003798272
48	0.063907707	0.002614606	-0.004785748
49	0.063907707	0.004502604	-0.005830472
50	0.063907707	0.006442825	-0.006928303
51	0.063907707	0.008429936	-0.008075021
52	0.063907707	0.010458613	-0.009266094
53	0.063907707	0.012523193	-0.010497304
54	0.063907707	0.014613153	-0.011774211
55	0.063907707	0.016727016	-0.013083275
56	0.063907707	0.018854507	-0.014428984
57	0.063907707	0.020985928	-0.015814278
58	0.063907707	0.023109501	-0.017246150
59	0.063907707	0.025213486	-0.018738803
1	0.066186829	0.024946381	-0.018299571
2	0.066186829	0.022559288	-0.017545335
3	0.066186829	0.020203592	-0.016738362
4	0.066186829	0.017878666	-0.015897420
5	0.066186829	0.015586338	-0.015035907
6	0.066186829	0.013330254	-0.014163126
7	0.066186829	0.011112957	-0.013290474
8	0.066186829	0.008945881	-0.012410207
9	0.066186829	0.006830903	-0.011534556
10	0.066186829	0.004774711	-0.010665222
11	0.066186829	0.002783761	-0.009804098
12	0.066186829	0.000864480	-0.008952775
13	0.066186829	-0.000976977	-0.008113061
14	0.066186829	-0.002734609	-0.007286693
15	0.066186829	-0.004402715	-0.006475632
16	0.066186829	-0.005975924	-0.005682081
17	0.066186829	-0.007449156	-0.004908388
18	0.066186829	-0.008817838	-0.004157405
19	0.066186829	-0.010082182	-0.003439887
20	0.066186829	-0.011246548	-0.002772532
21	0.066186829	-0.012312020	-0.002165194
22	0.066186829	-0.013276193	-0.001620940
23	0.066186829	-0.014134261	-0.001137888
24	0.066186829	-0.014878963	-0.000709135
25	0.066186829	-0.015501160	-0.000324741
26	0.066186829	-0.015988092	0.000027709
27	0.066186829	-0.016318377	0.000359950
28	0.066186829	-0.016458139	0.000662342
29	0.066186829	-0.016444188	0.000862348
30	0.066186829	-0.016419955	0.000925267
31	0.066186829	-0.016387143	0.000985343
32	0.066186829	-0.016253442	0.001140228
33	0.066186829	-0.015969159	0.001327700
34	0.066186829	-0.015524768	0.001498290
35	0.066186829	-0.014928424	0.001626664
36	0.066186829	-0.014189514	0.001695326
37	0.066186829	-0.013317599	0.001687983
38	0.066186829	-0.012323353	0.001588384
39	0.066186829	-0.011218635	0.001383406
40	0.066186829	-0.010015433	0.001064881
41	0.066186829	-0.008723889	0.000632185
42	0.066186829	-0.007350278	0.000093213
43	0.066186829	-0.005895225	-0.000534553
44	0.066186829	-0.004358415	-0.001235520
45	0.066186829	-0.002744218	-0.002005848
46	0.066186829	-0.001057647	-0.002842752
47	0.066186829	0.000696204	-0.003743183
48	0.066186829	0.002512315	-0.004703539
49	0.066186829	0.004385607	-0.005719964
50	0.066186829	0.006310914	-0.006788412
51	0.066186829	0.008282934	-0.007904761
52	0.066186829	0.010296373	-0.009064578
53	0.066186829	0.012345601	-0.010263740
54	0.066186829	0.014420271	-0.011507828
55	0.066186829	0.016518814	-0.012783480
56	0.066186829	0.018631119	-0.014095214
57	0.066186829	0.020747628	-0.015446013
58	0.066186829	0.022856767	-0.016842880
59	0.066186829	0.024946381	-0.018299571
1	0.068465951	0.024614211	-0.017842523
2	0.068465951	0.022255191	-0.017118381
3	0.068465951	0.019926690	-0.016342006
4	0.068465951	0.017628240	-0.015531904
5	0.068465951	0.015361756	-0.014701264
6	0.068465951	0.013130907	-0.013859222
7	0.068465951	0.010938289	-0.013016993
8	0.068465951	0.008795112	-0.012166855
9	0.068465951	0.006703325	-0.011320843
10	0.068465951	0.004669531	-0.010480589
11	0.068465951	0.002700112	-0.009647899
12	0.068465951	0.000801415	-0.008824289
13	0.068465951	-0.001020477	-0.008011491
14	0.068465951	-0.002759636	-0.007211171
15	0.068465951	-0.004410427	-0.006425214
16	0.068465951	-0.005967538	-0.005655751
17	0.068465951	-0.007425943	-0.004905052
18	0.068465951	-0.008781110	-0.004175892
19	0.068465951	-0.010033161	-0.003478873
20	0.068465951	-0.011186257	-0.002830487
21	0.068465951	-0.012241390	-0.002240458
22	0.068465951	-0.013196164	-0.001711793
23	0.068465951	-0.014045857	-0.001242594
24	0.068465951	-0.014783368	-0.000826003
25	0.068465951	-0.015399766	-0.000452139
26	0.068465951	-0.015882580	-0.000108674
27	0.068465951	-0.016210827	0.000216137
28	0.068465951	-0.016351032	0.000513071
29	0.068465951	-0.016338896	0.000710327
30	0.068465951	-0.016315513	0.000772539
31	0.068465951	-0.016283655	0.000832019
32	0.068465951	-0.016153116	0.000985766
33	0.068465951	-0.015874414	0.001172847
34	0.068465951	-0.015437762	0.001344583
35	0.068465951	-0.014850991	0.001475936
36	0.068465951	-0.014123212	0.001549588
37	0.068465951	-0.013263719	0.001549399
38	0.068465951	-0.012282899	0.001459266
39	0.068465951	-0.011192336	0.001266159
40	0.068465951	-0.010003779	0.000961929
41	0.068465951	-0.008727221	0.000545877
42	0.068465951	-0.007368911	0.000025734
43	0.068465951	-0.005929608	-0.000581275
44	0.068465951	-0.004409124	-0.001259775
45	0.068465951	-0.002811801	-0.002006018
46	0.068465951	-0.001142603	-0.002817300
47	0.068465951	0.000593427	-0.003690657
48	0.068465951	0.002391309	-0.004622578
49	0.068465951	0.004246008	-0.005609300
50	0.068465951	0.006152398	-0.006646881
51	0.068465951	0.008105220	-0.007731302
52	0.068465951	0.010099217	-0.008858234
53	0.068465951	0.012128811	-0.010023659
54	0.068465951	0.014183846	-0.011233160
55	0.068465951	0.016262668	-0.012473580
56	0.068465951	0.018355346	-0.013749453
57	0.068465951	0.020452485	-0.015063795
58	0.068465951	0.022542734	-0.016423603
59	0.068465951	0.024614211	-0.017842523
1	0.070745073	0.024257526	-0.017384661
2	0.070745073	0.021928414	-0.016690446
3	0.070745073	0.019628937	-0.015944548
4	0.070745073	0.017358785	-0.015165196
5	0.070745073	0.015119947	-0.014365362
6	0.070745073	0.012916113	-0.013554011
7	0.070745073	0.010749930	-0.012742168
8	0.070745073	0.008632375	-0.011922140
9	0.070745073	0.006565466	-0.011105760
10	0.070745073	0.004555714	-0.010294591
11	0.070745073	0.002609425	-0.009490352
12	0.070745073	0.000732859	-0.008694486
13	0.070745073	-0.001067977	-0.007908650
14	0.070745073	-0.002787234	-0.007134439
15	0.070745073	-0.004419345	-0.006373662
16	0.070745073	-0.005959062	-0.005628377
17	0.070745073	-0.007401418	-0.004900778
18	0.070745073	-0.008741926	-0.004193561
19	0.070745073	-0.009980621	-0.003517169
20	0.070745073	-0.011121467	-0.002887873
21	0.070745073	-0.012165364	-0.002315264
22	0.070745073	-0.013109929	-0.001802283
23	0.070745073	-0.013950525	-0.001347022
24	0.070745073	-0.014680218	-0.000942672
25	0.070745073	-0.015290284	-0.000579424
26	0.070745073	-0.015768548	-0.000245043
27	0.070745073	-0.016094440	0.000072206
28	0.070745073	-0.016234907	0.000363516
29	0.070745073	-0.016224539	0.000557882
30	0.070745073	-0.016202007	0.000619339
31	0.070745073	-0.016171109	0.000678174
32	0.070745073	-0.016043781	0.000830640
33	0.070745073	-0.015770801	0.001017124
34	0.070745073	-0.015342141	0.001189766
35	0.070745073	-0.014765312	0.001323843
36	0.070745073	-0.014049147	0.001402227
37	0.070745073	-0.013202669	0.001408951
38	0.070745073	-0.012235979	0.001328069
39	0.070745073	-0.011160379	0.001146657
40	0.070745073	-0.009987375	0.000856595
41	0.070745073	-0.008726804	0.000457112
42	0.070745073	-0.007384881	-0.000044227
43	0.070745073	-0.005962495	-0.000630469
44	0.070745073	-0.004459582	-0.001286463
45	0.070745073	-0.002880448	-0.002008557
46	0.070745073	-0.001230006	-0.002794132
47	0.070745073	0.000486754	-0.003640302
48	0.070745073	0.002264901	-0.004543652
49	0.070745073	0.004099446	-0.005500516
50	0.070745073	0.005985309	-0.006507052
51	0.070745073	0.007917275	-0.007559346
52	0.070745073	0.009890134	-0.008653180
53	0.070745073	0.011898361	-0.009784635
54	0.070745073	0.013931997	-0.010959295
55	0.070745073	0.015989309	-0.012164214
56	0.070745073	0.018060554	-0.013403935
57	0.070745073	0.020136502	-0.014681506
58	0.070745073	0.022206031	-0.016003908
59	0.070745073	0.024257526	-0.017384661
1	0.073024195	0.023902463	-0.016937091
2	0.073024195	0.021603192	-0.016272048
3	0.073024195	0.019332691	-0.015555874
4	0.073024195	0.017090800	-0.014806522
5	0.073024195	0.014879583	-0.014036751
6	0.073024195	0.012702746	-0.013255357
7	0.073024195	0.010562986	-0.012473176
8	0.073024195	0.008471048	-0.011682545
9	0.073024195	0.006429018	-0.010895098
10	0.073024195	0.004443315	-0.010112331
11	0.073024195	0.002520168	-0.009335878
12	0.073024195	0.000665753	-0.008567112
13	0.073024195	-0.001114002	-0.007807614
14	0.073024195	-0.002813324	-0.007058911
15	0.073024195	-0.004426716	-0.006322740
16	0.073024195	-0.005948995	-0.005601088
17	0.073024195	-0.007375250	-0.004896074
18	0.073024195	-0.008701043	-0.004210320
19	0.073024195	-0.009926326	-0.003554113
20	0.073024195	-0.011054871	-0.002943506
21	0.073024195	-0.012087489	-0.002387953
22	0.073024195	-0.013021807	-0.001890327
23	0.073024195	-0.013853273	-0.001448709
24	0.073024195	-0.014575113	-0.001056342
25	0.073024195	-0.015178813	-0.000703489
26	0.073024195	-0.015652484	-0.000378014
27	0.073024195	-0.015975966	-0.000068198
28	0.073024195	-0.016116638	0.000217559
29	0.073024195	-0.016107998	0.000409055
30	0.073024195	-0.016086306	0.000469761
31	0.073024195	-0.016056352	0.000527951
32	0.073024195	-0.015932190	0.000679129
33	0.073024195	-0.015664861	0.000864980
34	0.073024195	-0.015244102	0.001038446
35	0.073024195	-0.014677113	0.001175119
36	0.073024195	-0.013972458	0.001258054
37	0.073024195	-0.013138894	0.001271454
38	0.073024195	-0.012186243	0.001199533
39	0.073024195	-0.011125535	0.001029472
40	0.073024195	-0.009968035	0.000753186
41	0.073024195	-0.008723426	0.000369838
42	0.073024195	-0.007397886	-0.000113168
43	0.073024195	-0.005992426	-0.000679139
44	0.073024195	-0.004507102	-0.001313153
45	0.073024195	-0.002946188	-0.002011655
46	0.073024195	-0.001314542	-0.002772104
47	0.073024195	0.000382900	-0.003591696
48	0.073024195	0.002141254	-0.004467107
49	0.073024195	0.003955580	-0.005394763
50	0.073024195	0.005820841	-0.006370924
51	0.073024195	0.007731872	-0.007391779
52	0.073024195	0.009683508	-0.008453214
53	0.073024195	0.011670276	-0.009551414
54	0.073024195	0.013682413	-0.010691960
55	0.073024195	0.015718109	-0.011862113
56	0.073024195	0.017767805	-0.013066427
57	0.073024195	0.019822434	-0.014307980
58	0.073024195	0.021871101	-0.015593734
59	0.073024195	0.023902463	-0.016937091
1	0.075303317	0.023555233	-0.016502813
2	0.075303317	0.021285255	-0.015866020
3	0.075303317	0.019043208	-0.015178636
4	0.075303317	0.016829076	-0.014458347
5	0.075303317	0.014644996	-0.013717705
6	0.075303317	0.012494687	-0.012965339
7	0.075303317	0.010380890	-0.012211902
8	0.075303317	0.008314131	-0.011449764
9	0.075303317	0.006296555	-0.010690362
10	0.075303317	0.004334494	-0.009935129
11	0.075303317	0.002434100	-0.009185615
12	0.075303317	0.000601466	-0.008443127
13	0.075303317	-0.001157557	-0.007709172
14	0.075303317	-0.002837270	-0.006985212
15	0.075303317	-0.004432245	-0.006272912
16	0.075303317	-0.005937362	-0.005574191
17	0.075303317	-0.007347767	-0.004891096
18	0.075303317	-0.008659068	-0.004226173
19	0.075303317	-0.009871137	-0.003589559
20	0.075303317	-0.010987560	-0.002997091
21	0.075303317	-0.012009062	-0.002458089
22	0.075303317	-0.012933284	-0.001975364
23	0.075303317	-0.013755754	-0.001546987
24	0.075303317	-0.014469856	-0.001166250
25	0.075303317	-0.015067277	-0.000823492
26	0.075303317	-0.015536409	-0.000506669
27	0.075303317	-0.015857491	-0.000204083
28	0.075303317	-0.015998319	0.000076259
29	0.075303317	-0.015991335	0.000264946
30	0.075303317	-0.015970454	0.000324911
31	0.075303317	-0.015941415	0.000382466
32	0.075303317	-0.015820325	0.000532361
33	0.075303317	-0.015558495	0.000717546
34	0.075303317	-0.015145442	0.000891752
35	0.075303317	-0.014588065	0.001030878
36	0.075303317	-0.013894663	0.001118166
37	0.075303317	-0.013073738	0.001137985
38	0.075303317	-0.012134839	0.001074707
39	0.075303317	-0.011088729	0.000915619
40	0.075303317	-0.009946440	0.000652670
41	0.075303317	-0.008717503	0.000284957
42	0.075303317	-0.007408061	-0.000180271
43	0.075303317	-0.006019241	-0.000726581
44	0.075303317	-0.004551217	-0.001339276
45	0.075303317	-0.003008227	-0.002014888
46	0.075303317	-0.001395079	-0.002750959
47	0.075303317	0.000283346	-0.003544758
48	0.075303317	0.002022211	-0.004393054
49	0.075303317	0.003816622	-0.005292361
50	0.075303317	0.005661588	-0.006239039
51	0.075303317	0.007551990	-0.007229376
52	0.075303317	0.009482708	-0.008259363
53	0.075303317	0.011448324	-0.009325279
54	0.075303317	0.013439263	-0.010432704
55	0.075303317	0.015453642	-0.011569104
56	0.075303317	0.017482081	-0.012739040
57	0.075303317	0.019515675	-0.013945617
58	0.075303317	0.021543747	-0.015195776
59	0.075303317	0.023555233	-0.016502813
1	0.077582439	0.023208540	-0.016079279
2	0.077582439	0.020967800	-0.015469941
3	0.077582439	0.018754172	-0.014810553
4	0.077582439	0.016567781	-0.014118537
5	0.077582439	0.014410827	-0.013406240
6	0.077582439	0.012287044	-0.012682129
7	0.077582439	0.010199214	-0.011956675
8	0.077582439	0.008157642	-0.011222282
9	0.077582439	0.006164534	-0.010490196
10	0.077582439	0.004226135	-0.009761786
11	0.077582439	0.002348517	-0.009038524
12	0.077582439	0.000537691	-0.008321649
13	0.077582439	-0.001200566	-0.007612599
14	0.077582439	-0.002860632	-0.006912771
15	0.077582439	-0.004437148	-0.006223762
16	0.077582439	-0.005925054	-0.005547421
17	0.077582439	-0.007319555	-0.004885727
18	0.077582439	-0.008616303	-0.004241150
19	0.077582439	-0.009815092	-0.003623670
20	0.077582439	-0.010919329	-0.003048914
21	0.077582439	-0.011929656	-0.002526069
22	0.077582439	-0.012843727	-0.002057889
23	0.077582439	-0.013657155	-0.001642437
24	0.077582439	-0.014363478	-0.001273059
25	0.077582439	-0.014954580	-0.000940166
26	0.077582439	-0.015419124	-0.000631809
27	0.077582439	-0.015737742	-0.000336314
28	0.077582439	-0.015878641	-0.000061304
29	0.077582439	-0.015873234	0.000124590
30	0.077582439	-0.015853134	0.000183813
31	0.077582439	-0.015824982	0.000240726
32	0.077582439	-0.015706887	0.000389303
33	0.077582439	-0.015450452	0.000573737
34	0.077582439	-0.015044994	0.000748545
35	0.077582439	-0.014497117	0.000889939
36	0.077582439	-0.013814861	0.000981349
37	0.077582439	-0.013006478	0.001007316
38	0.077582439	-0.012081249	0.000952373
39	0.077582439	-0.011049671	0.000803916
40	0.077582439	-0.009922547	0.000553927
41	0.077582439	-0.008709257	0.000201439
42	0.077582439	-0.007415910	-0.000246462
43	0.077582439	-0.006043747	-0.000773602
44	0.077582439	-0.004593052	-0.001365500
45	0.077582439	-0.003068028	-0.002018780
46	0.077582439	-0.001473430	-0.002731057
47	0.077582439	0.000185913	-0.003499679
48	0.077582439	0.001905212	-0.004321501
49	0.077582439	0.003679620	-0.005193128
50	0.077582439	0.005504193	-0.006111015
51	0.077582439	0.007373859	-0.007071547
52	0.077582439	0.009283542	-0.008070816
53	0.077582439	0.011227878	-0.009105198
54	0.077582439	0.013197482	-0.010180265
55	0.077582439	0.015190399	-0.011283686
56	0.077582439	0.017197429	-0.012420026
57	0.077582439	0.019209823	-0.013592414
58	0.077582439	0.021217122	-0.014807770
59	0.077582439	0.023208540	-0.016079279
1	0.079861561	0.022850278	-0.015661879
2	0.079861561	0.020639567	-0.015079445
3	0.079861561	0.018455160	-0.014447524
4	0.079861561	0.016297313	-0.013783269
5	0.079861561	0.014168288	-0.013098819
6	0.079861561	0.012071828	-0.012402478
7	0.079861561	0.010010753	-0.011704535
8	0.079861561	0.007995149	-0.010997432
9	0.079861561	0.006027275	-0.010292221
10	0.079861561	0.004113287	-0.009590210
11	0.079861561	0.002259177	-0.008892792
12	0.079861561	0.000470872	-0.008201142
13	0.079861561	-0.001245929	-0.007516630
14	0.079861561	-0.002885681	-0.006840590
15	0.079861561	-0.004443095	-0.006174550
16	0.079861561	-0.005913177	-0.005520293
17	0.079861561	-0.007291190	-0.004879728
18	0.079861561	-0.008572833	-0.004255254
19	0.079861561	-0.009757825	-0.003656690
20	0.079861561	-0.010849397	-0.003099447
21	0.079861561	-0.011848112	-0.002592578
22	0.079861561	-0.012751641	-0.002138778
23	0.079861561	-0.013555679	-0.001736104
24	0.079861561	-0.014253915	-0.001377957
25	0.079861561	-0.014838434	-0.001054830
26	0.079861561	-0.015298169	-0.000754874
27	0.079861561	-0.015614144	-0.000466447
28	0.079861561	-0.015754992	-0.000196800
29	0.079861561	-0.015751108	-0.000013749
30	0.079861561	-0.015731778	0.000044711
31	0.079861561	-0.015704503	0.000100958
32	0.079861561	-0.015589390	0.000248142
33	0.079861561	-0.015338365	0.000431701
34	0.079861561	-0.014940555	0.000606941
35	0.079861561	-0.014402280	0.000750395
36	0.079861561	-0.013731323	0.000845689
37	0.079861561	-0.012935689	0.000877542
38	0.079861561	-0.012024393	0.000830654
39	0.079861561	-0.011007670	0.000692536
40	0.079861561	-0.009896092	0.000455211
41	0.079861561	-0.008698887	0.000117648
42	0.079861561	-0.007422123	-0.000313222
43	0.079861561	-0.006067151	-0.000821492
44	0.079861561	-0.004634361	-0.001392902
45	0.079861561	-0.003127919	-0.002024163
46	0.079861561	-0.001552525	-0.002712969
47	0.079861561	0.000087049	-0.003456740
48	0.079861561	0.001786062	-0.004252419
49	0.079861561	0.003539717	-0.005096701
50	0.079861561	0.005343118	-0.005986134
51	0.079861561	0.007191242	-0.006917202
52	0.079861561	0.009079063	-0.007886096
53	0.079861561	0.011001274	-0.008889287
54	0.079861561	0.012948676	-0.009932338
55	0.079861561	0.014919250	-0.011003120
56	0.079861561	0.016903973	-0.012106201
57	0.079861561	0.018894259	-0.013244730
58	0.079861561	0.020879862	-0.014425599
59	0.079861561	0.022850278	-0.015661879
1	0.082140683	0.022472055	-0.015247436
2	0.082140683	0.020292749	-0.014691518
3	0.082140683	0.018138939	-0.014086712
4	0.082140683	0.016011007	-0.013449895
5	0.082140683	0.013911273	-0.012792989
6	0.082140683	0.011843484	-0.012124131
7	0.082140683	0.009810494	-0.011453424
8	0.082140683	0.007822165	-0.010773354
9	0.082140683	0.005880807	-0.010094775
10	0.082140683	0.003992483	-0.009418932
11	0.082140683	0.002163100	-0.008747144
12	0.082140683	0.000398500	-0.008080523
13	0.082140683	-0.001295702	-0.007420369
14	0.082140683	-0.002914042	-0.006767956
15	0.082140683	-0.004451303	-0.006124745
16	0.082140683	-0.005902559	-0.005492452
17	0.082140683	-0.007263136	-0.004872919
18	0.082140683	-0.008528784	-0.004268472
19	0.082140683	-0.009699151	-0.003688771
20	0.082140683	-0.010777296	-0.003148999
21	0.082140683	-0.011763705	-0.002658068
22	0.082140683	-0.012656064	-0.002218610
23	0.082140683	-0.013450152	-0.001828678
24	0.082140683	-0.014139813	-0.001481735
25	0.082140683	-0.014717333	-0.001168364
26	0.082140683	-0.015171915	-0.000876824
27	0.082140683	-0.015484988	-0.000595522
28	0.082140683	-0.015625630	-0.000331341
29	0.082140683	-0.015623226	-0.000151232
30	0.082140683	-0.015604663	-0.000093572
31	0.082140683	-0.015578266	-0.000038027
32	0.082140683	-0.015466163	0.000107659
33	0.082140683	-0.015220633	0.000290178
34	0.082140683	-0.014830638	0.000465647
35	0.082140683	-0.014302211	0.000610931
36	0.082140683	-0.013642886	0.000709859
37	0.082140683	-0.012860417	0.000747336
38	0.082140683	-0.011963557	0.000708241
39	0.082140683	-0.010962278	0.000580208
40	0.082140683	-0.009866920	0.000355310
41	0.082140683	-0.008686552	0.000032460
42	0.082140683	-0.007427198	-0.000381567
43	0.082140683	-0.006090308	-0.000871132
44	0.082140683	-0.004676375	-0.001422210
45	0.082140683	-0.003189524	-0.002031599
46	0.082140683	-0.001634400	-0.002697070
47	0.082140683	-0.000015712	-0.003416116
48	0.082140683	0.001661850	-0.004185768
49	0.082140683	0.003393543	-0.005002810
50	0.082140683	0.005174523	-0.005863886
51	0.082140683	0.006999821	-0.006765575
52	0.082140683	0.008864463	-0.007704171
53	0.082140683	0.010763202	-0.008676239
54	0.082140683	0.012687029	-0.009687327
55	0.082140683	0.014633867	-0.010725516
56	0.082140683	0.016594874	-0.011795372
57	0.082140683	0.018561625	-0.012900056
58	0.082140683	0.020524097	-0.014046431
59	0.082140683	0.022472055	-0.015247436
1	0.084419805	0.022074066	-0.014835852
2	0.084419805	0.019927511	-0.014306069
3	0.084419805	0.017805643	-0.013728032
4	0.084419805	0.015708970	-0.013118330
5	0.084419805	0.013639860	-0.012488667
6	0.084419805	0.011602062	-0.011847009
7	0.084419805	0.009598458	-0.011203265
8	0.084419805	0.007638685	-0.010549976
9	0.084419805	0.005725097	-0.009897790
10	0.084419805	0.003863663	-0.009247891
11	0.084419805	0.002060200	-0.008601527
12	0.084419805	0.000320459	-0.007959743
13	0.084419805	-0.001350029	-0.007323776
14	0.084419805	-0.002945883	-0.006694837
15	0.084419805	-0.004461964	-0.006074323
16	0.084419805	-0.005893419	-0.005463884
17	0.084419805	-0.007235636	-0.004865294
18	0.084419805	-0.008484420	-0.004280805
19	0.084419805	-0.009639354	-0.003719916
20	0.084419805	-0.010703325	-0.003197568
21	0.084419805	-0.011676744	-0.002722531
22	0.084419805	-0.012557316	-0.002297373
23	0.084419805	-0.013340906	-0.001920146
24	0.084419805	-0.014021514	-0.001584380
25	0.084419805	-0.014591626	-0.001280753
26	0.084419805	-0.015040720	-0.000997644
27	0.084419805	-0.015350634	-0.000723520
28	0.084419805	-0.015490913	-0.000464903
29	0.084419805	-0.015489932	-0.000287835
30	0.084419805	-0.015472126	-0.000231011
31	0.084419805	-0.015446604	-0.000176207
32	0.084419805	-0.015337524	-0.000032134
33	0.084419805	-0.015097563	0.000149169
34	0.084419805	-0.014715537	0.000324650
35	0.084419805	-0.014197198	0.000471519
36	0.084419805	-0.013549827	0.000573820
37	0.084419805	-0.012780933	0.000616657
38	0.084419805	-0.011899003	0.000585097
39	0.084419805	-0.010913747	0.000466906
40	0.084419805	-0.009835267	0.000254217
41	0.084419805	-0.008672471	-0.000054112
42	0.084419805	-0.007431332	-0.000451464
43	0.084419805	-0.006113394	-0.000922476
44	0.084419805	-0.004719250	-0.001453364
45	0.084419805	-0.003252980	-0.002041015
46	0.084419805	-0.001719168	-0.002683277
47	0.084419805	-0.000122460	-0.003377715
48	0.084419805	0.001532510	-0.004121448
49	0.084419805	0.003241055	-0.004911350
50	0.084419805	0.004998388	-0.005744159
51	0.084419805	0.006799598	-0.006616553
52	0.084419805	0.008639765	-0.007524927
53	0.084419805	0.010513708	-0.008465942
54	0.084419805	0.012412612	-0.009445122
55	0.084419805	0.014334344	-0.010450767
56	0.084419805	0.016270246	-0.011487432
57	0.084419805	0.018212061	-0.012558291
58	0.084419805	0.020149989	-0.013670165
59	0.084419805	0.022074066	-0.014835852
1	0.086698927	0.021663084	-0.014429679
2	0.086698927	0.019550128	-0.013925516
3	0.086698927	0.017461060	-0.013373756
4	0.086698927	0.015396502	-0.012790697
5	0.086698927	0.013358873	-0.012187819
6	0.086698927	0.011351915	-0.011572917
7	0.086698927	0.009378537	-0.010955704
8	0.086698927	0.007448148	-0.010328782
9	0.086698927	0.005563144	-0.009702589
10	0.086698927	0.003729394	-0.009078252
11	0.086698927	0.001952628	-0.008456945
12	0.086698927	0.000238500	-0.007839653
13	0.086698927	-0.001407543	-0.007227549
14	0.086698927	-0.002980208	-0.006621782
15	0.086698927	-0.004474435	-0.006023685
16	0.086698927	-0.005885443	-0.005434844
17	0.086698927	-0.007208686	-0.004856965
18	0.086698927	-0.008440028	-0.004292228
19	0.086698927	-0.009578984	-0.003749961
20	0.086698927	-0.010628277	-0.003244865
21	0.086698927	-0.011588246	-0.002785561
22	0.086698927	-0.012456616	-0.002374557
23	0.086698927	-0.013229339	-0.002009904
24	0.086698927	-0.013900572	-0.001685204
25	0.086698927	-0.014462999	-0.001391237
26	0.086698927	-0.014906374	-0.001116507
27	0.086698927	-0.015212942	-0.000849549
28	0.086698927	-0.015352725	-0.000596530
29	0.086698927	-0.015353104	-0.000422559
30	0.086698927	-0.015336040	-0.000366596
31	0.086698927	-0.015311381	-0.000312559
32	0.086698927	-0.015205305	-0.000170185
33	0.086698927	-0.014970926	0.000009759
34	0.086698927	-0.014596929	0.000185063
35	0.086698927	-0.014088793	0.000333296
36	0.086698927	-0.013453549	0.000438724
37	0.086698927	-0.012698460	0.000486658
38	0.086698927	-0.011831751	0.000462362
39	0.086698927	-0.010862868	0.000353743
40	0.086698927	-0.009801675	0.000152996
41	0.086698927	-0.008656917	-0.000141073
42	0.086698927	-0.007434511	-0.000522008
43	0.086698927	-0.006136092	-0.000974730
44	0.086698927	-0.004762348	-0.001485696
45	0.086698927	-0.003317310	-0.002051883
46	0.086698927	-0.001805499	-0.002671214
47	0.086698927	-0.000231499	-0.003341325
48	0.086698927	0.001400118	-0.004059425
49	0.086698927	0.003084722	-0.004822475
50	0.086698927	0.004817585	-0.005627310
51	0.086698927	0.006593856	-0.006470703
52	0.086698927	0.008408675	-0.007349151
53	0.086698927	0.010256926	-0.008259409
54	0.086698927	0.012129990	-0.009206974
55	0.086698927	0.014025683	-0.010180366
56	0.086698927	0.015935534	-0.011184128
57	0.086698927	0.017851456	-0.012221438
58	0.086698927	0.019763871	-0.013299073
59	0.086698927	0.021663084	-0.014429679
1	0.088978049	0.021248269	-0.014032328
2	0.088978049	0.019169099	-0.013553099
3	0.088978049	0.017113033	-0.013026939
4	0.088978049	0.015080803	-0.012469855
5	0.088978049	0.013074872	-0.011893103
6	0.088978049	0.011098977	-0.011304309
7	0.088978049	0.009156046	-0.010712990
8	0.088978049	0.007255265	-0.010111811
9	0.088978049	0.005399069	-0.009511002
10	0.088978049	0.003593228	-0.008911634
11	0.088978049	0.001843378	-0.008314811
12	0.088978049	0.000155084	-0.007721458
13	0.088978049	-0.001466298	-0.007132684
14	0.088978049	-0.003015559	-0.006549581
15	0.088978049	-0.004487720	-0.005973419
16	0.088978049	-0.005878073	-0.005405720
17	0.088978049	-0.007182141	-0.004848125
18	0.088978049	-0.008395843	-0.004302744
19	0.088978049	-0.009518632	-0.003778734
20	0.088978049	-0.010553072	-0.003290553
21	0.088978049	-0.011499431	-0.002846675
22	0.088978049	-0.012355457	-0.002449545
23	0.088978049	-0.013117186	-0.002097219
24	0.088978049	-0.013778930	-0.001783370
25	0.088978049	-0.014333572	-0.001498884
26	0.088978049	-0.014771133	-0.001232390
27	0.088978049	-0.015074265	-0.000972501
28	0.088978049	-0.015213470	-0.000725038
29	0.088978049	-0.015215153	-0.000554165
30	0.088978049	-0.015198815	-0.000499070
31	0.088978049	-0.015175002	-0.000445808
32	0.088978049	-0.015071886	-0.000305167
33	0.088978049	-0.014843034	-0.000126658
34	0.088978049	-0.014477015	0.000048348
35	0.088978049	-0.013979039	0.000197780
36	0.088978049	-0.013355894	0.000306130
37	0.088978049	-0.012614603	0.000358915
38	0.088978049	-0.011763132	0.000341600
39	0.088978049	-0.010810667	0.000242236
40	0.088978049	-0.009766839	0.000053084
41	0.088978049	-0.008640226	-0.000227098
42	0.088978049	-0.007436691	-0.000592014
43	0.088978049	-0.006157954	-0.001026867
44	0.088978049	-0.004804790	-0.001518356
45	0.088978049	-0.003381184	-0.002063546
46	0.088978049	-0.001891594	-0.002660433
47	0.088978049	-0.000340536	-0.003306726
48	0.088978049	0.001267476	-0.003999718
49	0.088978049	0.002927872	-0.004736460
50	0.088978049	0.004635985	-0.005513878
51	0.088978049	0.006387024	-0.006328841
52	0.088978049	0.008176189	-0.007177945
53	0.088978049	0.009998432	-0.008058041
54	0.088978049	0.011845329	-0.008974591
55	0.088978049	0.013714647	-0.009916340
56	0.088978049	0.015598100	-0.010887809
57	0.088978049	0.017487770	-0.011892184
58	0.088978049	0.019374300	-0.012936191
59	0.088978049	0.021248269	-0.014032328
1	0.091257171	0.020837216	-0.013646629
2	0.091257171	0.018791469	-0.013191515
3	0.091257171	0.016768063	-0.012690133
4	0.091257171	0.014767837	-0.012158200
5	0.091257171	0.012793292	-0.011606756
6	0.091257171	0.010848159	-0.011043257
7	0.091257171	0.008935384	-0.010477030
8	0.091257171	0.007063936	-0.009900803
9	0.091257171	0.005236282	-0.009324603
10	0.091257171	0.003458096	-0.008749444
11	0.091257171	0.001734924	-0.008176365
12	0.091257171	0.000072238	-0.007606230
13	0.091257171	-0.001524691	-0.007040090
14	0.091257171	-0.003050742	-0.006478980
15	0.091257171	-0.004501013	-0.005924109
16	0.091257171	-0.005870869	-0.005376937
17	0.091257171	-0.007155901	-0.004839044
18	0.091257171	-0.008352083	-0.004312469
19	0.091257171	-0.009458813	-0.003806205
20	0.091257171	-0.010478496	-0.003334470
21	0.091257171	-0.011411335	-0.002905589
22	0.091257171	-0.012255100	-0.002521949
23	0.091257171	-0.013005909	-0.002181606
24	0.091257171	-0.013658226	-0.001878306
25	0.091257171	-0.014205126	-0.001603042
26	0.091257171	-0.014636894	-0.001344570
27	0.091257171	-0.014936580	-0.001091582
28	0.091257171	-0.015075163	-0.000849569
29	0.091257171	-0.015078100	-0.000681751
30	0.091257171	-0.015062467	-0.000627514
31	0.091257171	-0.015039478	-0.000575021
32	0.091257171	-0.014939257	-0.000436108
33	0.091257171	-0.014715820	-0.000259058
34	0.091257171	-0.014357630	-0.000084418
35	0.091257171	-0.013869642	0.000066091
36	0.091257171	-0.013258403	0.000177187
37	0.091257171	-0.012530705	0.000234592
38	0.091257171	-0.011694262	0.000223968
39	0.091257171	-0.010758009	0.000133511
40	0.091257171	-0.009731346	-0.000044452
41	0.091257171	-0.008622690	-0.000311206
42	0.091257171	-0.007437846	-0.000660607
43	0.091257171	-0.006178615	-0.001078135
44	0.091257171	-0.004845855	-0.001550731
45	0.091257171	-0.003443507	-0.002075546
46	0.091257171	-0.001975963	-0.002650646
47	0.091257171	-0.000447674	-0.003273809
48	0.091257171	0.001136906	-0.003942412
49	0.091257171	0.002773266	-0.004653592
50	0.091257171	0.004456798	-0.005404365
51	0.091257171	0.006182774	-0.006191693
52	0.091257171	0.007946452	-0.007012270
53	0.091257171	0.009742854	-0.007863036
54	0.091257171	0.011563742	-0.008749424
55	0.091257171	0.013406842	-0.009660392
56	0.091257171	0.015264049	-0.010600448
57	0.091257171	0.017127608	-0.011572775
58	0.091257171	0.018988381	-0.012584053
59	0.091257171	0.020837216	-0.013646629
1	0.093536293	0.020433353	-0.013273797
2	0.093536293	0.018420414	-0.012841932
3	0.093536293	0.016429077	-0.012364453
4	0.093536293	0.014460281	-0.011856793
5	0.093536293	0.012516568	-0.011329779
6	0.093536293	0.010601656	-0.010790703
7	0.093536293	0.008718510	-0.010248706
8	0.093536293	0.006875886	-0.009696579
9	0.093536293	0.005076281	-0.009144150
10	0.093536293	0.003325276	-0.008592381
11	0.093536293	0.001628328	-0.008042245
12	0.093536293	-0.000009182	-0.007494552
13	0.093536293	-0.001582069	-0.006950291
14	0.093536293	-0.003085293	-0.006410446
15	0.093536293	-0.004514032	-0.005876166
16	0.093536293	-0.005863722	-0.005348853
17	0.093536293	-0.007130018	-0.004830023
18	0.093536293	-0.008308953	-0.004321652
19	0.093536293	-0.009399867	-0.003832568
20	0.093536293	-0.010405018	-0.003376754
21	0.093536293	-0.011324542	-0.002962392
22	0.093536293	-0.012156232	-0.002591809
23	0.093536293	-0.012896288	-0.002263064
24	0.093536293	-0.013539320	-0.001969979
25	0.093536293	-0.014078590	-0.001703647
26	0.093536293	-0.014504639	-0.001452953
27	0.093536293	-0.014800906	-0.001206670
28	0.093536293	-0.014938835	-0.000969967
29	0.093536293	-0.014942967	-0.000805139
30	0.093536293	-0.014928014	-0.000751745
31	0.093536293	-0.014905822	-0.000700011
32	0.093536293	-0.014808407	-0.000562809
33	0.093536293	-0.014590238	-0.000387231
34	0.093536293	-0.014239683	-0.000213018
35	0.093536293	-0.013761446	-0.000061543
36	0.093536293	-0.013161846	0.000052130
37	0.093536293	-0.012447447	0.000113928
38	0.093536293	-0.011625721	0.000109707
39	0.093536293	-0.010705358	0.000027806
40	0.093536293	-0.009695534	-0.000139379
41	0.093536293	-0.008604509	-0.000393177
42	0.093536293	-0.007438028	-0.000727594
43	0.093536293	-0.006197970	-0.001128379
44	0.093536293	-0.004885275	-0.001582709
45	0.093536293	-0.003503834	-0.002087819
46	0.093536293	-0.002057978	-0.002641845
47	0.093536293	-0.000552094	-0.003242629
48	0.093536293	0.001009422	-0.003887631
49	0.093536293	0.002622120	-0.004574071
50	0.093536293	0.004281450	-0.005299052
51	0.093536293	0.005982744	-0.006059627
52	0.093536293	0.007721320	-0.006852584
53	0.093536293	0.009492266	-0.007674951
54	0.093536293	0.011287530	-0.008532128
55	0.093536293	0.013104794	-0.009413287
56	0.093536293	0.014936132	-0.010322913
57	0.093536293	0.016773950	-0.011264193
58	0.093536293	0.018609321	-0.012243754
59	0.093536293	0.020433353	-0.013273797
1	0.095815415	0.020037021	-0.012913725
2	0.095815415	0.018056244	-0.012504273
3	0.095815415	0.016096352	-0.012049845
4	0.095815415	0.014158384	-0.011565603
5	0.095815415	0.012244915	-0.011062164
6	0.095815415	0.010359653	-0.010546661
7	0.095815415	0.008505578	-0.010028053
8	0.095815415	0.006691238	-0.009499196
9	0.095815415	0.004919161	-0.008969722
10	0.095815415	0.003194834	-0.008440543
11	0.095815415	0.001523627	-0.007912570
12	0.095815415	-0.000089167	-0.007386558
13	0.095815415	-0.001638448	-0.006863441
14	0.095815415	-0.003119257	-0.006344150
15	0.095815415	-0.004526847	-0.005829777
16	0.095815415	-0.005856724	-0.005321668
17	0.095815415	-0.007104611	-0.004821280
18	0.095815415	-0.008266592	-0.004330521
19	0.095815415	-0.009341956	-0.003858062
20	0.095815415	-0.010332816	-0.003417655
21	0.095815415	-0.011239247	-0.003017341
22	0.095815415	-0.012059064	-0.002659391
23	0.095815415	-0.012788549	-0.002341870
24	0.095815415	-0.013422450	-0.002058669
25	0.095815415	-0.013954214	-0.001800986
26	0.095815415	-0.014374628	-0.001557829
27	0.095815415	-0.014667509	-0.001318055
28	0.095815415	-0.014804756	-0.001086523
29	0.095815415	-0.014810027	-0.000924619
30	0.095815415	-0.014795728	-0.000872053
31	0.095815415	-0.014774305	-0.000821063
32	0.095815415	-0.014679609	-0.000685555
33	0.095815415	-0.014466562	-0.000511456
34	0.095815415	-0.014123443	-0.000337724
35	0.095815415	-0.013654717	-0.000185389
36	0.095815415	-0.013066482	-0.000069298
37	0.095815415	-0.012365082	-0.000003323
38	0.095815415	-0.011557753	-0.000001416
39	0.095815415	-0.010652947	-0.000075097
40	0.095815415	-0.009659621	-0.000231903
41	0.095815415	-0.008585881	-0.000473204
42	0.095815415	-0.007437417	-0.000793151
43	0.095815415	-0.006216178	-0.001177761
44	0.095815415	-0.004923183	-0.001614439
45	0.095815415	-0.003562276	-0.002100500
46	0.095815415	-0.002137726	-0.002634147
47	0.095815415	-0.000653855	-0.003213287
48	0.095815415	0.000884995	-0.003835460
49	0.095815415	0.002474435	-0.004497964
50	0.095815415	0.004109972	-0.005197990
51	0.095815415	0.005786998	-0.005932676
52	0.095815415	0.007500889	-0.006698903
53	0.095815415	0.009246798	-0.007493784
54	0.095815415	0.011016856	-0.008322686
55	0.095815415	0.012808704	-0.009174986
56	0.095815415	0.014614587	-0.010055150
57	0.095815415	0.016427070	-0.010966365
58	0.095815415	0.018237432	-0.011915206
59	0.095815415	0.020037021	-0.012913725
1	0.098094537	0.019647481	-0.012565725
2	0.098094537	0.017698264	-0.012177896
3	0.098094537	0.015769241	-0.011745723
4	0.098094537	0.013861541	-0.011284095
5	0.098094537	0.011977771	-0.010803428
6	0.098094537	0.010121629	-0.010310700
7	0.098094537	0.008296108	-0.009814693
8	0.098094537	0.006509553	-0.009308324
9	0.098094537	0.004764521	-0.008801039
10	0.098094537	0.003066406	-0.008293698
11	0.098094537	0.001420494	-0.007787153
12	0.098094537	-0.000168010	-0.007282107
13	0.098094537	-0.001694087	-0.006779440
14	0.098094537	-0.003152859	-0.006280033
15	0.098094537	-0.004539653	-0.005784922
16	0.098094537	-0.005850045	-0.005295399
17	0.098094537	-0.007079820	-0.004812862
18	0.098094537	-0.008225119	-0.004339159
19	0.098094537	-0.009285176	-0.003882804
20	0.098094537	-0.010261970	-0.003457322
21	0.098094537	-0.011155514	-0.003070618
22	0.098094537	-0.011963647	-0.002724906
23	0.098094537	-0.012682726	-0.002418256
24	0.098094537	-0.013307640	-0.002144631
25	0.098094537	-0.013832010	-0.001895330
26	0.098094537	-0.014246867	-0.001659486
27	0.098094537	-0.014536393	-0.001426038
28	0.098094537	-0.014672937	-0.001199547
29	0.098094537	-0.014679298	-0.001040506
30	0.098094537	-0.014665633	-0.000988752
31	0.098094537	-0.014644957	-0.000938496
32	0.098094537	-0.014552904	-0.000804659
33	0.098094537	-0.014344845	-0.000632041
34	0.098094537	-0.014008982	-0.000458831
35	0.098094537	-0.013549546	-0.000305727
36	0.098094537	-0.012972421	-0.000187361
37	0.098094537	-0.012283739	-0.000117410
38	0.098094537	-0.011490508	-0.000109635
39	0.098094537	-0.010600947	-0.000175417
40	0.098094537	-0.009623803	-0.000322225
41	0.098094537	-0.008567030	-0.000551467
42	0.098094537	-0.007436262	-0.000857437
43	0.098094537	-0.006233515	-0.001226409
44	0.098094537	-0.004959883	-0.001646015
45	0.098094537	-0.003619162	-0.002113647
46	0.098094537	-0.002215563	-0.002627574
47	0.098094537	-0.000753345	-0.003185765
48	0.098094537	0.000763209	-0.003785835
49	0.098094537	0.002329765	-0.004425162
50	0.098094537	0.003941888	-0.005101019
51	0.098094537	0.005595030	-0.005810629
52	0.098094537	0.007284625	-0.006550961
53	0.098094537	0.009005888	-0.007319211
54	0.098094537	0.010751127	-0.008120713
55	0.098094537	0.012517947	-0.008945047
56	0.098094537	0.014298762	-0.009796656
57	0.098094537	0.016086287	-0.010678727
58	0.098094537	0.017872003	-0.011597783
59	0.098094537	0.019647481	-0.012565725
1	0.100373659	0.019264728	-0.012229139
2	0.100373659	0.017346465	-0.011862181
3	0.100373659	0.015447725	-0.011451497
4	0.100373659	0.013569725	-0.011011716
5	0.100373659	0.011715101	-0.010553053
6	0.100373659	0.009887540	-0.010082337
7	0.100373659	0.008090045	-0.009608174
8	0.100373659	0.006330767	-0.009123547
9	0.100373659	0.004612285	-0.008637715
10	0.100373659	0.002939907	-0.008151492
11	0.100373659	0.001318833	-0.007665669
12	0.100373659	-0.000245816	-0.007180904
13	0.100373659	-0.001749101	-0.006698020
14	0.100373659	-0.003186225	-0.006217852
15	0.100373659	-0.004552586	-0.005741382
16	0.100373659	-0.005843828	-0.005269850
17	0.100373659	-0.007055800	-0.004804599
18	0.100373659	-0.008184694	-0.004347414
19	0.100373659	-0.009229698	-0.003906661
20	0.100373659	-0.010192658	-0.003495641
21	0.100373659	-0.011073529	-0.003122123
22	0.100373659	-0.011870171	-0.002788270
23	0.100373659	-0.012579018	-0.002492152
24	0.100373659	-0.013195092	-0.002227805
25	0.100373659	-0.013712188	-0.001986629
26	0.100373659	-0.014121567	-0.001757880
27	0.100373659	-0.014407774	-0.001530581
28	0.100373659	-0.014543598	-0.001309005
29	0.100373659	-0.014551006	-0.001152765
30	0.100373659	-0.014537954	-0.001101809
31	0.100373659	-0.014518003	-0.001052273
32	0.100373659	-0.014428520	-0.000920083
33	0.100373659	-0.014225321	-0.000748942
34	0.100373659	-0.013896536	-0.000576290
35	0.100373659	-0.013446173	-0.000422498
36	0.100373659	-0.012879906	-0.000301990
37	0.100373659	-0.012203662	-0.000228249
38	0.100373659	-0.011424229	-0.000214851
39	0.100373659	-0.010549601	-0.000273038
40	0.100373659	-0.009588319	-0.000410211
41	0.100373659	-0.008548191	-0.000627815
42	0.100373659	-0.007434791	-0.000920280
43	0.100373659	-0.006250203	-0.001274132
44	0.100373659	-0.004995588	-0.001677223
45	0.100373659	-0.003674700	-0.002127024
46	0.100373659	-0.002291687	-0.002621864
47	0.100373659	-0.000850749	-0.003159773
48	0.100373659	0.000643889	-0.003738440
49	0.100373659	0.002187947	-0.004355320
50	0.100373659	0.003777049	-0.005007766
51	0.100373659	0.005406704	-0.005693081
52	0.100373659	0.007072402	-0.006408323
53	0.100373659	0.008769425	-0.007150769
54	0.100373659	0.010490248	-0.007925716
55	0.100373659	0.012232445	-0.008722943
56	0.100373659	0.013988592	-0.009546872
57	0.100373659	0.015751554	-0.010400687
58	0.100373659	0.017513006	-0.011290861
59	0.100373659	0.019264728	-0.012229139
1	0.102652780	0.018890584	-0.011903714
2	0.102652780	0.017002530	-0.011556871
3	0.102652780	0.015133349	-0.011166909
4	0.102652780	0.013284343	-0.010748201
5	0.102652780	0.011458177	-0.010310768
6	0.102652780	0.009658522	-0.009861292
7	0.102652780	0.007888395	-0.009408210
8	0.102652780	0.006155753	-0.008944569
9	0.102652780	0.004463202	-0.008479446
10	0.102652780	0.002815961	-0.008013610
11	0.102652780	0.001219148	-0.007547798
12	0.102652780	-0.000322198	-0.007082616
13	0.102652780	-0.001803217	-0.006618840
14	0.102652780	-0.003219188	-0.006157257
15	0.102652780	-0.004565583	-0.005698800
16	0.102652780	-0.005838110	-0.005244654
17	0.102652780	-0.007032678	-0.004796109
18	0.102652780	-0.008145533	-0.004354895
19	0.102652780	-0.009175818	-0.003929226
20	0.102652780	-0.010125248	-0.003532187
21	0.102652780	-0.010993726	-0.003171418
22	0.102652780	-0.011779131	-0.002849027
23	0.102652780	-0.012477972	-0.002563091
24	0.102652780	-0.013085401	-0.002307715
25	0.102652780	-0.013595378	-0.002074397
26	0.102652780	-0.013999394	-0.001852515
27	0.102652780	-0.014282339	-0.001631174
28	0.102652780	-0.014417433	-0.001414372
29	0.102652780	-0.014425841	-0.001260862
30	0.102652780	-0.014413380	-0.001210684
31	0.102652780	-0.014394127	-0.001161852
32	0.102652780	-0.014307131	-0.001031281
33	0.102652780	-0.014108646	-0.000861606
34	0.102652780	-0.013786737	-0.000689541
35	0.102652780	-0.013345196	-0.000535135
36	0.102652780	-0.012789496	-0.000412608
37	0.102652780	-0.012125366	-0.000335253
38	0.102652780	-0.011359379	-0.000316465
39	0.102652780	-0.010499311	-0.000367350
40	0.102652780	-0.009553504	-0.000495242
41	0.102652780	-0.008529621	-0.000701620
42	0.102652780	-0.007433181	-0.000981047
43	0.102652780	-0.006266330	-0.001320298
44	0.102652780	-0.005030296	-0.001707437
45	0.102652780	-0.003728787	-0.002140009
46	0.102652780	-0.002365895	-0.002616406
47	0.102652780	-0.000945757	-0.003134713
48	0.102652780	0.000527454	-0.003692694
49	0.102652780	0.002049515	-0.004287875
50	0.102652780	0.003616105	-0.004917688
51	0.102652780	0.005222790	-0.005579516
52	0.102652780	0.006865117	-0.006270500
53	0.102652780	0.008538428	-0.006987993
54	0.102652780	0.010235366	-0.007737260
55	0.102652780	0.011953473	-0.008508272
56	0.102652780	0.013685482	-0.009305429
57	0.102652780	0.015424406	-0.010131910
58	0.102652780	0.017162108	-0.010994138
59	0.102652780	0.018890584	-0.011903714
1	0.104931902	0.018528012	-0.011589739
2	0.104931902	0.016669203	-0.011262237
3	0.104931902	0.014828642	-0.010892206
4	0.104931902	0.013007709	-0.010493770
5	0.104931902	0.011209098	-0.010076763
6	0.104931902	0.009436467	-0.009647723
7	0.104931902	0.007692842	-0.009214927
8	0.104931902	0.005985996	-0.008771481
9	0.104931902	0.004318558	-0.008326290
10	0.104931902	0.002695662	-0.007880076
11	0.104931902	0.001122346	-0.007433525
12	0.104931902	-0.000396430	-0.006987197
13	0.104931902	-0.001855882	-0.006541817
14	0.104931902	-0.003251364	-0.006098128
15	0.104931902	-0.004578415	-0.005657014
16	0.104931902	-0.005832811	-0.005219612
17	0.104931902	-0.007010517	-0.004787159
18	0.104931902	-0.008107831	-0.004361327
19	0.104931902	-0.009123851	-0.003950187
20	0.104931902	-0.010060168	-0.003566617
21	0.104931902	-0.010916634	-0.003218126
22	0.104931902	-0.011691149	-0.002906775
23	0.104931902	-0.012380294	-0.002630646
24	0.104931902	-0.012979344	-0.002383911
25	0.104931902	-0.013482422	-0.002158165
26	0.104931902	-0.013881236	-0.001942901
27	0.104931902	-0.014161013	-0.001727307
28	0.104931902	-0.014295385	-0.001515113
29	0.104931902	-0.014304748	-0.001364243
30	0.104931902	-0.014292854	-0.001314819
31	0.104931902	-0.014274274	-0.001266671
32	0.104931902	-0.014189672	-0.001137672
33	0.104931902	-0.013995735	-0.000969431
34	0.104931902	-0.013680465	-0.000797956
35	0.104931902	-0.013247449	-0.000642987
36	0.104931902	-0.012701964	-0.000518543
37	0.104931902	-0.012049549	-0.000437736
38	0.104931902	-0.011296569	-0.000413780
39	0.104931902	-0.010450590	-0.000457652
40	0.104931902	-0.009519761	-0.000576620
41	0.104931902	-0.008511607	-0.000772198
42	0.104931902	-0.007431592	-0.001039078
43	0.104931902	-0.006281921	-0.001364271
44	0.104931902	-0.005063887	-0.001736053
45	0.104931902	-0.003781152	-0.002152036
46	0.104931902	-0.002437753	-0.002610672
47	0.104931902	-0.001037771	-0.003110102
48	0.104931902	0.000414677	-0.003648159
49	0.104931902	0.001915420	-0.004222441
50	0.104931902	0.003460193	-0.004830454
51	0.104931902	0.005044615	-0.005469658
52	0.104931902	0.006664288	-0.006137274
53	0.104931902	0.008314615	-0.006830730
54	0.104931902	0.009988400	-0.007555259
55	0.104931902	0.011683152	-0.008301015
56	0.104931902	0.013391761	-0.009072377
57	0.104931902	0.015107378	-0.009872521
58	0.104931902	0.016822050	-0.010707818
59	0.104931902	0.018528012	-0.011589739
1	0.107211024	0.018180239	-0.011287965
2	0.107211024	0.016349478	-0.010979013
3	0.107211024	0.014536364	-0.010628099
4	0.107211024	0.012742356	-0.010249107
5	0.107211024	0.010970171	-0.009851692
6	0.107211024	0.009223457	-0.009442256
7	0.107211024	0.007505248	-0.009028918
8	0.107211024	0.005823142	-0.008604844
9	0.107211024	0.004179787	-0.008178771
10	0.107211024	0.002580239	-0.007751379
11	0.107211024	0.001029459	-0.007323303
12	0.107211024	-0.000467671	-0.006895057
13	0.107211024	-0.001906440	-0.006467322
14	0.107211024	-0.003282272	-0.006040797
15	0.107211024	-0.004590773	-0.005616318
16	0.107211024	-0.005827779	-0.005194975
17	0.107211024	-0.006989314	-0.004777955
18	0.107211024	-0.008071724	-0.004366877
19	0.107211024	-0.009074063	-0.003969675
20	0.107211024	-0.009997805	-0.003599022
21	0.107211024	-0.010842752	-0.003262310
22	0.107211024	-0.011606824	-0.002961550
23	0.107211024	-0.012286669	-0.002694828
24	0.107211024	-0.012877685	-0.002456382
25	0.107211024	-0.013374146	-0.002237898
26	0.107211024	-0.013767971	-0.002028983
27	0.107211024	-0.014044710	-0.001818901
28	0.107211024	-0.014178393	-0.001611129
29	0.107211024	-0.014188674	-0.001462789
30	0.107211024	-0.014177325	-0.001414089
31	0.107211024	-0.014159390	-0.001366595
32	0.107211024	-0.014077088	-0.001239104
33	0.107211024	-0.013887514	-0.001072235
34	0.107211024	-0.013578615	-0.000901323
35	0.107211024	-0.013153775	-0.000745810
36	0.107211024	-0.012618089	-0.000619526
37	0.107211024	-0.011976908	-0.000535404
38	0.107211024	-0.011236404	-0.000506492
39	0.107211024	-0.010403938	-0.000543638
40	0.107211024	-0.009487475	-0.000654049
41	0.107211024	-0.008494406	-0.000839270
42	0.107211024	-0.007430144	-0.001094116
43	0.107211024	-0.006296951	-0.001405829
44	0.107211024	-0.005096179	-0.001762881
45	0.107211024	-0.003831451	-0.002162954
46	0.107211024	-0.002506749	-0.002604555
47	0.107211024	-0.001126097	-0.003085879
48	0.107211024	0.000306438	-0.003604827
49	0.107211024	0.001786737	-0.004159064
50	0.107211024	0.003310584	-0.004746167
51	0.107211024	0.004873656	-0.005363670
52	0.107211024	0.006471603	-0.006008871
53	0.107211024	0.008099888	-0.006679272
54	0.107211024	0.009751467	-0.007380070
55	0.107211024	0.011423822	-0.008101600
56	0.107211024	0.013109989	-0.008848220
57	0.107211024	0.014803255	-0.009623099
58	0.107211024	0.016495842	-0.010432563
59	0.107211024	0.018180239	-0.011287965
1	0.109490146	0.017850018	-0.010999458
2	0.109490146	0.016045914	-0.010708266
3	0.109490146	0.014258882	-0.010375650
4	0.109490146	0.012490456	-0.010015267
5	0.109490146	0.010743380	-0.009636600
6	0.109490146	0.009021289	-0.009245922
7	0.109490146	0.007327226	-0.008851200
8	0.109490146	0.005668622	-0.008445659
9	0.109490146	0.004048146	-0.008037873
10	0.109490146	0.002470776	-0.007628486
11	0.109490146	0.000941401	-0.007218080
12	0.109490146	-0.000535169	-0.006807128
13	0.109490146	-0.001954293	-0.006396265
14	0.109490146	-0.003311463	-0.005986151
15	0.109490146	-0.004602348	-0.005577576
16	0.109490146	-0.005822842	-0.005171584
17	0.109490146	-0.006969023	-0.004769316
18	0.109490146	-0.008037283	-0.004372338
19	0.109490146	-0.009026636	-0.003988455
20	0.109490146	-0.009938442	-0.003630149
21	0.109490146	-0.010772456	-0.003304694
22	0.109490146	-0.011526615	-0.003014056
23	0.109490146	-0.012197633	-0.002756326
24	0.109490146	-0.012781021	-0.002525800
25	0.109490146	-0.013271204	-0.002314255
26	0.109490146	-0.013660298	-0.002111403
27	0.109490146	-0.013934160	-0.001906582
28	0.109490146	-0.014067202	-0.001703024
29	0.109490146	-0.014078368	-0.001557093
30	0.109490146	-0.014067542	-0.001509080
31	0.109490146	-0.014050225	-0.001462207
32	0.109490146	-0.013970120	-0.001336142
33	0.109490146	-0.013784709	-0.001170564
34	0.109490146	-0.013481881	-0.001000165
35	0.109490146	-0.013064829	-0.000844104
36	0.109490146	-0.012538469	-0.000716032
37	0.109490146	-0.011907980	-0.000628716
38	0.109490146	-0.011179342	-0.000595042
39	0.109490146	-0.010359725	-0.000625739
40	0.109490146	-0.009456918	-0.000727955
41	0.109490146	-0.008478185	-0.000903264
42	0.109490146	-0.007428889	-0.001146600
43	0.109490146	-0.006311347	-0.001445420
44	0.109490146	-0.005126970	-0.001788388
45	0.109490146	-0.003879343	-0.002173249
46	0.109490146	-0.002572393	-0.002598565
47	0.109490146	-0.001210094	-0.003062583
48	0.109490146	0.000203535	-0.003563265
49	0.109490146	0.001664425	-0.004098343
50	0.109490146	0.003168410	-0.004665461
51	0.109490146	0.004711216	-0.005262225
52	0.109490146	0.006288542	-0.005886006
53	0.109490146	0.007895906	-0.006534375
54	0.109490146	0.009526413	-0.007212498
55	0.109490146	0.011177514	-0.007910880
56	0.109490146	0.012842386	-0.008633858
57	0.109490146	0.014514445	-0.009384601
58	0.109490146	0.016186079	-0.010169386
59	0.109490146	0.017850018	-0.010999458
1	0.111769268	0.017539271	-0.010725289
2	0.111769268	0.015760298	-0.010451093
3	0.111769268	0.013997852	-0.010135977
4	0.111769268	0.012253536	-0.009793382
5	0.111769268	0.010530121	-0.009432632
6	0.111769268	0.008831231	-0.009059875
7	0.111769268	0.007159919	-0.008682939
8	0.111769268	0.005523457	-0.008295098
9	0.111769268	0.003924533	-0.007904779
10	0.111769268	0.002368053	-0.007512584
11	0.111769268	0.000858840	-0.007119049
12	0.111769268	-0.000598369	-0.006724608
13	0.111769268	-0.001998994	-0.006329851
14	0.111769268	-0.003338594	-0.005935400
15	0.111769268	-0.004612896	-0.005542000
16	0.111769268	-0.005817849	-0.005150654
17	0.111769268	-0.006949583	-0.004762456
18	0.111769268	-0.008004531	-0.004378925
19	0.111769268	-0.008981670	-0.004007738
20	0.111769268	-0.009882250	-0.003661200
21	0.111769268	-0.010705979	-0.003346476
22	0.111769268	-0.011450813	-0.003065487
23	0.111769268	-0.012113529	-0.002816327
24	0.111769268	-0.012689744	-0.002593352
25	0.111769268	-0.013174023	-0.002388419
26	0.111769268	-0.013558675	-0.002191338
27	0.111769268	-0.013829847	-0.001991518
28	0.111769268	-0.013962307	-0.001791954
29	0.111769268	-0.013974323	-0.001648299
30	0.111769268	-0.013963996	-0.001600933
31	0.111769268	-0.013947267	-0.001554645
32	0.111769268	-0.013869249	-0.001429918
33	0.111769268	-0.013687787	-0.001265539
34	0.111769268	-0.013390709	-0.001095590
35	0.111769268	-0.012981028	-0.000938964
36	0.111769268	-0.012463489	-0.000809142
37	0.111769268	-0.011843105	-0.000718734
38	0.111769268	-0.011125674	-0.000680474
39	0.111769268	-0.010318184	-0.000704979
40	0.111769268	-0.009428258	-0.000799343
41	0.111769268	-0.008463037	-0.000965170
42	0.111769268	-0.007427841	-0.001197506
43	0.111769268	-0.006325037	-0.001484014
44	0.111769268	-0.005156098	-0.001813535
45	0.111769268	-0.003924567	-0.002183879
46	0.111769268	-0.002634325	-0.002593657
47	0.111769268	-0.001289297	-0.003041165
48	0.111769268	0.000106545	-0.003524426
49	0.111769268	0.001549177	-0.004041234
50	0.111769268	0.003034479	-0.004589299
51	0.111769268	0.004558225	-0.005166291
52	0.111769268	0.006116159	-0.005769654
53	0.111769268	0.007703852	-0.006397023
54	0.111769268	0.009314545	-0.007053537
55	0.111769268	0.010945665	-0.007729862
56	0.111769268	0.012590521	-0.008430316
57	0.111769268	0.014242648	-0.009158067
58	0.111769268	0.015894596	-0.009919350
59	0.111769268	0.017539271	-0.010725289
1	0.114048390	0.017249364	-0.010465585
2	0.114048390	0.015493902	-0.010207652
3	0.114048390	0.013754447	-0.009909265
4	0.114048390	0.012032674	-0.009583665
5	0.114048390	0.010331376	-0.009240025
6	0.114048390	0.008654170	-0.008884377
7	0.114048390	0.007004121	-0.008524418
8	0.114048390	0.005388347	-0.008153468
9	0.114048390	0.003809558	-0.007779813
10	0.114048390	0.002272593	-0.007404018
11	0.114048390	0.000782211	-0.007026575
12	0.114048390	-0.000656916	-0.006647876
13	0.114048390	-0.002040270	-0.006268473
14	0.114048390	-0.003363468	-0.005888949
15	0.114048390	-0.004622295	-0.005510009
16	0.114048390	-0.005812749	-0.005132612
17	0.114048390	-0.006931008	-0.004757812
18	0.114048390	-0.007973546	-0.004387077
19	0.114048390	-0.008939300	-0.004027971
20	0.114048390	-0.009829417	-0.003692629
21	0.114048390	-0.010643561	-0.003388113
22	0.114048390	-0.011379704	-0.003116304
23	0.114048390	-0.012034679	-0.002875299
24	0.114048390	-0.012604209	-0.002659507
25	0.114048390	-0.013082991	-0.002460860
26	0.114048390	-0.013463514	-0.002269261
27	0.114048390	-0.013732199	-0.002074178
28	0.114048390	-0.013864148	-0.001878382
29	0.114048390	-0.013876987	-0.001736862
30	0.114048390	-0.013867134	-0.001690101
31	0.114048390	-0.013850965	-0.001644359
32	0.114048390	-0.013774925	-0.001520874
33	0.114048390	-0.013597192	-0.001357586
34	0.114048390	-0.013305534	-0.001188007
35	0.114048390	-0.012902791	-0.001030780
36	0.114048390	-0.012393545	-0.000899225
37	0.114048390	-0.011782649	-0.000805805
38	0.114048390	-0.011075730	-0.000763115
39	0.114048390	-0.010279605	-0.000781668
40	0.114048390	-0.009401735	-0.000868507
41	0.114048390	-0.008449151	-0.001025267
42	0.114048390	-0.007427129	-0.001247100
43	0.114048390	-0.006338090	-0.001521864
44	0.114048390	-0.005183561	-0.001838566
45	0.114048390	-0.003967051	-0.002195074
46	0.114048390	-0.002692397	-0.002590050
47	0.114048390	-0.001363476	-0.003021835
48	0.114048390	0.000015780	-0.003488510
49	0.114048390	0.001441391	-0.003987926
50	0.114048390	0.002909280	-0.004517858
51	0.114048390	0.004415263	-0.005076038
52	0.114048390	0.005955129	-0.005659977
53	0.114048390	0.007524495	-0.006267371
54	0.114048390	0.009116735	-0.006903335
55	0.114048390	0.010729248	-0.007558686
56	0.114048390	0.012355466	-0.008237728
57	0.114048390	0.013989042	-0.008943627
58	0.114048390	0.015622672	-0.009682584
59	0.114048390	0.017249364	-0.010465585
1	0.116327512	0.016981359	-0.010219024
2	0.116327512	0.015247701	-0.009976647
3	0.116327512	0.013529559	-0.009694243
4	0.116327512	0.011828675	-0.009384869
5	0.116327512	0.010147867	-0.009057556
6	0.116327512	0.008490745	-0.008718230
7	0.116327512	0.006860385	-0.008374462
8	0.116327512	0.005263764	-0.008019615
9	0.116327512	0.003703614	-0.007661842
10	0.116327512	0.002184710	-0.007301674
11	0.116327512	0.000711752	-0.006939558
12	0.116327512	-0.000710648	-0.006575851
13	0.116327512	-0.002078029	-0.006211064
14	0.116327512	-0.003386063	-0.005845744
15	0.116327512	-0.004630586	-0.005480557
16	0.116327512	-0.005807645	-0.005116423
17	0.116327512	-0.006913461	-0.004754354
18	0.116327512	-0.007944544	-0.004395775
19	0.116327512	-0.008899796	-0.004048140
20	0.116327512	-0.009780263	-0.003723427
21	0.116327512	-0.010585566	-0.003428604
22	0.116327512	-0.011313689	-0.003165512
23	0.116327512	-0.011961524	-0.002932252
24	0.116327512	-0.012524888	-0.002723279
25	0.116327512	-0.012998605	-0.002530594
26	0.116327512	-0.013375333	-0.002344186
27	0.116327512	-0.013641753	-0.002153575
28	0.116327512	-0.013773275	-0.001961316
29	0.116327512	-0.013786914	-0.001821785
30	0.116327512	-0.013777515	-0.001775585
31	0.116327512	-0.013761877	-0.001730346
32	0.116327512	-0.013687708	-0.001607996
33	0.116327512	-0.013513485	-0.001445680
34	0.116327512	-0.013226911	-0.001276373
35	0.116327512	-0.012830659	-0.001118485
36	0.116327512	-0.012329157	-0.000985193
37	0.116327512	-0.011727109	-0.000888824
38	0.116327512	-0.011029979	-0.000841841
39	0.116327512	-0.010244419	-0.000854665
40	0.116327512	-0.009377742	-0.000934294
41	0.116327512	-0.008436872	-0.001082391
42	0.116327512	-0.007427050	-0.001294209
43	0.116327512	-0.006350746	-0.001557785
44	0.116327512	-0.005209543	-0.001862284
45	0.116327512	-0.004006917	-0.002205629
46	0.116327512	-0.002746665	-0.002586529
47	0.116327512	-0.001432621	-0.003003367
48	0.116327512	-0.000068677	-0.003454281
49	0.116327512	0.001341225	-0.003937177
50	0.116327512	0.002793046	-0.004449886
51	0.116327512	0.004282644	-0.004990203
52	0.116327512	0.005805848	-0.005555701
53	0.116327512	0.007358317	-0.006144135
54	0.116327512	0.008933549	-0.006760600
55	0.116327512	0.010528914	-0.007396051
56	0.116327512	0.012137964	-0.008054783
57	0.116327512	0.013754456	-0.008739962
58	0.116327512	0.015371229	-0.009457757
59	0.116327512	0.016981359	-0.010219024
1	0.118606634	0.016736220	-0.009982990
2	0.118606634	0.015022576	-0.009755471
3	0.118606634	0.013323980	-0.009488317
4	0.118606634	0.011642242	-0.009194415
5	0.118606634	0.009980207	-0.008882663
6	0.118606634	0.008341480	-0.008558884
7	0.118606634	0.006729150	-0.008230535
8	0.118606634	0.005150063	-0.007891016
9	0.118606634	0.003606971	-0.007548356
10	0.118606634	0.002104593	-0.007203054
11	0.118606634	0.000647573	-0.006855514
12	0.118606634	-0.000759532	-0.006506057
13	0.118606634	-0.002112311	-0.006155156
14	0.118606634	-0.003406490	-0.005803324
15	0.118606634	-0.004637950	-0.005451190
16	0.118606634	-0.005802783	-0.005099637
17	0.118606634	-0.006897248	-0.004749638
18	0.118606634	-0.007917892	-0.004402574
19	0.118606634	-0.008863577	-0.004065801
20	0.118606634	-0.009735255	-0.003751154
21	0.118606634	-0.010532505	-0.003465510
22	0.118606634	-0.011253323	-0.003210675
23	0.118606634	-0.011894653	-0.002984749
24	0.118606634	-0.012452403	-0.002782233
25	0.118606634	-0.012921514	-0.002595188
26	0.118606634	-0.013294805	-0.002413677
27	0.118606634	-0.013559196	-0.002227269
28	0.118606634	-0.013690387	-0.002038309
29	0.118606634	-0.013704808	-0.001900616
30	0.118606634	-0.013695843	-0.001854929
31	0.118606634	-0.013680709	-0.001810148
32	0.118606634	-0.013608304	-0.001688820
33	0.118606634	-0.013437366	-0.001527343
34	0.118606634	-0.013155530	-0.001358194
35	0.118606634	-0.012765308	-0.001199574
36	0.118606634	-0.012270983	-0.001064525
37	0.118606634	-0.011677116	-0.000965251
38	0.118606634	-0.010989019	-0.000914100
39	0.118606634	-0.010213189	-0.000921405
40	0.118606634	-0.009356799	-0.000994126
41	0.118606634	-0.008426677	-0.001133955
42	0.118606634	-0.007428030	-0.001336237
43	0.118606634	-0.006363378	-0.001589177
44	0.118606634	-0.005234359	-0.001882084
45	0.118606634	-0.004044420	-0.002212934
46	0.118606634	-0.002797319	-0.002580478
47	0.118606634	-0.001496853	-0.002983144
48	0.118606634	-0.000146878	-0.003419118
49	0.118606634	0.001248699	-0.003886359
50	0.118606634	0.002685875	-0.004382755
51	0.118606634	0.004160545	-0.004906156
52	0.118606634	0.005668571	-0.005454195
53	0.118606634	0.007205654	-0.006024682
54	0.118606634	0.008765407	-0.006622696
55	0.118606634	0.010345170	-0.007239321
56	0.118606634	0.011938606	-0.007878843
57	0.118606634	0.013539572	-0.008544431
58	0.118606634	0.015141038	-0.009242226
59	0.118606634	0.016736220	-0.009982990
1	0.120885756	0.016514984	-0.009755697
2	0.120885756	0.014819475	-0.009542352
3	0.120885756	0.013138573	-0.009289732
4	0.120885756	0.011474153	-0.009010561
5	0.120885756	0.009829089	-0.008713615
6	0.120885756	0.008206984	-0.008404624
7	0.120885756	0.006610943	-0.008090936
8	0.120885756	0.005047686	-0.007765984
9	0.120885756	0.003519990	-0.007437682
10	0.120885756	0.002032523	-0.007106496
11	0.120885756	0.000589878	-0.006772791
12	0.120885756	-0.000803437	-0.006436853
13	0.120885756	-0.002143061	-0.006099120
14	0.120885756	-0.003424762	-0.005760072
15	0.120885756	-0.004644467	-0.005420301
16	0.120885756	-0.005798305	-0.005080655
17	0.120885756	-0.006882574	-0.004742069
18	0.120885756	-0.007893848	-0.004405885
19	0.120885756	-0.008830954	-0.004079369
20	0.120885756	-0.009694754	-0.003774222
21	0.120885756	-0.010484782	-0.003497243
22	0.120885756	-0.011199049	-0.003250204
23	0.120885756	-0.011834544	-0.003031204
24	0.120885756	-0.012387261	-0.002834782
25	0.120885756	-0.012852250	-0.002653053
26	0.120885756	-0.013222482	-0.002476145
27	0.120885756	-0.013485100	-0.002293664
28	0.120885756	-0.013616060	-0.002107759
29	0.120885756	-0.013631245	-0.001971743
30	0.120885756	-0.013622690	-0.001926520
31	0.120885756	-0.013608033	-0.001882152
32	0.120885756	-0.013537278	-0.001761728
33	0.120885756	-0.013369393	-0.001600951
34	0.120885756	-0.013091934	-0.001431842
35	0.120885756	-0.012707264	-0.001272409
36	0.120885756	-0.012219528	-0.001135572
37	0.120885756	-0.011633151	-0.001033427
38	0.120885756	-0.010953300	-0.000978215
39	0.120885756	-0.010186328	-0.000980196
40	0.120885756	-0.009339281	-0.001046296
41	0.120885756	-0.008418895	-0.001178237
42	0.120885756	-0.007430348	-0.001371449
43	0.120885756	-0.006376213	-0.001614293
44	0.120885756	-0.005258178	-0.001896208
45	0.120885756	-0.004079668	-0.002215220
46	0.120885756	-0.002844405	-0.002570122
47	0.120885756	-0.001556152	-0.002959380
48	0.120885756	-0.000218733	-0.003381229
49	0.120885756	0.001163976	-0.003833678
50	0.120885756	0.002588003	-0.004314666
51	0.120885756	0.004049275	-0.004822096
52	0.120885756	0.005543687	-0.005353657
53	0.120885756	0.007066973	-0.005907210
54	0.120885756	0.008612856	-0.006487820
55	0.120885756	0.010178645	-0.007086693
56	0.120885756	0.011758104	-0.007708106
57	0.120885756	0.013345185	-0.008355233
58	0.120885756	0.014932977	-0.009034188
59	0.120885756	0.016514984	-0.009755697
1	0.123164878	0.016318822	-0.009538576
2	0.123164878	0.014639504	-0.009338764
3	0.123164878	0.012974375	-0.009099997
4	0.123164878	0.011325379	-0.008834851
5	0.123164878	0.009695418	-0.008551991
6	0.123164878	0.008088095	-0.008257058
7	0.123164878	0.006506535	-0.007957302
8	0.123164878	0.004957342	-0.007646182
9	0.123164878	0.003443319	-0.007331507
10	0.123164878	0.001969087	-0.007013714
11	0.123164878	0.000539194	-0.006693128
12	0.123164878	-0.000841896	-0.006370001
13	0.123164878	-0.002169864	-0.006044738
14	0.123164878	-0.003440521	-0.005717788
15	0.123164878	-0.004649830	-0.005389707
16	0.123164878	-0.005793956	-0.005061310
17	0.123164878	-0.006869228	-0.004733497
18	0.123164878	-0.007872247	-0.004407573
19	0.123164878	-0.008801804	-0.004090717
20	0.123164878	-0.009658671	-0.003794516
21	0.123164878	-0.010442345	-0.003525697
22	0.123164878	-0.011150846	-0.003286001
23	0.123164878	-0.011781204	-0.003073525
24	0.123164878	-0.012329494	-0.002882841
25	0.123164878	-0.012790869	-0.002706110
26	0.123164878	-0.013158438	-0.002533515
27	0.123164878	-0.013419549	-0.002354687
28	0.123164878	-0.013550388	-0.002171587
29	0.123164878	-0.013566320	-0.002037085
30	0.123164878	-0.013558155	-0.001992274
31	0.123164878	-0.013543945	-0.001948270
32	0.123164878	-0.013474727	-0.001828626
33	0.123164878	-0.013309657	-0.001668404
34	0.123164878	-0.013036210	-0.001499203
35	0.123164878	-0.012656603	-0.001338860
36	0.123164878	-0.012174850	-0.001200189
37	0.123164878	-0.011595251	-0.001095187
38	0.123164878	-0.010922836	-0.001036005
39	0.123164878	-0.010163824	-0.001032836
40	0.123164878	-0.009325140	-0.001092580
41	0.123164878	-0.008413438	-0.001216991
42	0.123164878	-0.007433875	-0.001401581
43	0.123164878	-0.006389073	-0.001634849
44	0.123164878	-0.005280774	-0.001906353
45	0.123164878	-0.004112381	-0.002214166
46	0.123164878	-0.002887586	-0.002557121
47	0.123164878	-0.001610122	-0.002933718
48	0.123164878	-0.000283785	-0.003342239
49	0.123164878	0.001087576	-0.003780739
50	0.123164878	0.002500017	-0.004247204
51	0.123164878	0.003949491	-0.004739590
52	0.123164878	0.005431922	-0.005255635
53	0.123164878	0.006943074	-0.005793250
54	0.123164878	0.008476769	-0.006357488
55	0.123164878	0.010030286	-0.006939666
56	0.123164878	0.011597482	-0.007544056
57	0.123164878	0.013172393	-0.008173838
58	0.123164878	0.014748224	-0.008835104
59	0.123164878	0.016318822	-0.009538576
1	0.125444000	0.016148666	-0.009336577
2	0.125444000	0.014483576	-0.009149740
3	0.125444000	0.012832285	-0.008924217
4	0.125444000	0.011196801	-0.008672455
5	0.125444000	0.009580057	-0.008403021
6	0.125444000	0.007985663	-0.008121474
7	0.125444000	0.006416760	-0.007834977
8	0.125444000	0.004879851	-0.007537008
9	0.125444000	0.003377762	-0.007235280
10	0.125444000	0.001915074	-0.006930201
11	0.125444000	0.000496297	-0.006622060
12	0.125444000	-0.000874145	-0.006311078
13	0.125444000	-0.002191971	-0.005997624
14	0.125444000	-0.003453028	-0.005682119
15	0.125444000	-0.004653312	-0.005365087
16	0.125444000	-0.005789019	-0.005047310
17	0.125444000	-0.006856506	-0.004729655
18	0.125444000	-0.007852396	-0.004413394
19	0.125444000	-0.008775446	-0.004105634
20	0.125444000	-0.009626342	-0.003817856
21	0.125444000	-0.010404543	-0.003556723
22	0.125444000	-0.011108072	-0.003323946
23	0.125444000	-0.011734002	-0.003117618
24	0.125444000	-0.012278479	-0.002932336
25	0.125444000	-0.012736754	-0.002760299
26	0.125444000	-0.013102062	-0.002591736
27	0.125444000	-0.013361943	-0.002416299
28	0.125444000	-0.013492788	-0.002235763
29	0.125444000	-0.013509472	-0.002102613
30	0.125444000	-0.013501684	-0.002058163
31	0.125444000	-0.013487900	-0.002014471
32	0.125444000	-0.013420123	-0.001895472
33	0.125444000	-0.013257651	-0.001735632
34	0.125444000	-0.012987863	-0.001566177
35	0.125444000	-0.012612837	-0.001404793
36	0.125444000	-0.012136467	-0.001264205
37	0.125444000	-0.011562931	-0.001156330
38	0.125444000	-0.010897135	-0.001093240
39	0.125444000	-0.010145172	-0.001085073
40	0.125444000	-0.009313858	-0.001138712
41	0.125444000	-0.008409775	-0.001255938
42	0.125444000	-0.007438060	-0.001432335
43	0.125444000	-0.006401388	-0.001656524
44	0.125444000	-0.005301553	-0.001918173
45	0.125444000	-0.004141939	-0.002215396
46	0.125444000	-0.002926214	-0.002547065
47	0.125444000	-0.001658084	-0.002911713
48	0.125444000	-0.000341322	-0.003307665
49	0.125444000	0.001020246	-0.003733017
50	0.125444000	0.002422700	-0.004185803
51	0.125444000	0.003862016	-0.004664022
52	0.125444000	0.005334140	-0.005165463
53	0.125444000	0.006834865	-0.005688083
54	0.125444000	0.008358099	-0.006236928
55	0.125444000	0.009901090	-0.006803417
56	0.125444000	0.011457782	-0.007391820
57	0.125444000	0.013022285	-0.008005328
58	0.125444000	0.014587908	-0.008650023
59	0.125444000	0.016148666	-0.009336577
1	0.127098907	0.016041015	-0.009201405
2	0.127098907	0.014385076	-0.009023688
3	0.127098907	0.012742671	-0.008807442
4	0.127098907	0.011115852	-0.008565038
5	0.127098907	0.009507577	-0.008304976
6	0.127098907	0.007921459	-0.008032766
7	0.127098907	0.006360654	-0.007755513
8	0.127098907	0.004831596	-0.007466702
9	0.127098907	0.003337130	-0.007173987
10	0.127098907	0.001881811	-0.006877754
11	0.127098907	0.000470122	-0.006578268
12	0.127098907	-0.000893537	-0.006275725
13	0.127098907	-0.002204908	-0.005970473
14	0.127098907	-0.003459863	-0.005662910
15	0.127098907	-0.004654420	-0.005353538
16	0.127098907	-0.005784793	-0.005043118
17	0.127098907	-0.006847357	-0.004732493
18	0.127098907	-0.007838750	-0.004422909
19	0.127098907	-0.008757701	-0.004121427
20	0.127098907	-0.009604839	-0.003839460
21	0.127098907	-0.010379592	-0.003583629
22	0.127098907	-0.011079989	-0.003355627
23	0.127098907	-0.011703128	-0.003153540
24	0.127098907	-0.012245206	-0.002971984
25	0.127098907	-0.012701538	-0.002803181
26	0.127098907	-0.013065447	-0.002637382
27	0.127098907	-0.013324600	-0.002464249
28	0.127098907	-0.013455519	-0.002285429
29	0.127098907	-0.013472738	-0.002153162
30	0.127098907	-0.013465208	-0.002108943
31	0.127098907	-0.013451716	-0.002065449
32	0.127098907	-0.013384919	-0.001946843
33	0.127098907	-0.013224191	-0.001787189
34	0.127098907	-0.012956842	-0.001617464
35	0.127098907	-0.012584851	-0.001455256
36	0.127098907	-0.012112027	-0.001313235
37	0.127098907	-0.011542467	-0.001203263
38	0.127098907	-0.010880989	-0.001137363
39	0.127098907	-0.010133600	-0.001125643
40	0.127098907	-0.009307042	-0.001174974
41	0.127098907	-0.008407850	-0.001287160
42	0.127098907	-0.007441150	-0.001457837
43	0.127098907	-0.006409656	-0.001675707
44	0.127098907	-0.005315200	-0.001930506
45	0.127098907	-0.004161156	-0.002220381
46	0.127098907	-0.002951174	-0.002544227
47	0.127098907	-0.001688945	-0.002900600
48	0.127098907	-0.000378227	-0.003287856
49	0.127098907	0.000977168	-0.003704119
50	0.127098907	0.002373333	-0.004147454
51	0.127098907	0.003806260	-0.004615893
52	0.127098907	0.005271908	-0.005107258
53	0.127098907	0.006766086	-0.005619536
54	0.127098907	0.008282762	-0.006157775
55	0.127098907	0.009819161	-0.006713457
56	0.127098907	0.011369282	-0.007290859
57	0.127098907	0.012927287	-0.007893179
58	0.127098907	0.014486553	-0.008526498
59	0.127098907	0.016041015	-0.009201405
1	0.128747283	0.015945415	-0.009074874
2	0.128747283	0.014297724	-0.008906005
3	0.128747283	0.012663314	-0.008698738
4	0.128747283	0.011044284	-0.008465375
5	0.128747283	0.009443611	-0.008214361
6	0.128747283	0.007864918	-0.007951157
7	0.128747283	0.006311375	-0.007682817
8	0.128747283	0.004789350	-0.007402832
9	0.128747283	0.003301708	-0.007118799
10	0.128747283	0.001852981	-0.006831088
11	0.128747283	0.000447629	-0.006539936
12	0.128747283	-0.000909972	-0.006245518
13	0.128747283	-0.002215586	-0.005948158
14	0.128747283	-0.003465105	-0.005648236
15	0.128747283	-0.004654566	-0.005346229
16	0.128747283	-0.005780201	-0.005042877
17	0.128747283	-0.006838402	-0.004739001
18	0.128747283	-0.007825817	-0.004435821
19	0.128747283	-0.008741147	-0.004140348
20	0.128747283	-0.009584965	-0.003863936
21	0.128747283	-0.010356670	-0.003613171
22	0.128747283	-0.011054297	-0.003389731
23	0.128747283	-0.011674968	-0.003191700
24	0.128747283	-0.012214928	-0.003013708
25	0.128747283	-0.012669552	-0.002847993
26	0.128747283	-0.013032246	-0.002684826
27	0.128747283	-0.013290793	-0.002513870
28	0.128747283	-0.013421827	-0.002336644
29	0.128747283	-0.013439559	-0.002205183
30	0.128747283	-0.013432272	-0.002161173
31	0.128747283	-0.013419053	-0.002117855
32	0.128747283	-0.013353167	-0.001999593
33	0.128747283	-0.013194058	-0.001840073
34	0.128747283	-0.012928965	-0.001670036
35	0.128747283	-0.012559775	-0.001506978
36	0.128747283	-0.012090212	-0.001363514
37	0.128747283	-0.011524297	-0.001251457
38	0.128747283	-0.010866761	-0.001182784
39	0.128747283	-0.010123529	-0.001167577
40	0.128747283	-0.009301272	-0.001212702
41	0.128747283	-0.008406480	-0.001319989
42	0.128747283	-0.007444272	-0.001485127
43	0.128747283	-0.006417403	-0.001696897
44	0.128747283	-0.005327742	-0.001945097
45	0.128747283	-0.004178654	-0.002227899
46	0.128747283	-0.002973775	-0.002544224
47	0.128747283	-0.001716782	-0.002892651
48	0.128747283	-0.000411419	-0.003271563
49	0.128747283	0.000938512	-0.003679114
50	0.128747283	0.002329117	-0.004113396
51	0.128747283	0.003756401	-0.004572474
52	0.128747283	0.005216333	-0.005054200
53	0.128747283	0.006704738	-0.005556589
54	0.128747283	0.008215640	-0.006084697
55	0.128747283	0.009746238	-0.006630058
56	0.128747283	0.011290584	-0.007196959
57	0.128747283	0.012842888	-0.007788609
58	0.128747283	0.014396593	-0.008411089
59	0.128747283	0.015945415	-0.009074874
1	0.130382622	0.015859080	-0.008952534
2	0.130382622	0.014218907	-0.008792204
3	0.130382622	0.012591772	-0.008593597
4	0.130382622	0.010979818	-0.008368949
5	0.130382622	0.009386048	-0.008126650
6	0.130382622	0.007814091	-0.007872119
7	0.130382622	0.006267133	-0.007612361
8	0.130382622	0.004751480	-0.007340867
9	0.130382622	0.003270019	-0.007065187
10	0.130382622	0.001827258	-0.006785668
11	0.130382622	0.000427638	-0.006502524
12	0.130382622	-0.000924488	-0.006215910
13	0.130382622	-0.002224902	-0.005926127
14	0.130382622	-0.003469517	-0.005633535
15	0.130382622	-0.004654387	-0.005338591
16	0.130382622	-0.005775759	-0.005042011
17	0.130382622	-0.006830039	-0.004744596
18	0.130382622	-0.007813887	-0.004447543
19	0.130382622	-0.008725977	-0.004157819
20	0.130382622	-0.009566824	-0.003886724
21	0.130382622	-0.010335803	-0.003640810
22	0.130382622	-0.011030951	-0.003421739
23	0.130382622	-0.011649413	-0.003227591
24	0.130382622	-0.012187478	-0.003053008
25	0.130382622	-0.012640580	-0.002890244
26	0.130382622	-0.013002204	-0.002729586
27	0.130382622	-0.013260242	-0.002560694
28	0.130382622	-0.013391433	-0.002384966
29	0.130382622	-0.013409676	-0.002254249
30	0.130382622	-0.013402626	-0.002210427
31	0.130382622	-0.013389672	-0.002167267
32	0.130382622	-0.013324658	-0.002049300
33	0.130382622	-0.013167081	-0.001889854
34	0.130382622	-0.012904106	-0.001719452
35	0.130382622	-0.012537529	-0.001555510
36	0.130382622	-0.012070996	-0.001410593
37	0.130382622	-0.011508452	-0.001296471
38	0.130382622	-0.010854547	-0.001225084
39	0.130382622	-0.010115130	-0.001206489
40	0.130382622	-0.009296804	-0.001247547
41	0.130382622	-0.008406018	-0.001350115
42	0.130382622	-0.007447886	-0.001509929
43	0.130382622	-0.006425201	-0.001715843
44	0.130382622	-0.005339871	-0.001957712
45	0.130382622	-0.004195252	-0.002233732
46	0.130382622	-0.002994969	-0.002542851
47	0.130382622	-0.001742683	-0.002883666
48	0.130382622	-0.000442130	-0.003254588
49	0.130382622	0.000902900	-0.003653798
50	0.130382622	0.002288523	-0.004079418
51	0.130382622	0.003710755	-0.004529538
52	0.130382622	0.005165576	-0.005002044
53	0.130382622	0.006648822	-0.005494975
54	0.130382622	0.008154570	-0.006013395
55	0.130382622	0.009679996	-0.006548890
56	0.130382622	0.011219200	-0.007105755
57	0.130382622	0.012766436	-0.007687212
58	0.130382622	0.014315208	-0.008299342
59	0.130382622	0.015859080	-0.008952534
1	0.131998471	0.015777982	-0.008829772
2	0.131998471	0.014144859	-0.008677639
3	0.131998471	0.012524537	-0.008487355
4	0.131998471	0.010919206	-0.008271088
5	0.131998471	0.009331892	-0.008037175
6	0.131998471	0.007766232	-0.007790988
7	0.131998471	0.006225429	-0.007539485
8	0.131998471	0.004715729	-0.007276159
9	0.131998471	0.003240041	-0.007008508
10	0.131998471	0.001802852	-0.006736861
11	0.131998471	0.000408583	-0.006461409
12	0.131998471	-0.000938432	-0.006182284
13	0.131998471	-0.002233994	-0.005899768
14	0.131998471	-0.003474034	-0.005614202
15	0.131998471	-0.004654622	-0.005326022
16	0.131998471	-0.005772021	-0.005035927
17	0.131998471	-0.006822649	-0.004744697
18	0.131998471	-0.007803178	-0.004453508
19	0.131998471	-0.008712258	-0.004169297
20	0.131998471	-0.009550351	-0.003903307
21	0.131998471	-0.010316803	-0.003662057
22	0.131998471	-0.011009652	-0.003447187
23	0.131998471	-0.011626064	-0.003256771
24	0.131998471	-0.012162371	-0.003085460
25	0.131998471	-0.012614064	-0.002925525
26	0.131998471	-0.012974701	-0.002767267
27	0.131998471	-0.013232286	-0.002600350
28	0.131998471	-0.013363662	-0.002426058
29	0.131998471	-0.013382430	-0.002296046
30	0.131998471	-0.013375620	-0.002252399
31	0.131998471	-0.013362930	-0.002209382
32	0.131998471	-0.013298779	-0.002091669
33	0.131998471	-0.013142692	-0.001932244
34	0.131998471	-0.012881753	-0.001761433
35	0.131998471	-0.012517667	-0.001596580
36	0.131998471	-0.012054009	-0.001450214
37	0.131998471	-0.011494651	-0.001334069
38	0.131998471	-0.010844169	-0.001260053
39	0.131998471	-0.010108340	-0.001238200
40	0.131998471	-0.009293706	-0.001275368
41	0.131998471	-0.008406679	-0.001373431
42	0.131998471	-0.007452366	-0.001528161
43	0.131998471	-0.006433596	-0.001728473
44	0.131998471	-0.005352314	-0.001964282
45	0.131998471	-0.004211870	-0.002233812
46	0.131998471	-0.003015875	-0.002536033
47	0.131998471	-0.001767980	-0.002869560
48	0.131998471	-0.000471910	-0.003232830
49	0.131998471	0.000868556	-0.003624050
50	0.131998471	0.002249544	-0.004041367
51	0.131998471	0.003667079	-0.004482899
52	0.131998471	0.005117151	-0.004946561
53	0.131998471	0.006595606	-0.005430421
54	0.131998471	0.008096573	-0.005939544
55	0.131998471	0.009617202	-0.006465573
56	0.131998471	0.011151642	-0.007012807
57	0.131998471	0.012694187	-0.007584479
58	0.131998471	0.014238399	-0.008186672
59	0.131998471	0.015777982	-0.008829772
1	0.133588452	0.015697478	-0.008706788
2	0.133588452	0.014071280	-0.008562502
3	0.133588452	0.012457651	-0.008380205
4	0.133588452	0.010858826	-0.008171993
5	0.133588452	0.009277856	-0.007946147
6	0.133588452	0.007718383	-0.007707991
7	0.133588452	0.006183630	-0.007464432
8	0.133588452	0.004679782	-0.007208975
9	0.133588452	0.003209769	-0.006949059
10	0.133588452	0.001778058	-0.006684998
11	0.133588452	0.000389052	-0.006416960
12	0.133588452	-0.000952935	-0.006145057
13	0.133588452	-0.002243724	-0.005869550
14	0.133588452	-0.003479261	-0.005590764
15	0.133588452	-0.004655634	-0.005309114
16	0.133588452	-0.005769119	-0.005025280
17	0.133588452	-0.006816150	-0.004740022
18	0.133588452	-0.007793406	-0.004454497
19	0.133588452	-0.008699515	-0.004175606
20	0.133588452	-0.009534887	-0.003914542
21	0.133588452	-0.010298842	-0.003677787
22	0.133588452	-0.010989420	-0.003466967
23	0.133588452	-0.011603808	-0.003280149
24	0.133588452	-0.012138379	-0.003111995
25	0.133588452	-0.012588679	-0.002954792
26	0.133588452	-0.012948336	-0.002798852
27	0.133588452	-0.013205460	-0.002633846
28	0.133588452	-0.013336996	-0.002460943
29	0.133588452	-0.013356254	-0.002331618
30	0.133588452	-0.013349671	-0.002288143
31	0.133588452	-0.013337232	-0.002245271
32	0.133588452	-0.013273904	-0.002127819
33	0.133588452	-0.013119253	-0.001968444
34	0.133588452	-0.012860285	-0.001797273
35	0.133588452	-0.012498624	-0.001631578
36	0.133588452	-0.012037770	-0.001483850
37	0.133588452	-0.011481528	-0.001365783
38	0.133588452	-0.010834401	-0.001289253
39	0.133588452	-0.010102095	-0.001264274
40	0.133588452	-0.009291092	-0.001297694
41	0.133588452	-0.008407766	-0.001391413
42	0.133588452	-0.007457218	-0.001541237
43	0.133588452	-0.006442313	-0.001736145
44	0.133588452	-0.005365032	-0.001966108
45	0.133588452	-0.004228716	-0.002229377
46	0.133588452	-0.003036965	-0.002524942
47	0.133588452	-0.001793416	-0.002851437
48	0.133588452	-0.000501787	-0.003207324
49	0.133588452	0.000834156	-0.003590833
50	0.133588452	0.002210545	-0.004000139
51	0.133588452	0.003623419	-0.004433386
52	0.133588452	0.005068775	-0.004888517
53	0.133588452	0.006542472	-0.005363625
54	0.133588452	0.008038689	-0.005863774
55	0.133588452	0.009554549	-0.006380664
56	0.133588452	0.011084250	-0.006918596
57	0.133588452	0.012622128	-0.007480808
58	0.133588452	0.014161802	-0.008073379
59	0.133588452	0.015697478	-0.008706788
1	0.135146291	0.015612913	-0.008592386
2	0.135146291	0.013993928	-0.008455642
3	0.135146291	0.012387285	-0.008281041
4	0.135146291	0.010795261	-0.008080601
5	0.135146291	0.009220928	-0.007862547
6	0.135146291	0.007667936	-0.007632157
7	0.135146291	0.006139522	-0.007396286
8	0.135146291	0.004641811	-0.007148451
9	0.135146291	0.003177754	-0.006896038
10	0.135146291	0.001751798	-0.006639340
11	0.135146291	0.000368322	-0.006378507
12	0.135146291	-0.000968378	-0.006113632
13	0.135146291	-0.002254141	-0.005844954
14	0.135146291	-0.003484932	-0.005572783
15	0.135146291	-0.004656857	-0.005297510
16	0.135146291	-0.005766207	-0.005019799
17	0.135146291	-0.006809427	-0.004740387
18	0.135146291	-0.007783208	-0.004460410
19	0.135146291	-0.008686153	-0.004186719
20	0.135146291	-0.009518620	-0.003930456
21	0.135146291	-0.010279909	-0.003698077
22	0.135146291	-0.010968063	-0.003491197
23	0.135146291	-0.011580292	-0.003307883
24	0.135146291	-0.012113010	-0.003142810
25	0.135146291	-0.012561816	-0.002988278
26	0.135146291	-0.012920407	-0.002834614
27	0.135146291	-0.013176992	-0.002671487
28	0.135146291	-0.013308606	-0.002499956
29	0.135146291	-0.013328284	-0.002371329
30	0.135146291	-0.013321895	-0.002328039
31	0.135146291	-0.013309683	-0.002285325
32	0.135146291	-0.013247125	-0.002168190
33	0.135146291	-0.013093859	-0.002008966
34	0.135146291	-0.012836839	-0.001837566
35	0.135146291	-0.012477609	-0.001671178
36	0.135146291	-0.012019598	-0.001522240
37	0.135146291	-0.011466541	-0.001402399
38	0.135146291	-0.010822866	-0.001323487
39	0.135146291	-0.010094205	-0.001295492
40	0.135146291	-0.009286977	-0.001325263
41	0.135146291	-0.008407515	-0.001414727
42	0.135146291	-0.007460917	-0.001559744
43	0.135146291	-0.006450082	-0.001749371
44	0.135146291	-0.005377024	-0.001973625
45	0.135146291	-0.004245076	-0.002230775
46	0.135146291	-0.003057824	-0.002519838
47	0.135146291	-0.001818894	-0.002839462
48	0.135146291	-0.000531991	-0.003188137
49	0.135146291	0.000799125	-0.003564118
50	0.135146291	0.002170602	-0.003965605
51	0.135146291	0.003578487	-0.004390769
52	0.135146291	0.005018787	-0.004837578
53	0.135146291	0.006487376	-0.005304151
54	0.135146291	0.007978482	-0.005795543
55	0.135146291	0.009489208	-0.006303514
56	0.135146291	0.011013798	-0.006832361
57	0.135146291	0.012546632	-0.007385322
58	0.135146291	0.014081388	-0.007968464
59	0.135146291	0.015612913	-0.008592386
1	0.136665839	0.015519293	-0.008503306
2	0.136665839	0.013908317	-0.008373906
3	0.136665839	0.012309458	-0.008206817
4	0.136665839	0.010725033	-0.008013979
5	0.136665839	0.009158132	-0.007803555
6	0.136665839	0.007612407	-0.007580778
7	0.136665839	0.006091107	-0.007352446
8	0.136665839	0.004600299	-0.007112089
9	0.136665839	0.003142948	-0.006867035
10	0.136665839	0.001723479	-0.006617560
11	0.136665839	0.000346249	-0.006363796
12	0.136665839	-0.000984468	-0.006105814
13	0.136665839	-0.002264532	-0.005843837
14	0.136665839	-0.003489930	-0.005578156
15	0.136665839	-0.004656784	-0.005309148
16	0.136665839	-0.005761404	-0.005037454
17	0.136665839	-0.006800251	-0.004763796
18	0.136665839	-0.007770030	-0.004489296
19	0.136665839	-0.008669329	-0.004220784
20	0.136665839	-0.009498457	-0.003969333
21	0.136665839	-0.010256685	-0.003741350
22	0.136665839	-0.010942058	-0.003538426
23	0.136665839	-0.011551809	-0.003358620
24	0.136665839	-0.012082389	-0.003196618
25	0.136665839	-0.012529455	-0.003044744
26	0.136665839	-0.012886771	-0.002893344
27	0.136665839	-0.013142648	-0.002732102
28	0.136665839	-0.013274237	-0.002561993
29	0.136665839	-0.013294329	-0.002434124
30	0.136665839	-0.013288155	-0.002391036
31	0.136665839	-0.013276188	-0.002348497
32	0.136665839	-0.013214460	-0.002231715
33	0.136665839	-0.013062685	-0.002072680
34	0.136665839	-0.012807754	-0.001901096
35	0.136665839	-0.012451127	-0.001734073
36	0.136665839	-0.011996166	-0.001583999
37	0.136665839	-0.011446538	-0.001462475
38	0.136665839	-0.010806599	-0.001381289
39	0.136665839	-0.010081911	-0.001350399
40	0.136665839	-0.009278830	-0.001376646
41	0.136665839	-0.008403651	-0.001461980
42	0.136665839	-0.007461462	-0.001602311
43	0.136665839	-0.006455197	-0.001786779
44	0.136665839	-0.005386899	-0.002005449
45	0.136665839	-0.004259887	-0.002256605
46	0.136665839	-0.003077736	-0.002539282
47	0.136665839	-0.001844054	-0.002852144
48	0.136665839	-0.000562535	-0.003193707
49	0.136665839	0.000763076	-0.003562252
50	0.136665839	0.002128938	-0.003956004
51	0.136665839	0.003531111	-0.004373160
52	0.136665839	0.004965617	-0.004811716
53	0.136665839	0.006428342	-0.005269814
54	0.136665839	0.007913568	-0.005752506
55	0.136665839	0.009418377	-0.006251608
56	0.136665839	0.010937063	-0.006771417
57	0.136665839	0.012464051	-0.007315170
58	0.136665839	0.013993078	-0.007888926
59	0.136665839	0.015519293	-0.008503306
1	0.138141100	0.015409337	-0.008457074
2	0.138141100	0.013807836	-0.008334901
3	0.138141100	0.012218229	-0.008175222
4	0.138141100	0.010642865	-0.007989900
5	0.138141100	0.009084846	-0.007787034
6	0.138141100	0.007547823	-0.007571805
7	0.138141100	0.006035052	-0.007350959
8	0.138141100	0.004552538	-0.007118031
9	0.138141100	0.003103255	-0.006880295
10	0.138141100	0.001691603	-0.006638008
11	0.138141100	0.000321913	-0.006391281
12	0.138141100	-0.001001568	-0.006140167
13	0.138141100	-0.002274725	-0.005884873
14	0.138141100	-0.003493567	-0.005625676
15	0.138141100	-0.004654241	-0.005362934
16	0.138141100	-0.005753076	-0.005097271
17	0.138141100	-0.006786551	-0.004829393
18	0.138141100	-0.007751395	-0.004560420
19	0.138141100	-0.008646192	-0.004297186
20	0.138141100	-0.009471199	-0.004050673
21	0.138141100	-0.010225656	-0.003827210
22	0.138141100	-0.010907606	-0.003628348
23	0.138141100	-0.011514302	-0.003452133
24	0.138141100	-0.012042239	-0.003293261
25	0.138141100	-0.012487128	-0.003144088
26	0.138141100	-0.012842804	-0.002994991
27	0.138141100	-0.013097683	-0.002835686
28	0.138141100	-0.013229056	-0.002667097
29	0.138141100	-0.013249517	-0.002540097
30	0.138141100	-0.013243571	-0.002497248
31	0.138141100	-0.013231863	-0.002454919
32	0.138141100	-0.013171040	-0.002338582
33	0.138141100	-0.013020914	-0.002179848
34	0.138141100	-0.012768310	-0.002008204
35	0.138141100	-0.012414603	-0.001840678
36	0.138141100	-0.011963086	-0.001689602
37	0.138141100	-0.011417360	-0.001566523
38	0.138141100	-0.010781709	-0.001483174
39	0.138141100	-0.010061621	-0.001449475
40	0.138141100	-0.009263389	-0.001472257
41	0.138141100	-0.008393262	-0.001553493
42	0.138141100	-0.007456321	-0.001689155
43	0.138141100	-0.006455533	-0.001868486
44	0.138141100	-0.005392964	-0.002081598
45	0.138141100	-0.004271919	-0.002326769
46	0.138141100	-0.003095951	-0.002603055
47	0.138141100	-0.001868651	-0.002909133
48	0.138141100	-0.000593695	-0.003243545
49	0.138141100	0.000725187	-0.003604601
50	0.138141100	0.002084169	-0.003990551
51	0.138141100	0.003479331	-0.004399616
52	0.138141100	0.004906710	-0.004829825
53	0.138141100	0.006362211	-0.005279344
54	0.138141100	0.007840170	-0.005753219
55	0.138141100	0.009337657	-0.006243325
56	0.138141100	0.010849017	-0.006753958
57	0.138141100	0.012368721	-0.007288360
58	0.138141100	0.013890569	-0.007852579
59	0.138141100	0.015409337	-0.008457074
1	0.139566251	0.015271931	-0.008464850
2	0.139566251	0.013682259	-0.008349785
3	0.139566251	0.012104254	-0.008197434
4	0.139566251	0.010540287	-0.008019575
5	0.139566251	0.008993468	-0.007824234
6	0.139566251	0.007467438	-0.007616544
7	0.139566251	0.005965450	-0.007403188
8	0.139566251	0.004493444	-0.007177716
9	0.139566251	0.003054395	-0.006947345
10	0.139566251	0.001652671	-0.006712308
11	0.139566251	0.000292571	-0.006472699
12	0.139566251	-0.001021692	-0.006228558
13	0.139566251	-0.002286032	-0.005980072
14	0.139566251	-0.003496489	-0.005727501
15	0.139566251	-0.004649238	-0.005471190
16	0.139566251	-0.005740633	-0.005211741
17	0.139566251	-0.006767179	-0.004949839
18	0.139566251	-0.007725629	-0.004686607
19	0.139566251	-0.008614571	-0.004428881
20	0.139566251	-0.009434209	-0.004187523
21	0.139566251	-0.010183751	-0.003968772
22	0.139566251	-0.010861245	-0.003774137
23	0.139566251	-0.011463968	-0.003601657
24	0.139566251	-0.011988457	-0.003446038
25	0.139566251	-0.012430485	-0.003299682
26	0.139566251	-0.012783960	-0.003153003
27	0.139566251	-0.013037396	-0.002995752
28	0.139566251	-0.013168231	-0.002828830
29	0.139566251	-0.013188911	-0.002702864
30	0.139566251	-0.013183158	-0.002660324
31	0.139566251	-0.013171692	-0.002618276
32	0.139566251	-0.013111782	-0.002502593
33	0.139566251	-0.012963441	-0.002344468
34	0.139566251	-0.012713462	-0.002173115
35	0.139566251	-0.012363136	-0.002005441
36	0.139566251	-0.011915682	-0.001853690
37	0.139566251	-0.011374630	-0.001729324
38	0.139566251	-0.010744181	-0.001643990
39	0.139566251	-0.010029738	-0.001607554
40	0.139566251	-0.009237513	-0.001626839
41	0.139566251	-0.008373703	-0.001703866
42	0.139566251	-0.007443376	-0.001834709
43	0.139566251	-0.006449539	-0.002008776
44	0.139566251	-0.005394278	-0.002216200
45	0.139566251	-0.004280868	-0.002455230
46	0.139566251	-0.003112839	-0.002724943
47	0.139566251	-0.001893759	-0.003024032
48	0.139566251	-0.000627283	-0.003351069
49	0.139566251	0.000682879	-0.003704397
50	0.139566251	0.002032924	-0.004082293
51	0.139566251	0.003418957	-0.004483004
52	0.139566251	0.004837035	-0.004904589
53	0.139566251	0.006283089	-0.005345242
54	0.139566251	0.007751519	-0.005809996
55	0.139566251	0.009239388	-0.006290782
56	0.139566251	0.010741099	-0.006791895
57	0.139566251	0.012251180	-0.007316572
58	0.139566251	0.013763502	-0.007870843
59	0.139566251	0.015271931	-0.008464850
1	0.140935668	0.015092081	-0.008527934
2	0.140935668	0.013517696	-0.008419752
3	0.140935668	0.011954733	-0.008274610
4	0.140935668	0.010405580	-0.008104165
5	0.140935668	0.008873343	-0.007916349
6	0.140935668	0.007361644	-0.007716233
7	0.140935668	0.005873731	-0.007510424
8	0.140935668	0.004415461	-0.007292496
9	0.140935668	0.002989806	-0.007069593
10	0.140935668	0.001601092	-0.006841926
11	0.140935668	0.000253575	-0.006609573
12	0.140935668	-0.001048572	-0.006372557
13	0.140935668	-0.002301303	-0.006131049
14	0.140935668	-0.003500697	-0.005885298
15	0.140935668	-0.004642966	-0.005635632
16	0.140935668	-0.005724496	-0.005382631
17	0.140935668	-0.006741824	-0.005126962
18	0.140935668	-0.007691742	-0.004869760
19	0.140935668	-0.008572853	-0.004617877
20	0.140935668	-0.009385306	-0.004382022
21	0.140935668	-0.010128277	-0.004168307
22	0.140935668	-0.010799816	-0.003978183
23	0.140935668	-0.011397231	-0.003809677
24	0.140935668	-0.011917104	-0.003657514
25	0.140935668	-0.012355278	-0.003514160
26	0.140935668	-0.012705738	-0.003370090
27	0.140935668	-0.012957116	-0.003215118
28	0.140935668	-0.013087054	-0.003050160
29	0.140935668	-0.013107878	-0.002925491
30	0.140935668	-0.013102318	-0.002883354
31	0.140935668	-0.013091115	-0.002841678
32	0.140935668	-0.013032247	-0.002726897
33	0.140935668	-0.012886014	-0.002569719
34	0.140935668	-0.012639193	-0.002399032
35	0.140935668	-0.012292985	-0.002231600
36	0.140935668	-0.011850539	-0.002079554
37	0.140935668	-0.011315305	-0.001954246
38	0.140935668	-0.010691401	-0.001867211
39	0.140935668	-0.009984132	-0.001828238
40	0.140935668	-0.009199621	-0.001844133
41	0.140935668	-0.008344001	-0.001916964
42	0.140935668	-0.007422318	-0.002042926
43	0.140935668	-0.006437616	-0.002211631
44	0.140935668	-0.005391990	-0.002413238
45	0.140935668	-0.004288676	-0.002645950
46	0.140935668	-0.003131176	-0.002908865
47	0.140935668	-0.001923025	-0.003200694
48	0.140935668	-0.000667847	-0.003520039
49	0.140935668	0.000630676	-0.003865278
50	0.140935668	0.001968772	-0.004234722
51	0.140935668	0.003342577	-0.004626643
52	0.140935668	0.004748182	-0.005039135
53	0.140935668	0.006181551	-0.005470418
54	0.140935668	0.007637158	-0.005925502
55	0.140935668	0.009112069	-0.006396389
56	0.140935668	0.010600758	-0.006887359
57	0.140935668	0.012097819	-0.007401635
58	0.140935668	0.013597208	-0.007945207
59	0.140935668	0.015092081	-0.008527934
1	0.142243947	0.014853942	-0.008639244
2	0.142243947	0.013299414	-0.008537583
3	0.142243947	0.011756031	-0.008399461
4	0.142243947	0.010226192	-0.008236355
5	0.142243947	0.008712991	-0.008056069
6	0.142243947	0.007220022	-0.007863585
7	0.142243947	0.005750514	-0.007665401
8	0.142243947	0.004310228	-0.007455150
9	0.142243947	0.002902125	-0.007239867
10	0.142243947	0.001530475	-0.007019739
11	0.142243947	0.000199481	-0.006794829
12	0.142243947	-0.001086736	-0.006565147
13	0.142243947	-0.002324183	-0.006330848
14	0.142243947	-0.003508989	-0.006092170
15	0.142243947	-0.004637412	-0.005849428
16	0.142243947	-0.005705884	-0.005603181
17	0.142243947	-0.006710982	-0.005354078
18	0.142243947	-0.007649551	-0.005103279
19	0.142243947	-0.008520224	-0.004857674
20	0.142243947	-0.009323098	-0.004627768
21	0.142243947	-0.010057313	-0.004419506
22	0.142243947	-0.010720924	-0.004234257
23	0.142243947	-0.011311270	-0.004070038
24	0.142243947	-0.011824989	-0.003921595
25	0.142243947	-0.012258000	-0.003781489
26	0.142243947	-0.012604381	-0.003640287
27	0.142243947	-0.012852903	-0.003487910
28	0.142243947	-0.012981494	-0.003325321
29	0.142243947	-0.013002382	-0.003202301
30	0.142243947	-0.012997043	-0.003160684
31	0.142243947	-0.012986146	-0.003119499
32	0.142243947	-0.012928518	-0.003005936
33	0.142243947	-0.012784843	-0.002850133
34	0.142243947	-0.012541903	-0.002680589
35	0.142243947	-0.012200807	-0.002513897
36	0.142243947	-0.011764627	-0.002362047
37	0.142243947	-0.011236732	-0.002236262
38	0.142243947	-0.010621151	-0.002147931
39	0.142243947	-0.009923085	-0.002106740
40	0.142243947	-0.009148557	-0.002119458
41	0.142243947	-0.008303619	-0.002188186
42	0.142243947	-0.007393286	-0.002309249
43	0.142243947	-0.006420622	-0.002472495
44	0.142243947	-0.005387724	-0.002668130
45	0.142243947	-0.004297781	-0.002894305
46	0.142243947	-0.003154251	-0.003150138
47	0.142243947	-0.001960626	-0.003434355
48	0.142243947	-0.000720489	-0.003745592
49	0.142243947	0.000562516	-0.004082268
50	0.142243947	0.001884662	-0.004442727
51	0.142243947	0.003242129	-0.004825269
52	0.142243947	0.004631050	-0.005228031
53	0.142243947	0.006047439	-0.005649261
54	0.142243947	0.007485857	-0.006093913
55	0.142243947	0.008943385	-0.006554097
56	0.142243947	0.010414582	-0.007034055
57	0.142243947	0.011894126	-0.007536972
58	0.142243947	0.013376074	-0.008068769
59	0.142243947	0.014853942	-0.008639244
1	0.143485924	0.014544550	-0.008787217
2	0.143485924	0.013015352	-0.008691645
3	0.143485924	0.011496985	-0.008560317
4	0.143485924	0.009991848	-0.008404463
5	0.143485924	0.008503014	-0.008231710
6	0.143485924	0.007034039	-0.008046929
7	0.143485924	0.005588119	-0.007856473
8	0.143485924	0.004170902	-0.007654072
9	0.143485924	0.002785323	-0.007446616
10	0.143485924	0.001435585	-0.007234268
11	0.143485924	0.000125823	-0.007017075
12	0.143485924	-0.001139912	-0.006795040
13	0.143485924	-0.002357690	-0.006568301
14	0.143485924	-0.003523705	-0.006337085
15	0.143485924	-0.004634275	-0.006101696
16	0.143485924	-0.005685888	-0.005862667
17	0.143485924	-0.006675176	-0.005620630
18	0.143485924	-0.007599045	-0.005376767
19	0.143485924	-0.008456169	-0.005137982
20	0.143485924	-0.009246593	-0.004914539
21	0.143485924	-0.009969426	-0.004712192
22	0.143485924	-0.010622735	-0.004532225
23	0.143485924	-0.011203903	-0.004372651
24	0.143485924	-0.011709629	-0.004228257
25	0.143485924	-0.012135921	-0.004091723
26	0.143485924	-0.012476964	-0.003953739
27	0.143485924	-0.012721693	-0.003804363
28	0.143485924	-0.012848381	-0.003644623
29	0.143485924	-0.012869165	-0.003523662
30	0.143485924	-0.012864032	-0.003482715
31	0.143485924	-0.012853449	-0.003442172
32	0.143485924	-0.012797195	-0.003330265
33	0.143485924	-0.012656503	-0.003176461
34	0.143485924	-0.012418220	-0.003008776
35	0.143485924	-0.012083366	-0.002843562
36	0.143485924	-0.011654927	-0.002692622
37	0.143485924	-0.011136187	-0.002566999
38	0.143485924	-0.010531069	-0.002477893
39	0.143485924	-0.009844657	-0.002434846
40	0.143485924	-0.009082846	-0.002444575
41	0.143485924	-0.008251591	-0.002509215
42	0.143485924	-0.007355855	-0.002625252
43	0.143485924	-0.006398718	-0.002782827
44	0.143485924	-0.005382265	-0.002972208
45	0.143485924	-0.004309621	-0.003191483
46	0.143485924	-0.003184192	-0.003439794
47	0.143485924	-0.002009414	-0.003715887
48	0.143485924	-0.000788816	-0.004018434
49	0.143485924	0.000474012	-0.004345901
50	0.143485924	0.001775397	-0.004696669
51	0.143485924	0.003111579	-0.005069072
52	0.143485924	0.004478750	-0.005461290
53	0.143485924	0.005872984	-0.005871606
54	0.143485924	0.007288957	-0.006304874
55	0.143485924	0.008723770	-0.006753357
56	0.143485924	0.010172091	-0.007221220
57	0.143485924	0.011628702	-0.007711584
58	0.143485924	0.013087787	-0.008230248
59	0.143485924	0.014544550	-0.008787217
1	0.144656697	0.014155506	-0.008958434
2	0.144656697	0.012657708	-0.008868673
3	0.144656697	0.011170385	-0.008744062
4	0.144656697	0.009695932	-0.008595509
5	0.144656697	0.008237387	-0.008430427
6	0.144656697	0.006798249	-0.008253550
7	0.144656697	0.005381675	-0.008071055
8	0.144656697	0.003993171	-0.007876804
9	0.144656697	0.002635640	-0.007677504
10	0.144656697	0.001313198	-0.007473297
11	0.144656697	0.000029895	-0.007264215
12	0.144656697	-0.001210301	-0.007050252
13	0.144656697	-0.002403540	-0.006831533
14	0.144656697	-0.003546095	-0.006608275
15	0.144656697	-0.004634360	-0.006380768
16	0.144656697	-0.005664893	-0.006149522
17	0.144656697	-0.006634393	-0.005915148
18	0.144656697	-0.007539841	-0.005678848
19	0.144656697	-0.008379961	-0.005447525
20	0.144656697	-0.009154748	-0.005231157
21	0.144656697	-0.009863287	-0.005035277
22	0.144656697	-0.010503662	-0.004861079
23	0.144656697	-0.011073310	-0.004706578
24	0.144656697	-0.011569003	-0.004566622
25	0.144656697	-0.011986849	-0.004434040
26	0.144656697	-0.012321159	-0.004299685
27	0.144656697	-0.012561071	-0.004153794
28	0.144656697	-0.012685287	-0.003997474
29	0.144656697	-0.012705837	-0.003879038
30	0.144656697	-0.012700916	-0.003838923
31	0.144656697	-0.012690675	-0.003799187
32	0.144656697	-0.012635978	-0.003689396
33	0.144656697	-0.012498776	-0.003538246
34	0.144656697	-0.012266038	-0.003373160
35	0.144656697	-0.011938694	-0.003210189
36	0.144656697	-0.011519640	-0.003060900
37	0.144656697	-0.011012063	-0.002936110
38	0.144656697	-0.010419771	-0.002846782
39	0.144656697	-0.009747710	-0.002802278
40	0.144656697	-0.009001630	-0.002809234
41	0.144656697	-0.008187365	-0.002869814
42	0.144656697	-0.007309806	-0.002980680
43	0.144656697	-0.006372033	-0.003132312
44	0.144656697	-0.005376106	-0.003315068
45	0.144656697	-0.004325079	-0.003526980
46	0.144656697	-0.003222287	-0.003767210
47	0.144656697	-0.002071096	-0.004034531
48	0.144656697	-0.000874969	-0.004327653
49	0.144656697	0.000362573	-0.004645095
50	0.144656697	0.001637927	-0.004985282
51	0.144656697	0.002947410	-0.005346583
52	0.144656697	0.004287284	-0.005727230
53	0.144656697	0.005653704	-0.006125546
54	0.144656697	0.007041478	-0.006546250
55	0.144656697	0.008447745	-0.006981799
56	0.144656697	0.009867299	-0.007436254
57	0.144656697	0.011295048	-0.007912646
58	0.144656697	0.012725327	-0.008416621
59	0.144656697	0.014155506	-0.008958434
1	0.145751647	0.013683613	-0.009140189
2	0.145751647	0.012223477	-0.009056318
3	0.145751647	0.010773439	-0.008938591
4	0.145751647	0.009335870	-0.008797578
5	0.145751647	0.007913758	-0.008640459
6	0.145751647	0.006510527	-0.008471820
7	0.145751647	0.005129275	-0.008297647
8	0.145751647	0.003775351	-0.008111949
9	0.145751647	0.002451605	-0.007921235
10	0.145751647	0.001162052	-0.007725626
11	0.145751647	-0.000089360	-0.007525141
12	0.145751647	-0.001298764	-0.007319768
13	0.145751647	-0.002462406	-0.007109617
14	0.145751647	-0.003576653	-0.006894896
15	0.145751647	-0.004637991	-0.006675885
16	0.145751647	-0.005643061	-0.006453066
17	0.145751647	-0.006588646	-0.006227032
18	0.145751647	-0.007471813	-0.005999006
19	0.145751647	-0.008291345	-0.005775869
20	0.145751647	-0.009047194	-0.005567266
21	0.145751647	-0.009738419	-0.005378484
22	0.145751647	-0.010363135	-0.005210614
23	0.145751647	-0.010918837	-0.005061679
24	0.145751647	-0.011402383	-0.004926609
25	0.145751647	-0.011809999	-0.004798415
26	0.145751647	-0.012136141	-0.004668156
27	0.145751647	-0.012370195	-0.004526296
28	0.145751647	-0.012491394	-0.004374026
29	0.145751647	-0.012511620	-0.004258609
30	0.145751647	-0.012506932	-0.004219494
31	0.145751647	-0.012497078	-0.004180728
32	0.145751647	-0.012444169	-0.004073504
33	0.145751647	-0.012311025	-0.003925630
34	0.145751647	-0.012084787	-0.003763833
35	0.145751647	-0.011766290	-0.003603805
36	0.145751647	-0.011358332	-0.003456833
37	0.145751647	-0.010863990	-0.003333473
38	0.145751647	-0.010286950	-0.003244408
39	0.145751647	-0.009632002	-0.003198785
40	0.145751647	-0.008904733	-0.003203126
41	0.145751647	-0.008110831	-0.003259613
42	0.145751647	-0.007255097	-0.003365090
43	0.145751647	-0.006340591	-0.003510407
44	0.145751647	-0.005369345	-0.003686059
45	0.145751647	-0.004344322	-0.003890027
46	0.145751647	-0.003268777	-0.004121500
47	0.145751647	-0.002145993	-0.004379278
48	0.145751647	-0.000979349	-0.004662116
49	0.145751647	0.000227716	-0.004968589
50	0.145751647	0.001471686	-0.005297169
51	0.145751647	0.002748969	-0.005646266
52	0.145751647	0.004055917	-0.006014169
53	0.145751647	0.005388778	-0.006399244
54	0.145751647	0.006742513	-0.006806073
55	0.145751647	0.008114311	-0.007227317
56	0.145751647	0.009499114	-0.007666928
57	0.145751647	0.010891976	-0.008127846
58	0.145751647	0.012287396	-0.008615550
59	0.145751647	0.013683613	-0.009140189
1	0.146766452	0.013131422	-0.009322053
2	0.146766452	0.011714901	-0.009244540
3	0.146766452	0.010308114	-0.009134066
4	0.146766452	0.008913376	-0.009000930
5	0.146766452	0.007533598	-0.008852102
6	0.146766452	0.006172109	-0.008692038
7	0.146766452	0.004831924	-0.008526552
8	0.146766452	0.003518226	-0.008349780
9	0.146766452	0.002233787	-0.008168061
10	0.146766452	0.000982503	-0.007981495
11	0.146766452	-0.000231794	-0.007790091
12	0.146766452	-0.001405356	-0.007593830
13	0.146766452	-0.002534541	-0.007392814
14	0.146766452	-0.003615825	-0.007187237
15	0.146766452	-0.004645799	-0.006977369
16	0.146766452	-0.005621204	-0.006763663
17	0.146766452	-0.006538917	-0.006546688
18	0.146766452	-0.007396104	-0.006327675
19	0.146766452	-0.008191606	-0.006113434
20	0.146766452	-0.008925334	-0.005913247
21	0.146766452	-0.009596336	-0.005732144
22	0.146766452	-0.010202762	-0.005571118
23	0.146766452	-0.010742183	-0.005428218
24	0.146766452	-0.011211554	-0.005298478
25	0.146766452	-0.011607230	-0.005175116
26	0.146766452	-0.011923833	-0.005049431
27	0.146766452	-0.012151039	-0.004912145
28	0.146766452	-0.012268675	-0.004764518
29	0.146766452	-0.012288423	-0.004652584
30	0.146766452	-0.012283951	-0.004614636
31	0.146766452	-0.012274490	-0.004577004
32	0.146766452	-0.012223496	-0.004472823
33	0.146766452	-0.012094844	-0.004328917
34	0.146766452	-0.011875924	-0.004171194
35	0.146766452	-0.011567485	-0.004014906
36	0.146766452	-0.011172212	-0.003871003
37	0.146766452	-0.010693064	-0.003749724
38	0.146766452	-0.010133584	-0.003661421
39	0.146766452	-0.009498386	-0.003614983
40	0.146766452	-0.008792865	-0.003616800
41	0.146766452	-0.008022539	-0.003669066
42	0.146766452	-0.007192096	-0.003768837
43	0.146766452	-0.006304568	-0.003907380
44	0.146766452	-0.005361944	-0.004075355
45	0.146766452	-0.004367089	-0.004270703
46	0.146766452	-0.003323163	-0.004492641
47	0.146766452	-0.002233353	-0.004740005
48	0.146766452	-0.001100940	-0.005011600
49	0.146766452	0.000070731	-0.005306061
50	0.146766452	0.001278246	-0.005621915
51	0.146766452	0.002518119	-0.005957620
52	0.146766452	0.003786805	-0.006311525
53	0.146766452	0.005080664	-0.006682046
54	0.146766452	0.006394814	-0.007073659
55	0.146766452	0.007726524	-0.007479207
56	0.146766452	0.009070890	-0.007902560
57	0.146766452	0.010423123	-0.008346587
58	0.146766452	0.011777902	-0.008816634
59	0.146766452	0.013131422	-0.009322053
1	0.147697107	0.012508955	-0.009496918
2	0.147697107	0.011141094	-0.009426495
3	0.147697107	0.009782645	-0.009323778
4	0.147697107	0.008435832	-0.009198869
5	0.147697107	0.007103459	-0.009058599
6	0.147697107	0.005788736	-0.008907339
7	0.147697107	0.004494567	-0.008750795
8	0.147697107	0.003225966	-0.008583161
9	0.147697107	0.001985600	-0.008410678
10	0.147697107	0.000777232	-0.008233427
11	0.147697107	-0.000395440	-0.008051409
12	0.147697107	-0.001528798	-0.007864604
13	0.147697107	-0.002619325	-0.007673098
14	0.147697107	-0.003663619	-0.007477080
15	0.147697107	-0.004658392	-0.007276802
16	0.147697107	-0.005600492	-0.007072693
17	0.147697107	-0.006486905	-0.006865294
18	0.147697107	-0.007314904	-0.006655834
19	0.147697107	-0.008083390	-0.006451011
20	0.147697107	-0.008792237	-0.006259718
21	0.147697107	-0.009440492	-0.006086720
22	0.147697107	-0.010026349	-0.005932918
23	0.147697107	-0.010547464	-0.005796393
24	0.147697107	-0.011000898	-0.005672311
25	0.147697107	-0.011383147	-0.005554117
26	0.147697107	-0.011689021	-0.005433385
27	0.147697107	-0.011908516	-0.005301126
28	0.147697107	-0.012022124	-0.005158655
29	0.147697107	-0.012041275	-0.005050608
30	0.147697107	-0.012037025	-0.005013971
31	0.147697107	-0.012027971	-0.004977613
32	0.147697107	-0.011979017	-0.004876873
33	0.147697107	-0.011855238	-0.004737513
34	0.147697107	-0.011644345	-0.004584524
35	0.147697107	-0.011346999	-0.004432652
36	0.147697107	-0.010965769	-0.004292464
37	0.147697107	-0.010503483	-0.004173838
38	0.147697107	-0.009963530	-0.004086755
39	0.147697107	-0.009350330	-0.004039814
40	0.147697107	-0.008669067	-0.004039243
41	0.147697107	-0.007925066	-0.004087241
42	0.147697107	-0.007122884	-0.004181088
43	0.147697107	-0.006265507	-0.004312493
44	0.147697107	-0.005354876	-0.004472324
45	0.147697107	-0.004393749	-0.004658486
46	0.147697107	-0.003385178	-0.004870235
47	0.147697107	-0.002332243	-0.005106443
48	0.147697107	-0.001238119	-0.005365971
49	0.147697107	-0.000106039	-0.005647520
50	0.147697107	0.001060694	-0.005949676
51	0.147697107	0.002258711	-0.006270951
52	0.147697107	0.003484586	-0.006609758
53	0.147697107	0.004734801	-0.006964571
54	0.147697107	0.006004631	-0.007339842
55	0.147697107	0.007291451	-0.007728527
56	0.147697107	0.008590512	-0.008134484
57	0.147697107	0.009897188	-0.008560568
58	0.147697107	0.011206331	-0.009012073
59	0.147697107	0.012508955	-0.009496918
1	0.148539939	0.011835451	-0.009661272
2	0.148539939	0.010519715	-0.009598735
3	0.148539939	0.009213127	-0.009504265
4	0.148539939	0.007917806	-0.009387797
5	0.148539939	0.006636410	-0.009256140
6	0.148539939	0.005372003	-0.009113655
7	0.148539939	0.004127349	-0.008966045
8	0.148539939	0.002907306	-0.008807442
9	0.148539939	0.001714402	-0.008644111
10	0.148539939	0.000552254	-0.008476115
11	0.148539939	-0.000575581	-0.008303448
12	0.148539939	-0.001665623	-0.008126086
13	0.148539939	-0.002714493	-0.007944108
14	0.148539939	-0.003718920	-0.007757691
15	0.148539939	-0.004675740	-0.007567077
16	0.148539939	-0.005581924	-0.007372666
17	0.148539939	-0.006434573	-0.007174978
18	0.148539939	-0.007231073	-0.006975235
19	0.148539939	-0.007970391	-0.006780006
20	0.148539939	-0.008652371	-0.006597774
21	0.148539939	-0.009276061	-0.006433028
22	0.148539939	-0.009839709	-0.006286575
23	0.148539939	-0.010341057	-0.006156537
24	0.148539939	-0.010777284	-0.006038223
25	0.148539939	-0.011145031	-0.005925334
26	0.148539939	-0.011439307	-0.005809746
27	0.148539939	-0.011650467	-0.005682799
28	0.148539939	-0.011759740	-0.005545859
29	0.148539939	-0.011778263	-0.005441989
30	0.148539939	-0.011774253	-0.005406745
31	0.148539939	-0.011765626	-0.005371755
32	0.148539939	-0.011718850	-0.005274713
33	0.148539939	-0.011600245	-0.005140283
34	0.148539939	-0.011397908	-0.004992454
35	0.148539939	-0.011112406	-0.004845442
36	0.148539939	-0.010746187	-0.004709406
37	0.148539939	-0.010301942	-0.004593843
38	0.148539939	-0.009782903	-0.004508342
39	0.148539939	-0.009193289	-0.004461187
40	0.148539939	-0.008538060	-0.004458423
41	0.148539939	-0.007822337	-0.004502239
42	0.148539939	-0.007050529	-0.004590124
43	0.148539939	-0.006225565	-0.004714236
44	0.148539939	-0.005349331	-0.004865686
45	0.148539939	-0.004424469	-0.005042368
46	0.148539939	-0.003453919	-0.005243571
47	0.148539939	-0.002440647	-0.005468213
48	0.148539939	-0.001387707	-0.005715209
49	0.148539939	-0.000298219	-0.005983327
50	0.148539939	0.000824640	-0.006271214
51	0.148539939	0.001977625	-0.006577441
52	0.148539939	0.003157438	-0.006900491
53	0.148539939	0.004360693	-0.007238894
54	0.148539939	0.005582807	-0.007597205
55	0.148539939	0.006821292	-0.007968382
56	0.148539939	0.008071547	-0.008356380
57	0.148539939	0.009329096	-0.008764120
58	0.148539939	0.010588953	-0.009196979
59	0.148539939	0.011835451	-0.009661272
1	0.149291622	0.011138214	-0.009813598
2	0.149291622	0.009875919	-0.009759683
3	0.149291622	0.008622612	-0.009673716
4	0.149291622	0.007380266	-0.009565591
5	0.149291622	0.006151365	-0.009442246
6	0.149291622	0.004938805	-0.009308122
7	0.149291622	0.003745175	-0.009169047
8	0.149291622	0.002575204	-0.009018951
9	0.149291622	0.001431245	-0.008864272
10	0.149291622	0.000316770	-0.008705056
11	0.149291622	-0.000764814	-0.008541292
12	0.149291622	-0.001810169	-0.008372956
13	0.149291622	-0.002816057	-0.008200119
14	0.149291622	-0.003779339	-0.008022947
15	0.149291622	-0.004696985	-0.007841674
16	0.149291622	-0.005566087	-0.007656675
17	0.149291622	-0.006383865	-0.007468446
18	0.149291622	-0.007147824	-0.007278197
19	0.149291622	-0.007856994	-0.007092342
20	0.149291622	-0.008511195	-0.006918954
21	0.149291622	-0.009109487	-0.006762254
22	0.149291622	-0.009650176	-0.006622963
23	0.149291622	-0.010131092	-0.006499250
24	0.149291622	-0.010549531	-0.006386582
25	0.149291622	-0.010902283	-0.006278921
26	0.149291622	-0.011184560	-0.006168462
27	0.149291622	-0.011387090	-0.006046891
28	0.149291622	-0.011491864	-0.005915608
29	0.149291622	-0.011509692	-0.005816031
30	0.149291622	-0.011505905	-0.005782239
31	0.149291622	-0.011497703	-0.005748664
32	0.149291622	-0.011453076	-0.005655482
33	0.149291622	-0.011339715	-0.005526213
34	0.149291622	-0.011146091	-0.005383853
35	0.149291622	-0.010872702	-0.005242040
36	0.149291622	-0.010521873	-0.005110510
37	0.149291622	-0.010096162	-0.004998362
38	0.149291622	-0.009598636	-0.004914780
39	0.149291622	-0.009033312	-0.004867717
40	0.149291622	-0.008404922	-0.004863023
41	0.149291622	-0.007718374	-0.004902867
42	0.149291622	-0.006977919	-0.004984941
43	0.149291622	-0.006186415	-0.005101849
44	0.149291622	-0.005345691	-0.005244970
45	0.149291622	-0.004458274	-0.005412197
46	0.149291622	-0.003526987	-0.005602856
47	0.149291622	-0.002554674	-0.005815910
48	0.149291622	-0.001544270	-0.006050330
49	0.149291622	-0.000498772	-0.006304951
50	0.149291622	0.000578769	-0.006578484
51	0.149291622	0.001685239	-0.006869559
52	0.149291622	0.002817470	-0.007176729
53	0.149291622	0.003972213	-0.007498589
54	0.149291622	0.005145003	-0.007839932
55	0.149291622	0.006333520	-0.008193588
56	0.149291622	0.007533290	-0.008563735
57	0.149291622	0.008739975	-0.008953455
58	0.149291622	0.009948722	-0.009368356
59	0.149291622	0.011138214	-0.009813598
1	0.149949189	0.010449331	-0.009952638
2	0.149949189	0.009239381	-0.009907816
3	0.149949189	0.008038388	-0.009830207
4	0.149949189	0.006848126	-0.009729965
5	0.149949189	0.005670879	-0.009614285
6	0.149949189	0.004509361	-0.009487773
7	0.149949189	0.003365967	-0.009356491
8	0.149949189	0.002245324	-0.009214050
9	0.149949189	0.001149590	-0.009067184
10	0.149949189	0.000082088	-0.008915930
11	0.149949189	-0.000953918	-0.008760276
12	0.149949189	-0.001955231	-0.008600194
13	0.149949189	-0.002918750	-0.008435751
14	0.149949189	-0.003841470	-0.008267108
15	0.149949189	-0.004720489	-0.008094487
16	0.149949189	-0.005553020	-0.007918241
17	0.149949189	-0.006336403	-0.007738844
18	0.149949189	-0.007068252	-0.007557487
19	0.149949189	-0.007747660	-0.007380412
20	0.149949189	-0.008374433	-0.007215296
21	0.149949189	-0.008947647	-0.007066115
22	0.149949189	-0.009465666	-0.006933512
23	0.149949189	-0.009926411	-0.006815712
24	0.149949189	-0.010327291	-0.006708342
25	0.149949189	-0.010665238	-0.006605623
26	0.149949189	-0.010935660	-0.006500063
27	0.149949189	-0.011129651	-0.006383690
28	0.149949189	-0.011229952	-0.006257931
29	0.149949189	-0.011247046	-0.006162566
30	0.149949189	-0.011243446	-0.006130201
31	0.149949189	-0.011235633	-0.006098029
32	0.149949189	-0.011193049	-0.006008693
33	0.149949189	-0.011084739	-0.005884627
34	0.149949189	-0.010899595	-0.005747824
35	0.149949189	-0.010638055	-0.005611344
36	0.149949189	-0.010302327	-0.005484496
37	0.149949189	-0.009894837	-0.005375979
38	0.149949189	-0.009418497	-0.005294570
39	0.149949189	-0.008877121	-0.005247893
40	0.149949189	-0.008275217	-0.005241595
41	0.149949189	-0.007617479	-0.005277822
42	0.149949189	-0.006907998	-0.005354461
43	0.149949189	-0.006149558	-0.005464544
44	0.149949189	-0.005343925	-0.005599727
45	0.149949189	-0.004493515	-0.005757908
46	0.149949189	-0.003601032	-0.005938450
47	0.149949189	-0.002669203	-0.006140361
48	0.149949189	-0.001700844	-0.006362668
49	0.149949189	-0.000698830	-0.006604269
50	0.149949189	0.000333912	-0.006863939
51	0.149949189	0.001394399	-0.007140367
52	0.149949189	0.002479590	-0.007432178
53	0.149949189	0.003586372	-0.007738028
54	0.149949189	0.004710372	-0.008063065
55	0.149949189	0.005849458	-0.008399885
56	0.149949189	0.006999259	-0.008752983
57	0.149949189	0.008155558	-0.009125684
58	0.149949189	0.009313605	-0.009523947
59	0.149949189	0.010449331	-0.009952638
1	0.150510046	0.009801909	-0.010076477
2	0.150510046	0.008640829	-0.010040594
3	0.150510046	0.007488783	-0.009970730
4	0.150510046	0.006347297	-0.009877593
5	0.150510046	0.005218452	-0.009768699
6	0.150510046	0.004104779	-0.009648859
7	0.150510046	0.003008478	-0.009524428
8	0.150510046	0.001934099	-0.009388636
9	0.150510046	0.000883595	-0.009248580
10	0.150510046	-0.000139847	-0.009104287
11	0.150510046	-0.001133096	-0.008955743
12	0.150510046	-0.002093089	-0.008802922
13	0.150510046	-0.003016852	-0.008645887
14	0.150510046	-0.003901506	-0.008484790
15	0.150510046	-0.004744266	-0.008319849
16	0.150510046	-0.005542464	-0.008151397
17	0.150510046	-0.006293546	-0.007979888
18	0.150510046	-0.006995236	-0.007806496
19	0.150510046	-0.007646679	-0.007637291
20	0.150510046	-0.008247678	-0.007479590
21	0.150510046	-0.008797325	-0.007337141
22	0.150510046	-0.009294042	-0.007210524
23	0.150510046	-0.009735833	-0.007098012
24	0.150510046	-0.010120212	-0.006995392
25	0.150510046	-0.010444240	-0.006897125
26	0.150510046	-0.010703510	-0.006796024
27	0.150510046	-0.010889460	-0.006684443
28	0.150510046	-0.010985542	-0.006563833
29	0.150510046	-0.011001935	-0.006472410
30	0.150510046	-0.010998500	-0.006441382
31	0.150510046	-0.010991041	-0.006410533
32	0.150510046	-0.010950355	-0.006324821
33	0.150510046	-0.010846738	-0.006205690
34	0.150510046	-0.010669510	-0.006074180
35	0.150510046	-0.010419052	-0.005942815
36	0.150510046	-0.010097465	-0.005820500
37	0.150510046	-0.009707056	-0.005715558
38	0.150510046	-0.009250593	-0.005636386
39	0.150510046	-0.008731705	-0.005590296
40	0.150510046	-0.008154691	-0.005582741
41	0.150510046	-0.007524045	-0.005615831
42	0.150510046	-0.006843702	-0.005687626
43	0.150510046	-0.006116370	-0.005791546
44	0.150510046	-0.005343757	-0.005919517
45	0.150510046	-0.004528171	-0.006069453
46	0.150510046	-0.003672208	-0.006240751
47	0.150510046	-0.002778484	-0.006432461
48	0.150510046	-0.001849701	-0.006643660
49	0.150510046	-0.000888619	-0.006873307
50	0.150510046	0.000101953	-0.007120232
51	0.150510046	0.001119151	-0.007383183
52	0.150510046	0.002160058	-0.007660850
53	0.150510046	0.003221688	-0.007951947
54	0.150510046	0.004299738	-0.008262026
55	0.150510046	0.005392268	-0.008583398
56	0.150510046	0.006494991	-0.008920917
57	0.150510046	0.007603792	-0.009278184
58	0.150510046	0.008714004	-0.009661563
59	0.150510046	0.009801909	-0.010076477
1	0.150971978	0.009226924	-0.010182481
2	0.150971978	0.008109082	-0.010154565
3	0.150971978	0.007000388	-0.010091397
4	0.150971978	0.005902123	-0.010004322
5	0.150971978	0.004816180	-0.009901169
6	0.150971978	0.003744921	-0.009786949
7	0.150971978	0.002690371	-0.009668301
8	0.150971978	0.001657013	-0.009538091
9	0.150971978	0.000646618	-0.009403764
10	0.150971978	-0.000337748	-0.009265340
11	0.150971978	-0.001293075	-0.009122801
12	0.150971978	-0.002216418	-0.008976125
13	0.150971978	-0.003104914	-0.008825369
14	0.150971978	-0.003955794	-0.008670682
15	0.150971978	-0.004766382	-0.008512274
16	0.150971978	-0.005534109	-0.008350465
17	0.150971978	-0.006256519	-0.008185693
18	0.150971978	-0.006931430	-0.008019117
19	0.150971978	-0.007558042	-0.007856655
20	0.150971978	-0.008136150	-0.007705304
21	0.150971978	-0.008664866	-0.007568617
22	0.150971978	-0.009142665	-0.007447115
23	0.150971978	-0.009567622	-0.007339121
24	0.150971978	-0.009937343	-0.007240563
25	0.150971978	-0.010249004	-0.007146120
26	0.150971978	-0.010498360	-0.007048877
27	0.150971978	-0.010677155	-0.006941488
28	0.150971978	-0.010769485	-0.006825425
29	0.150971978	-0.010785258	-0.006737494
30	0.150971978	-0.010781976	-0.006707650
31	0.150971978	-0.010774836	-0.006677974
32	0.150971978	-0.010735826	-0.006595485
33	0.150971978	-0.010636372	-0.006480743
34	0.150971978	-0.010466158	-0.006353958
35	0.150971978	-0.010225520	-0.006227176
36	0.150971978	-0.009916468	-0.006108951
37	0.150971978	-0.009541204	-0.006007276
38	0.150971978	-0.009102374	-0.005930214
39	0.150971978	-0.008603445	-0.005884801
40	0.150971978	-0.008048534	-0.005876309
41	0.150971978	-0.007441959	-0.005906813
42	0.150971978	-0.006787517	-0.005974510
43	0.150971978	-0.006087841	-0.006073150
44	0.150971978	-0.005344584	-0.006194910
45	0.150971978	-0.004559964	-0.006337729
46	0.150971978	-0.003736478	-0.006501030
47	0.150971978	-0.002876643	-0.006683902
48	0.150971978	-0.001983059	-0.006885465
49	0.150971978	-0.001058384	-0.007104727
50	0.150971978	-0.000105324	-0.007340571
51	0.150971978	0.000873368	-0.007591794
52	0.150971978	0.001874882	-0.007857144
53	0.150971978	0.002896344	-0.008135385
54	0.150971978	0.003933511	-0.008432448
55	0.150971978	0.004984617	-0.008740371
56	0.150971978	0.006045446	-0.009064348
57	0.150971978	0.007111968	-0.009408234
58	0.150971978	0.008179586	-0.009778782
59	0.150971978	0.009226924	-0.010182481
1	0.151333163	0.008751186	-0.010267942
2	0.151333163	0.007669069	-0.010246405
3	0.151333163	0.006596200	-0.010188569
4	0.151333163	0.005533652	-0.010106316
5	0.151333163	0.004483161	-0.010007734
6	0.151333163	0.003446954	-0.009897993
7	0.151333163	0.002426908	-0.009783962
8	0.151333163	0.001427454	-0.009658211
9	0.151333163	0.000450209	-0.009528466
10	0.151333163	-0.000501861	-0.009394742
11	0.151333163	-0.001425844	-0.009257020
12	0.151333163	-0.002318891	-0.009115276
13	0.151333163	-0.003178232	-0.008969565
14	0.151333163	-0.004001191	-0.008820034
15	0.151333163	-0.004785178	-0.008666887
16	0.151333163	-0.005527708	-0.008510433
17	0.151333163	-0.006226407	-0.008351097
18	0.151333163	-0.006879170	-0.008190028
19	0.151333163	-0.007485239	-0.008033016
20	0.151333163	-0.008044409	-0.007886796
21	0.151333163	-0.008555809	-0.007754761
22	0.151333163	-0.009017956	-0.007637386
23	0.151333163	-0.009428986	-0.007533035
24	0.151333163	-0.009786580	-0.007437755
25	0.151333163	-0.010088007	-0.007346406
26	0.151333163	-0.010329154	-0.007252301
27	0.151333163	-0.010502023	-0.007148348
28	0.151333163	-0.010591247	-0.007036035
29	0.151333163	-0.010606510	-0.006950990
30	0.151333163	-0.010603362	-0.006922122
31	0.151333163	-0.010596488	-0.006893415
32	0.151333163	-0.010558858	-0.006813597
33	0.151333163	-0.010462849	-0.006702485
34	0.151333163	-0.010298424	-0.006579624
35	0.151333163	-0.010065897	-0.006456660
36	0.151333163	-0.009767199	-0.006341858
37	0.151333163	-0.009404450	-0.006242945
38	0.151333163	-0.008980192	-0.006167708
39	0.151333163	-0.008497765	-0.006122955
40	0.151333163	-0.007961139	-0.006113808
41	0.151333163	-0.007374484	-0.006142304
42	0.151333163	-0.006741483	-0.006206746
43	0.151333163	-0.006064703	-0.006301149
44	0.151333163	-0.005345753	-0.006417903
45	0.151333163	-0.004586775	-0.006554974
46	0.151333163	-0.003790184	-0.006711807
47	0.151333163	-0.002958415	-0.006887522
48	0.151333163	-0.002093986	-0.007081272
49	0.151333163	-0.001199468	-0.007292108
50	0.151333163	-0.000277480	-0.007518954
51	0.151333163	0.000669314	-0.007760646
52	0.151333163	0.001638194	-0.008015978
53	0.151333163	0.002626380	-0.008283760
54	0.151333163	0.003629679	-0.008570221
55	0.151333163	0.004646468	-0.008867188
56	0.151333163	0.005672589	-0.009180120
57	0.151333163	0.006704087	-0.009513083
58	0.151333163	0.007736418	-0.009873136
59	0.151333163	0.008751186	-0.010267942
1	0.151592175	0.008396061	-0.010330592
2	0.151592175	0.007340617	-0.010313567
3	0.151592175	0.006294483	-0.010259541
4	0.151592175	0.005258583	-0.010180764
5	0.151592175	0.004234540	-0.010085494
6	0.151592175	0.003224480	-0.009979014
7	0.151592175	0.002230172	-0.009868348
8	0.151592175	0.001256006	-0.009745862
9	0.151592175	0.000303487	-0.009619476
10	0.151592175	-0.000624493	-0.009489200
11	0.151592175	-0.001525096	-0.009355013
12	0.151592175	-0.002395543	-0.009216892
13	0.151592175	-0.003233136	-0.009074890
14	0.151592175	-0.004035265	-0.008929151
15	0.151592175	-0.004799407	-0.008779876
16	0.151592175	-0.005523139	-0.008627365
17	0.151592175	-0.006204146	-0.008472035
18	0.151592175	-0.006840381	-0.008315027
19	0.151592175	-0.007431121	-0.008162031
20	0.151592175	-0.007976157	-0.008019590
21	0.151592175	-0.008474634	-0.007890979
22	0.151592175	-0.008925100	-0.007776642
23	0.151592175	-0.009325736	-0.007674971
24	0.151592175	-0.009674279	-0.007582105
25	0.151592175	-0.009968067	-0.007493039
26	0.151592175	-0.010203087	-0.007401258
27	0.151592175	-0.010371533	-0.007299858
28	0.151592175	-0.010458440	-0.007190341
29	0.151592175	-0.010473322	-0.007107446
30	0.151592175	-0.010470274	-0.007079307
31	0.151592175	-0.010463594	-0.007051324
32	0.151592175	-0.010427004	-0.006973493
33	0.151592175	-0.010333549	-0.006865104
34	0.151592175	-0.010173438	-0.006745181
35	0.151592175	-0.009946953	-0.006625083
36	0.151592175	-0.009655972	-0.006512864
37	0.151592175	-0.009302551	-0.006416048
38	0.151592175	-0.008889159	-0.006342220
39	0.151592175	-0.008419042	-0.006298019
40	0.151592175	-0.007896059	-0.006288450
41	0.151592175	-0.007324273	-0.006315522
42	0.151592175	-0.006707281	-0.006377614
43	0.151592175	-0.006047597	-0.006468930
44	0.151592175	-0.005346798	-0.006582025
45	0.151592175	-0.004606970	-0.006714888
46	0.151592175	-0.003830466	-0.006866979
47	0.151592175	-0.003019660	-0.007037442
48	0.151592175	-0.002177007	-0.007225456
49	0.151592175	-0.001305016	-0.007430099
50	0.151592175	-0.000406239	-0.007650327
51	0.151592175	0.000516726	-0.007885007
52	0.151592175	0.001461227	-0.008132966
53	0.151592175	0.002424554	-0.008393045
54	0.151592175	0.003402553	-0.008671681
55	0.151592175	0.004393707	-0.008960556
56	0.151592175	0.005393904	-0.009265316
57	0.151592175	0.006399244	-0.009590167
58	0.151592175	0.007405230	-0.009942380
59	0.151592175	0.008396061	-0.010330592
1	0.151800000	0.008102806	-0.010381650
2	0.151800000	0.007069409	-0.010368128
3	0.151800000	0.006045357	-0.010317114
4	0.151800000	0.005031460	-0.010241117
5	0.151800000	0.004029250	-0.010148521
6	0.151800000	0.003040773	-0.010044688
7	0.151800000	0.002067709	-0.009936756
8	0.151800000	0.001114414	-0.009816941
9	0.151800000	0.000182302	-0.009693303
10	0.151800000	-0.000725796	-0.009565849
11	0.151800000	-0.001607101	-0.009434558
12	0.151800000	-0.002458896	-0.009299406
13	0.151800000	-0.003278540	-0.009160445
14	0.151800000	-0.004063477	-0.009017816
15	0.151800000	-0.004811239	-0.008871718
16	0.151800000	-0.005519455	-0.008722444
17	0.151800000	-0.006185859	-0.008570404
18	0.151800000	-0.006808453	-0.008416730
19	0.151800000	-0.007386537	-0.008267032
20	0.151800000	-0.007919906	-0.008127691
21	0.151800000	-0.008407714	-0.008001887
22	0.151800000	-0.008848537	-0.007890040
23	0.151800000	-0.009240592	-0.007790567
24	0.151800000	-0.009581663	-0.007699682
25	0.151800000	-0.009869146	-0.007612492
26	0.151800000	-0.010099107	-0.007522624
27	0.151800000	-0.010263902	-0.007423330
28	0.151800000	-0.010348898	-0.007316120
29	0.151800000	-0.010363466	-0.007235001
30	0.151800000	-0.010360498	-0.007207463
31	0.151800000	-0.010353980	-0.007180078
32	0.151800000	-0.010318237	-0.007103892
33	0.151800000	-0.010226888	-0.006997752
34	0.151800000	-0.010070330	-0.006880265
35	0.151800000	-0.009848825	-0.006762550
36	0.151800000	-0.009564206	-0.006652483
37	0.151800000	-0.009218478	-0.006557424
38	0.151800000	-0.008814050	-0.006484792
39	0.151800000	-0.008354091	-0.006441085
40	0.151800000	-0.007842370	-0.006431212
41	0.151800000	-0.007282861	-0.006457156
42	0.151800000	-0.006679087	-0.006517356
43	0.151800000	-0.006033523	-0.006606172
44	0.151800000	-0.005347715	-0.006716297
45	0.151800000	-0.004623703	-0.006845737
46	0.151800000	-0.003863791	-0.006993969
47	0.151800000	-0.003070302	-0.007160154
48	0.151800000	-0.002245638	-0.007343492
49	0.151800000	-0.001392256	-0.007543084
50	0.151800000	-0.000512654	-0.007757912
51	0.151800000	0.000390625	-0.007986867
52	0.151800000	0.001314985	-0.008228805
53	0.151800000	0.002257774	-0.008482591
54	0.151800000	0.003214874	-0.008754815
55	0.151800000	0.004184851	-0.009037060
56	0.151800000	0.005163635	-0.009335105
57	0.151800000	0.006147374	-0.009653262
58	0.151800000	0.007131612	-0.009998957
59	0.151800000	0.008102806	-0.010381650
